beatmap_id,checksum,beatmapset_id
222593,425e8fc376f35e65ac2153264aad8b3a,79839
259067,5042473cab65a00c101402c7fdbb74f4,92190
275386,ab161d51c51ff4eadc7062fb71e64308,92190
298913,d5d0044b02c38489a9c50e739bb93c6c,115746
328280,934a24e38ca463be6a915e453e6f1ec0,115746
328602,c6acff6e89da67ce0cf0ce68ac53e9f9,115746
350277,d032ecbd04fcf1ef3d0b26104e0487c1,140189
350281,1e8fd878a696e51f4c7956fff0402aa0,140189
374464,f16aafbd23d5db3777376a4eeaa69ca2,152065
378374,3b96026bf709569b50c04a9566acce6a,152065
379187,22cad5826108453504682fd274807858,152065
417571,c3db8d25b164b226b8583d3941d772fd,161707
417576,c10fed1e19aec75ae48c8c60326c9b9a,161707
417585,fdd61678eb60449bc4e08840da929c0a,161707
417649,58df4ee2a58695d63a26cca9487cee3d,161707
443034,656548503a29fe2282e00b80c74e7d1e,179779
450928,49beb23315859cbf93d264dce277d80a,189224
463279,6ea33e3e9893b768b6bf73458aab9e1f,195210
464923,9bb9669e25923224ef42a815e74863d3,195210
464929,b3ea9f783ac2a76c92db61ab8a8f1a69,195210
464994,d253cf879cde9a43f92469255b79a0bd,195210
469935,d3466556193e07197b9f455617e7f680,183949
470997,01d03475d4f9ba081ffd4c13abafe19e,161707
471698,45314476d8d795ac013ff9c49776712e,183949
475479,49da65e58b4e2beb8c8e5bf0e782f487,140189
476979,3ef85dbd705fd06e5105c1941d5b52c2,195210
480466,85bccb41e9b3b6205e682514d5bc7508,203250
480467,ad6fa65a69aa74195fb108fe9d1e0ed7,203250
480468,dde55d9a2bc79cacf91c41792dab3554,203250
481231,067f5dc9105f0a88a0d8bf3c518b4459,159581
484499,a495c724b87bf3a9ce460bf0648b9f4c,205220
486889,ef737e581f18b26ce5bbf9bcfb83f122,206487
487516,e1bf99272963d8ca15bc58ca61ba5f93,206487
494447,dc913f267718f31ae842630f4d012bb9,206487
494448,f92e1d7ab7c1b26a295f497c9a99a8b5,206487
512834,0cb8f7fb32613f789d749fe0609694d2,183949
515648,d7fef29db0c86d45ee1f326cb661b36b,183949
521826,79632033d1c11cfca3df08a5dab0ca2a,223370
521827,1c928badea27b4493e8651dd244a7b98,223370
525622,9236b05a84c513a72a26e1a60b18fd1a,223370
527730,f1c2e92fb3a70b7724b28656cbfcc03b,223370
542756,a813af833e9f04e2a55526fcaeb6e40c,233932
543232,71550d14bf61e1c512abae1c67cec056,233932
544687,708c074e79cfbf1371880ee71ee1b4db,233932
544884,487ecdd4b3d9e345e07febd227f48cee,233932
545784,0a5b71ac60e01616dfab94b311db1e55,235475
545785,98f2dc20df0cc9033f1c1ea425b473ac,235475
545786,01932382b1ba59b45674f45527cc6299,235475
546497,d765ab7a4f673dbf497a598a6a9d3268,235827
546498,d484fec3401de317c9fbcf6ab0d7f257,235827
546499,076d3ae5583bdbaa07759ed7ed479a8c,235827
546500,f4ef644aa10731815ef96dfc9d8fbda2,233932
547251,0c412b2172590d35d7ee58a904c73345,223370
547801,91f9c0359539b5e1f2d6b340a4795164,235827
548249,227a5d46b23bf837d9f0f8272abf273d,235827
549702,3bf0dc74f67afc019175255e940c0e51,237512
550388,b7c994d2ff52b47b51155bfdc7ecb172,237512
553614,c3d21c279fa32a93d17628972b61ff01,239471
553615,f0ee073d2eb806f73ed86824ca3c58e4,239471
553616,7ab7bd8e258dde502b0afc3241fa0c22,239471
553617,f0c7a65742e99eae914acc87c6df25db,239471
553622,de08e4fc8e0339ad6fbbea2e015c1f9f,239471
553623,e1053831036e0b89cdff3fb3e6fc3c14,239471
554655,a8b2d60051a0ebeafb584c0979179ec0,239943
557226,5fdc6f266091219ddf4b7dfc20a7a4d8,237512
558723,1aa4c71dcff6ea9287e1b5470c17e70b,237512
559657,6f9bc6a207564c7e0041c0168a97f4d7,235475
559923,10e1938ed32dd793e39b2d5e9b27bdf2,235475
573731,e0a327f56aec40be712b5bf62902e087,249553
574797,b86788e9e4300cdcd66b4de409dce605,249553
575375,9ac5a9d61cd70a7027d425e827f460e1,249553
591999,d16a4b33ef08a53f27ff95134cc02b67,223370
596641,f56b1fdb24fab72389143f9d81ca5b48,235475
600279,29adcfc154cb2e6e2d29b997f9f57ac9,235475
600281,1dd0f7e047953a518f00ca3324c57f47,235475
600283,6d61ad2bd6c4125e2d8beeb15db58d6d,235475
600285,58a168c450ae511cca04a413dc9a783e,235475
600287,6b82b84ec258e985992b21008343aa2b,235475
600291,65b9540e7eccaf02e53c13f717c2b269,235475
603255,48687e01ff0f9e600338faf98f23519f,264677
608145,0039059db0773b6fd25b1607a88d35cc,267041
610907,ba640fe9930417006255357aa8676bf7,267041
617277,b8275a57e4689b38632721bb21693ce7,271493
617279,b4470eddfae2ad67a610950831207b1e,271493
624725,d77021f878e45ffda8ad23951df0bdb2,271493
633331,6af8589a4987f9481ac8e8fb071347ea,277125
644569,ffec9f145c3e580710ea3ea72143cd9c,267041
646861,dcb1b08f5dfd67ca512028f697cf7c28,237512
651422,c1b18aac34c214c321e28dced49457f1,237512
652970,48b9607116406c0039fcdb0c50e38ec5,237512
655548,015fbbf6014726722f3d77935c7497cb,237512
655830,f4f71a8e392159ab90a9677872f1c188,237512
656901,b6f8d2ab40346a7c1096e3f826e25aeb,291778
658854,b4c51f1ab49a7fd48968df5fb081244f,237512
659063,4783d1f2e5406c8b6148326b36da372a,267041
670606,a21cfeef609d2ee082886874746d86ef,271493
678855,400beef2707c84b9063e1078a21684f4,302911
681966,016cbb6cbe3a8349b2ad62cb54182b31,223370
691783,4fc22de66d10716a5f10b66f69608fdb,267041
692198,856754d3d76fbd87fa09801bc03538b2,309653
693148,215d3d3745e7ae18628833b936b96a3f,309653
695739,71a2543b8e41698c9112a7703622c269,309653
695808,d9bf69081e6a1ed24f129a66e859e197,267041
697605,b646115d5f05fbc6f4e1400c48847551,312514
704111,14980f027edcb0d05db11ea6fd80d43d,309653
704138,b2098e8668c1b5b10c854ffd0d904b1d,309653
716700,daa109b63b70e68fe533fd501ecad89c,322331
716926,5d6a4aaedf3fbf59c236750fd5ce4f45,312514
718163,513d60b8286835ee7fbdbe8d1ad6e955,312514
718343,9a0d61bb66f01036d94db0e2374133f6,318036
718551,5ec746007050bd656a50cd2d3b7fbd15,312514
726562,2f106e64f6d29ccb0a53ae5a2eb38649,322331
727829,6f5c4d51b4783203460087ff670f0997,328084
732355,1c0511db5b8b9ca39b39d315048a74e8,330438
741898,8bb7b8a8cee1613295ee625073ac03b5,330438
743282,04a934042b4a4700c7788b5cc47d52b2,335798
756509,d3e5447b35365c9eb7741a1f8eda1c9d,239471
756652,65d9f7ce641f81d69706d05bf2db7fcf,335798
756653,bc350063976fa18e0ebb7dc0895131b7,335798
756880,bd9523eda2719ed7e83c63a4f80c5033,342407
765043,2c9708e0da7a6e5eda2292c9e228b866,342407
768179,55522decafbbc8761738126e304140be,342407
768180,e85e275637a9921c9b46c81a8e2d7303,342407
771386,9a3784445828ad9be1367cada64d7103,252901
776163,81ac4e88fd8f3b656f0907d50a0f1502,352201
776884,0d987e952c62940923bd4959fbb2d7a9,239801
777351,46e23e85c8fb9e4c87c09eb46997ff7d,352755
777706,428accb84d9e107675792cc60ede5a99,352950
781930,157148863cb4d0c4fa567eaf127173d5,355103
787944,623f2d650ccffd0e9396968205374806,358342
790563,9de467257f10f6732bdd99dada8c075b,359554
792231,affa695b0c8d3d7df09e0ac2005c5383,312902
792248,632124354d102e10f4e7100cc29c2817,312902
794991,7ab5606888c09c45d440b8895be45f0e,312902
795868,2af20832ef086c604eefbe2aedf23b77,318036
797551,94f4463debf4cb5083122c4fc227bc15,312902
797620,89b7de0c87ef2b6148498c436a4b0b1b,318036
802982,2dd463b3339a1184817f7e8b7c4748d4,330438
804930,a52c4df07c6f16624aa576fa6bd6c3e3,359554
806259,e7940352d03cea1966dd3e3e28030713,318036
808998,da351ceab6517254cb0906c5588a82bc,369069
812594,8301815f355c120afdb8fdef856f2347,312902
823102,34cd00342657d576bde5130551b231ae,332673
823120,8a0956d2d6f7ef66baeecb29cb8eb588,332673
823799,d258b057665e211cee163040abd17431,376267
824916,2ca2afba0d039b40d96adef0e1799bb9,376832
824917,9634c18bc2d9c3e75c326539c26730b4,376832
872945,9e200976c6744a13c730efe5c6f9e38b,401088
872946,145f24c339667cbf3cdbfeb62b4748dd,401088
872965,b91b61e55058d30ee66100c664534e40,401088
877470,a292b3a0e9a2853dea924aa06d10abf7,403526
885337,ff70da745ce7eb2e2d6b70c28e613811,401088
892596,29431b1aeb721862ad9304401d3a2221,411341
897408,6faf2fea926d65366ed6479f8afb961d,413901
901152,f29a954585a1e9e458404853c4b82779,415946
915151,4154273c8cf4b2e43f04e807c518a617,312514
916684,4e311a417ee4f70ea5df889dd6de9bad,401088
917322,71167ea0907261b98be4a779a3f10891,419012
918836,786b2429dc93300449ec0ce2c65fe059,425430
918837,48b79c85e717ac19daa22820700d9edd,425430
918838,38cd411a2fef6c91197d2e8df9a144c2,425430
918839,13e9927cdef2428d099722dd8b7b23a4,425430
918840,0289fb3e5ead9a8b9c8df4d791ab8ad6,425430
918841,417b7f23bcab6239524b2d899a393216,425430
924286,dd7b944d186d92abe494e975338816b1,428234
927187,064d3cc0bc21992b6993cca8f4da8cd9,429742
937985,290da92892ee745c2651fdfa3b316d36,435387
937986,2833742ac8b35e88e6b0c9eaf4bd78da,435387
937987,7c7db53a521c3570fedf5921bc3f4b42,435387
937989,a16bb8abfb99b1223dffb279e835ecf0,435387
937990,92838d1c1877796b3ce0eb607617fd88,435387
937991,2267b775a1dcf3a297e0004141528dfd,435387
937992,2fc5d789d1766ea4224ac0572fb00fe9,435387
937993,dfc0ef19ed61c6ebe022bc7f84fe756d,435387
937994,c028887a96b515905618e3f47a924a3e,435387
937995,fc3504dbe61f29fab9aec9242491ebe4,435387
937996,973b7c10857c68838c0c3d7e9087787e,435387
937997,ea661c9e58c136fcd111c5d0aaab1df0,435387
937999,60a2bbcafa6dda56f705ff0310069a93,435387
938000,6226c2aabd0c5669975e53c791d0e0ba,435387
938001,b0f61c012bfb627c64dd825f8082f416,435387
938009,88d6ee142f68d4569aa40bdc6e3c0589,435387
939950,dd36840a4e76a101aa316651952d32d8,435387
945393,2e66495d36fbb8fbccf4bfb92030ba9e,419012
950875,9cf616b0f3e6ab9796d5d5c50121464e,442140
954116,a3c505cbe1439524de5ba63b03fc04a8,444098
958717,0bb8a9b98be8f50bd2338f4c84643c31,435015
967907,48c218ec2bcdb873b32e26eee5fa81b4,451183
967908,5e9cd817870ac76cd52166a8fe7f1742,451183
967909,8d8208e70048bd6283ccbce1ca1860dc,451183
967910,9f8cdd42605ca05b84ac1d59791e8caf,451183
970464,05945151bc666fad79bc330c74b6ce3c,452446
973452,e7c01635f53cb69054a88ddb9c37a3d4,453985
977744,53df836e9fc3915a4e89234101a3f672,453985
984417,00f668897ff2a5675ba623a296c10b1c,459516
992385,39bc3d1781461341876401ce0b891fae,433950
994291,6af3fb778d3ee298928486c3d37b4729,464358
994309,0ff9c2ebc83edc944ac410d7fce6ea74,464358
1007800,4d7cf2e74f572bfa9ff7df42ca8cc839,471503
1007801,b39da61ed7e9913cced53e783d8461a2,471503
1010785,184c59c2559ccb86fdf6e73b391195e9,419012
1013110,cbfd01d83263eeaf8705d6288f679749,474257
1013111,6816178f993b53abf648f481f7c8e77a,474257
1014317,63156a5f87d1bead9490852cb83b8eeb,474257
1015327,95816334052bcb7cced399419f78c641,474257
1023020,24e895656652b99bfe7ad15e44a9ac87,474257
1025070,eca6c0ad238b68264822b48a3b7a4681,480116
1025071,1f96729586b32ce4ce58d8627ebd13be,480116
1026618,8310a14b4a0bee68e8d2738f4084a3ad,435015
1026633,960b0cbb993ddadf690fb7a521ae482c,435015
1026952,d28182871c5f9029fb9cb6f8a28ac594,435015
1027033,061009fac409cb664c6f81637ee9dbcc,435015
1029875,4492d86baa550acc758b3f73b7dcf6a2,435015
1032495,1342e198554bc3b00812a18475db0cee,435015
1041065,cc76079c285549d90244529922bf9d9f,457392
1044345,03e8f838ab6c4f34ec904ad75d6b1ce1,489902
1044346,026f8d4d0365ecfb8e042a2042dea155,489902
1044347,4346c0d3b91260a174f8cd137063acdd,489902
1044348,a1040424bfeae76b3fd2027bf51707f5,489902
1044349,4be322a648cbaec99982ded1e094f919,489902
1044350,64d54f6567f2458722b2b03d60e916a4,489902
1044351,d746934d63592884a87bceca6502b8f4,489902
1044352,b05be4155695439323fc81b5aa6a4df4,489902
1044353,74f406e66b9d51e5b429e99c36ccc256,489902
1044354,90494be9eee045d434b67965701378a6,489902
1044355,127109edc7033c13d19f302e81a4e60c,489902
1044356,0ea3e6ca09a342d1ce54dad9b4fabc7d,489902
1045287,3365f209558854c92ccc05bd4dfc912e,490402
1048210,a4f4c3302b0695beefebfce620d14d1d,492000
1050648,74249ceef6310326dbef27b843686661,493316
1051474,56cdc6fb073ce62518959c2aed5a008e,342407
1051475,4cd5c30aebd0dfc92fee895664a7fcd6,342407
1051476,60c6d8fe9d4c39ae53f1a167e4fa7033,342407
1051627,8dcc87c2f37282da3856c0da6efea472,493316
1052548,fdbef2575d7f6df4b606abed847c6063,494325
1053617,3737baf901d799cf806c53e3368c79ab,480116
1055344,f334da10f654e37ad69597fb3f3a26d9,493316
1055345,7e69811f788ff953a2910e90193599bf,493316
1055359,c2f65b3df8c66f7318799e3512bd1577,271493
1058228,5fcd9726a7c5c28932a8a430d37cbcd5,342407
1059365,9296e816784af81435a51f59904c99f6,497750
1061348,12cd0dca6a3815b8d710a50e7dd5e0c3,457392
1068787,8f2b758c7c94248ef249617d52480be3,502203
1082720,ad69431c067c554da01e6b1c6521b77e,509116
1082721,fdcca231b4c6c6ca6f8839d94e8ff677,509116
1082722,661a26824318736e9c044c2519213951,509116
1082723,bc087991a42cdb3844b8985b66a9e78d,509116
1082724,dd61e334ad83fbaad00759083b1c7b38,509116
1082725,39dcba94c8504901d996d13fa9fdcc71,509116
1082726,1ecb25b28183bd5751892059c73a8216,509116
1082727,5a4030375c672ae72eb3215559445fd8,509116
1082728,27eaffe964a808580ed9f83592c06ba0,509116
1082729,b36f893a359a525fdd26c29170291126,509116
1082730,1c8613007a1fa3975ad516ebcf386762,509116
1082731,dafb2881eabe8a691ccb4d65701b6cb3,509116
1082732,253f4ed53aeb36d7cd0b2e028a7f7944,509116
1082733,96d6e281c6be7e76fb5a2634f44c7ee9,509116
1082734,fec5762aabf23f0493f95474de1ce5dc,509116
1082899,ba917edabe4b6f4fcccd8005206b5643,480116
1082900,d53974cfa4da8b24566a160538acc6b0,480116
1085462,c3a5ede6f8b1ba66b51072d9236815fd,457392
1089481,7c392b1b96f9c57e4a4e1dc48299fde7,512591
1090846,1b748dfcdb8c1f65d44beca71f3a8fb1,480116
1102580,26ea42842546b70129df892f820a8b78,518951
1104277,417596fe08abf0ef8043ac5344fd91eb,519859
1104278,1f7033b1d3afc3ccdcef406a0c0b543e,519859
1105654,a8bffc7ce26e66f176bc8c8a085d710d,520438
1105693,d709d52cfd8135b59ad563832d20205c,520438
1108287,52b94763aa41995cdfa4b7a0469bb03e,521804
1108288,efa873873b49ded5eba6d6286ac05473,521804
1108289,e89565abec22a15bb51f9a5ceb1fada3,521804
1108290,760d6db8c2ab79dade71e707b2105e1c,521804
1113450,135d4655c44e828086090fc7ad7ba4ff,457392
1113809,29ac3062e896c53e1f1a8a33c6978de5,524791
1115337,38721eacba100f4de21c49c01701e127,525533
1115338,b9228840e8fb336d1fc1865831390a87,525533
1115519,47aa5d5efd535143a010da258aa37ece,520438
1115520,207ebdd2ea12fb42de90b53a14f5d1a1,520438
1115521,f6bc5f6a25b55d9a7113d804dcee2307,520438
1115522,4fd87138cc7bf9d2e291ecd9ce305f8d,520438
1115523,5dd4a8e996c0f00051813ae4f534623a,520438
1117230,d345bf706041bfb7abc8055f311a6582,525533
1122649,0f0a982939b91db2114929f1913dac88,520438
1123033,6d22bedc39c97b00b54399f594e73781,480116
1126578,ce16442b0fd6c3842ee9204401c547d6,523735
1129242,ba0308349eb54c26637766a5df08e081,533010
1131026,126849a9014431b5582e4d9737ee90c8,533893
1131536,0d9b2d1dda7c4ec018eb9bc7338b1adf,533893
1138192,f403116ae5dac8a12cadc591b723b20a,531751
1144551,83d071ceccd530357869527a3968b292,539712
1159265,00a34c0724a96b40ec331e3340604a17,547197
1159266,3704a5583cbcf79c93fb8a3d534b7dc6,547197
1159267,870d653c3a340f4e29e2d9edeaf6dbb6,547197
1159268,9c5757bcf263b5277aab3b634b6eafef,547197
1159269,650d749b949931b657380aed315a9e47,547197
1159270,58f936a6281e424ed812893430cee718,547197
1159271,ed9359fed30955f4d4f5bfa20b1aa90a,547197
1159272,ed8591d815cbffedbe93f8ba344118ba,547197
1159273,aec9d21b9200b68e55c45cd86dab1ae1,547197
1159274,32c244e88e8fbebc8e9f46bf006bf0cc,547197
1159275,1c6fa4ed93366e701655aabfcd28c71e,547197
1159276,2f85f46995b30acc9b7fb4ab2d04b504,547197
1159277,47ccd87372adece3e92d72810abb41b3,547197
1159278,862e512ee4e797431c1661b2cfee4a63,547197
1159279,e550862b2c16aab520dd129a74d4d68a,547197
1159280,025808d901ff07158cabbd36d6cd2061,547197
1159281,a401dafc59bcdaf131358a854a9418fd,547197
1159282,32e696a9285e911be2a453213487587c,547197
1159283,8650e2c4a4dc4140108589d5ace27179,547197
1163375,6e912d5ec865db3844ee4bf67416788e,549370
1170730,dcc3ecadad90eec4204917b3972db654,552855
1171749,7bd97195d74ed7428e1fc2576df6c2f5,553390
1171750,7f9b640517ea0907475932cac10fba1f,553390
1171751,23e8d0531bae8a7a5af6271d02e6c77c,553390
1171752,7dd076b2d743d9dc44c9dd237c9722a1,553390
1174765,57d3b1e546204b3086f10b1a39d513c2,330438
1183584,6da3d40dbd2678b4741202a2a9bf35b9,559646
1183585,12664172aec291b5d5e7f08c282c668c,559646
1183754,ff5d5639303ddad5d5dc646786596ccf,559646
1183755,2549f4d52d2790a9a4db678dad14d0e9,559646
1184055,eb17d509cfbdcd51839cd8bc064201d2,559646
1185190,9c53d5877df39cb1beddb19532aac268,560464
1186108,0cd4d8842f7ca100e2904fc1f3f3c69a,560952
1187560,6979a6eb3e72b6718e0b088c564056fd,561722
1187561,11d2d434e5edbd23dcc61bb34106614d,561722
1189209,4fd23b081298e66d1d779d6aadc8c44f,549370
1191293,093c1ceb9ebfffa13e4dc710189fad28,549370
1191985,a71b736344b4a73f70c347cd2fdd73d7,239471
1191986,ac4a2846eac530002e9692b628418ba6,239471
1195041,f3f4937577f5931ffc4f7b4f622e33ef,553359
1196600,93a9563599d5c3d549e66a831f058fde,565774
1196601,db4b0d778bd6d1e6d9da6f7150ea8a44,565774
1196602,01ca0ec708595e7b24b48009fcdf9218,565774
1196603,a664ec9cc491a7788d082d41959f696a,565774
1201654,35f36a8e440efb0c0e88f1d44ae84b10,520438
1214941,8e44daa7898755d092f8a2a51d7115bb,573538
1215562,078f3b99158f196af3f276f2c84b5c56,573842
1218245,bafc05f062213b27c152d372dfba64c2,490411
1218591,88b29d88e2f25df33507bf96e1aeac19,549370
1222764,522438966faedc83340a08e023da7020,577748
1222765,1d465df9ecb0eecb4d794c553612d3fa,577748
1229975,7ae5c4cbf6612b88429afac2eb3f284b,581007
1229976,8ba350ccf3f1e9b66d4c5299aa762b23,581007
1229978,542c427dd59d05a2ab950f95df29d1d9,581007
1230077,712bcc12ca32985794cf6b2e34c83247,581065
1230078,b9df6995a548e9ca533a7d3bd87466b4,581065
1230079,3d373b0e65ad638593ad389bd8411660,581065
1230080,82a3d565f31eafc8bb68e150cf73a639,581065
1230907,7b913dceac6f1b7e02ffe7868e84a846,563569
1242696,a50d53e1c6d650ae0f923bc43978f92b,586848
1242932,9bb036619cd8320f064581cd89a9916f,586954
1243241,2e6139a565c41a3cbf2d83fe67003eb4,587117
1251092,34c36346e33a2804472141dd1df278e5,591171
1252742,1f281d7d7b7f58cccd0c06b9306cca9d,591171
1256060,1723fca668d717d37c99bd223a6a0892,512591
1256062,41b6a92e83c398c1ed021a9712a5a15b,512591
1260592,c5bf2a517ed9364318dd12b244990bac,596105
1274057,b39c01bddc7995b68e9028fafefafa09,596105
1279446,a41bfe012e237b5f58901e4e7c160dfe,605573
1287062,872cff348996bc8ee098cc5e87f3e311,609453
1287086,51a57b391fe6e9e002a43e5926c0607f,609463
1288525,4c14a2668afb29064d6431c51c42096c,563569
1288526,7c69464bc63816b0dc3c2ff2167f812a,563569
1288527,52b9b751bcc80e5efbdc1c64e345d668,563569
1288528,06c0b64570b15342afcd8b9616eca6a1,563569
1288529,53057745327005ad31ae7bdb218ccbad,563569
1289070,f62011cb31e92329f47797d7d58c1f0d,573538
1289071,c1559eca8debc81a43d9d41284530544,573538
1289072,fb547bff6a7df13cdd8d2bacc72d902a,573538
1289073,0c9725d7fdabecd8c3ccce3af67c155a,573538
1289141,493aad35c4a4e63d9595abd6f9527c8e,610054
1289142,3ff8e9b9fb45d8694fb94a83717d2e64,610054
1289143,33419b6546b701c88fbab5ec66e9824d,610054
1289144,0cc4233c1a52ea1e3208fe779f64d8a8,610054
1290341,ad396241a0ccbe985e7ae6a8199e1f54,610054
1290933,6be69a1afc37c29aebaf03073d7b7a28,611552
1298710,8e3f2f12837a08599fd9a4847f9d1f7e,615707
1310538,9271cea7db1de47f077c4fd7402efb20,612184
1312640,78a088b1a2954623fbd6c1cb833948e8,480116
1316677,20eb05dd1d784ada10c129566f439fb6,332673
1319318,abe5fd8aff5947bfdc365fb671ccb306,332673
1319476,10df00dedc305d3600616543f44003eb,332673
1322418,58bfb7fd034e72f949bea3eb92054740,332673
1328567,4a092d036ae02d2dab23696aebd6835d,332673
1328715,50e4991dc00b72e8493ee7cc6a0ffabf,332673
1328823,95cb7bb5ee7937e3e20a7e8c943a167f,332673
1329634,d0ce59b118a2c012fade813f150a99f6,332673
1330311,19265951793b034fa0bba0601a5fed33,332673
1330402,f946b0901ae8576ec72d80ae5b0d0202,628571
1330507,ee9bef832ce724dc29a3b2d46143ba88,332673
1331129,441381c89f2c71e64b16c06f7bb4addb,629994
1331211,7bf1a3d295be28d48cafa572f9d6e3e2,629994
1341515,8e46f559f84af49b01e1a6cc4f57b3a5,631861
1349209,15cfd763c551081f8902e9f3b3fc137d,332673
1354956,5010ec8b8392096fb6e93e575a5837e1,474257
1355919,ac9934afdc0b6df5711409d8ab26c49b,332673
1356904,fcbd0c9ff8169271651de499fe65e058,332673
1357722,8724ed008ce4889fa7589b12552b03c1,640240
1357740,7ca8162d4360c974f161983b3312fa98,640251
1367425,69b5710af4d2b486ce83aee8998b2cf8,645301
1368120,9d504c8139bd9c8e04ecabc21aeb8f6a,639494
1385277,2bc119354ede7d0dba9624c30fa0f9f5,653504
1393331,e72aad4e3a5cf3ca3239f954dc0b7745,657818
1393843,33dd42d0b4f130ccc915123a98f706cf,658081
1395854,afd1edc0e81bf992432ddbe1d1857d80,659039
1400786,856367fdcf94075019a47acc05c67b01,661709
1400792,f019382385089c7a8d3445dad2926245,661715
1403810,a3c98f5fc17ea14ad29c9853c1f6c200,663203
1403811,6cec253b12bbdc671dff0fa5dd58a714,663203
1407293,ecb9dc40621ee5726a45e3d6c7b057bf,664924
1412285,fb6dfb578fc8c9c8ec657e3fc70e92a7,664924
1457149,3ab37843c0a9bf357140fa5834ed433a,688577
1457188,70453ebf72356b6e36d73821ecf7b031,688577
1458226,06297ec96164b06df64429ba0bae4f75,688577
1501225,3cf961d84a753f4771657b4da71d233e,710179
1519367,75dcd7c3e9732f58a6532fdd6e0a41a8,710179
1521584,a5c8bc0febcee102b40697d8d1a6f7a8,710179
1521585,1add76eeae74152f08f6d47b70462c58,710179
1535762,18b8ca7c8fd963ed192aaf999479acc5,727417
1537498,c368132fba6669ea7bb05c02f98fc43d,728227
1537499,c90dee27aaf5fbe37e19c10c7fa36c0a,728227
1538662,db8bd3800e6536c4dde8433e73e1875d,728851
1546411,ff9e245288484a4b0229645f96ed0f9d,732982
1552320,29c4606141661fb71d2c8cbfdcd0e19d,497750
1559658,f34a3d0a121fbb4c4c6b7a47355f3247,609463
1559660,c256f1860717acbc051501538cc6ae23,609463
1561270,7cac798258349d20add95431b321dc28,740015
1561271,280913a5c463d5962546555845acfe79,740015
1561272,b846f819c06797b049d4a00563723f73,740015
1562258,5050f69869284cc189335d7efb90f215,740015
1562259,ef2a6ae2d009d13a5af627429d8b4b91,740015
1562260,56f34c3db288f9913558ae0ba41eb805,740015
1562310,3beca2d1ff452eb83bf801f7ff3f5dbd,740537
1562395,84478c840012c088b17d224f3b042b35,740537
1562398,547a3abdc52f66418216ef8b605f9533,740537
1562399,1333c5ac50e8326a864feb19477d31b4,740537
1562400,ffdf07195590ea8ca48afb30015c53b2,740537
1562401,85a3529a043fadc5e93b2018e9461db9,740537
1567155,f8f63c80f4252f157aca3a7c6ac4700d,743090
1567156,42c6b2756903ee75148dcc67371535dd,743090
1567157,92aa0757c11abf99d0f4b240dca9193e,743090
1567351,cfc6ed0f71550f5440bad2954555b73b,743090
1572974,5d1b4f10e4ca75f5e42b7fac299d2d2c,746298
1577664,775370afe7486a1c7ecbbc25a43ecf99,360838
1584879,43dbd8c76df91317275a6b04ca7804df,360838
1587042,f21e317cc7bac17ad4566971250f6a81,753845
1587867,2a7fd3249eb4456a31f29875c684f07f,753845
1589763,144b9bc6d57d65c684b566ef7acab176,753845
1593245,22d4d273595024485f16361b472d4c07,757340
1593708,a7a5ef921389e0ebf7011ae02b5e6ba5,360838
1607601,cc296d703d368822522c9dcb16a12e87,459516
1607694,b190c3b388e0934f54a3d7f6f5f81c58,459516
1609983,9523a5a7829ab36cfbdfe25df9dc7c05,765772
1612787,6dfbacc41ee89a0c7141897a7a510c97,767294
1613146,075455bce7a18150f1daeeff6e685bd3,767418
1625864,ad679bc4a8bd62a5d1c3cd6fb9af390e,773451
1630017,d80aaad79cb68ce465e756469f662111,775728
1630538,d487f4f84d42729cff967c00f32efd65,658081
1630539,0e9b732562042ea5b7692a64df453316,658081
1630540,2a98377c9acd4985d2ed1ca8e4721b0b,658081
1630595,5be1749da04754f2232ee543f21e39e0,776025
1632981,a20a6755c7821760dad8df190eca8da5,760885
1642858,c8ece0300cf6c5bd612c8daec2631c6a,732982
1653307,ade8e94b58a3c320aa53c2e1138270b8,787750
1653309,6cae343fd143227f9a0321248eae9192,787750
1655987,adc45406cba08ad12805494575aaad7f,789040
1657610,941aed61dbea64d971ae531ccf8cf691,789869
1667748,60668c216bb6483957f00bb7b4122ace,302911
1667749,f762a58e00d69ebb3e628a5aa2313d7a,302911
1679100,e113ac70005d28367c37776471d87087,799781
1680252,bc1638e8426821eca3f53b16fe1209ba,800341
1697074,664f659549e7f6bcd419d4a2da4940ea,808703
1697076,59cf584733fc975f4250d3e058415a44,808703
1697078,545a2a52956b4419af0830c00a6dbe1d,808703
1698976,da55b6fbe07d340592d4c030f96c2c84,809684
1703298,26899c1e3f0eaa8dda027aa274046386,809684
1703303,876c54ba596923155e58cbe069b836ec,809684
1703305,734c2d4920c3080c1789d8709ce77edc,809684
1703308,5c89b8299ff030ac4b78da32b90d71d5,809684
1703309,4e0fde8d0df18b9c1a11d87ee1d38f4e,809684
1703311,23d6ae078be2cdc50be26983678fd4cb,809684
1703312,e068dbe16d99c0e4b832934780b35b29,809684
1703313,cabc85a9690d070b4e2a3bb0f5a4cdc8,809684
1703314,9c6c53f1cc7098d57824d41e964109df,809684
1703315,f6fe0cb49eb4463b6b79cb69f25f2134,809684
1703322,9605efdbb5a49bcd4937e6b3298a4be6,809684
1703323,34bbbc127e0b4d83edd87bfcae0b0b62,809684
1703325,108718192dbcb64a7a04078687649cfe,809684
1703326,b63dc59219c6b3d1717d4135cdf202c2,809684
1726742,f0844a1752173d5dcc031eeb483897ab,824051
1726743,ff62449dfed12f4fecc5279b56b70116,824051
1734274,954d3086493433162e0c8543adc643ac,827679
1738197,8a213b41bcd5b5feb6242d1abfa4cc72,808703
1770185,1082181c38041122740b3eaae56dfd8f,846374
1771057,8688444fee073f2bda9ebe324ee129c3,628571
1771058,e4a2725364e63d9f0bd54a883d07e974,628571
1771059,487d87f9226cacffa900cc4e94a827e3,628571
1771060,a2ee93dd81cf0a6712dc421082241994,628571
1771071,8344cdb4b7cef099fa8745bdc0dece73,846866
1771198,acea23e8be001e6978f99be18b5ac16d,846866
1773960,7c2bccc43c0aa15910553115cb6c3ff6,848308
1777157,a75772120f086b954f52d8b761821a41,497750
1790911,eba2da4635d70542fc240c08b003df38,857153
1793444,2591c0d56350b17ec17bd6f8a8c94818,858142
1801863,5f729b8d3cd8fbf3182fed28850e8ccb,861281
1802667,7607505c5f51c4d917af679baf32de20,861705
1802902,1a174bf838e61f16607781e9a508c1ed,857153
1804238,2672347df9941692f75c27d43e28ebc0,862546
1808675,9b64d6271c0567c07572d8ee9a54d5b2,864908
1808678,44635115113e18069b2ac0746b071bda,864908
1808680,abbdf6b180cd2ecc29266a964cbcc2cb,864908
1819998,399e5001a39cb03016902859da0a7198,871016
1838369,34e54b5f2962efb4b552bfc5247ba265,875519
1845875,5e90785bc2e2e09a368ab1a4f8350f64,875519
1848306,7eae70909fcb05d9969846089f9b32f8,884240
1878947,dc52ee5b4c44ac7207c2af4be1347ef2,899542
1878948,4984ee2abac95eccd2c6498c1a2a4134,899542
1883009,ea5e11d9f23a7e62bd1c7ef99e30bf44,901870
1894421,d2d1e6621b04ab144ad875687b79be27,907789
1896832,dc144fcf80a23afd2b3caabddc445b83,908951
1896833,1dbbf5f9593e95b611a7eb66b69844ab,908951
1896834,fe102b6b478667e8713ddb26f414ec06,908951
1902611,580c514d800b691f32002cd26f6cb23a,911470
1905636,15a6a57bc28f77e6f7473f5a87e70ea3,912201
1906429,b5bd6610b33ee1ddeec05ebef05dcf52,912201
1906430,0d3e097b4b010587619cbdf3d6e495b4,912201
1906431,e85fb3c10bf52dffdaa758de1a3d33ed,912201
1906438,ef7a32959a2cd010d16cfa3f3b784cad,912201
1913572,f5d999c25846e490bb5755e8892f35fa,916257
1917139,59c73277f962196df3c5ba1ae786b2aa,918068
1927513,f3f7bbe1984e1567dc14370d3606c52f,923032
1927514,95d2f790ecd4472435cfa24bd4e3552f,923032
1927515,f0ee682330171cac79c0504609edf721,923032
1927516,b3fc984d7999d30ff7b64336563880c9,923032
1927517,9873a47d931190daa3a53edbac35c3a8,923032
1933526,501c690d5aae9c6ae9eeb9a51bf26376,923032
1938167,9942d669eca340fec444aee7772488f9,827679
1938168,82f1adcc03c1734f777dc06a2a1e582d,827679
1938169,b2571477f938f6fec6b35b2e80143073,827679
1938170,5e800e77993b8f25cf1e2720eba2081b,827679
1938851,29e38a3cf917ce2a301b67aed5e0c8b5,928232
1949599,32c096813a0f7421c5335c3482b1fc49,933882
1950520,5bb002e5ba7319a74b8e82c35ce67c8a,933882
1951599,42cd63fc6f10bf1ab44f508d36f18340,934819
1955106,e0e408fa517a0c2d78a260c45648375f,933882
1955228,abd6aeee83770b2445135e12eee3ebb5,933882
1959674,e63d608eb97c96986928b0ef651143ec,771447
1962630,9718bc93e2c2827266f41e1ce49e0160,933882
1968373,10ef8d689355064a777aff8673fc3d81,942612
1981394,93f2f03191af3b46783f31bc57ebe263,948786
1996491,c8e6433259ffc9e06d01427bc9a2b5b5,955714
2005089,548b7628945b65b880c7d071fb633dcc,957735
2006488,950533c22d4fa8575a08b970b969cc6c,957735
2009882,26cfe3552760f82ea91fa4b98d17c168,957735
2015269,bd8b6033e17c7bc50048739fc4d734d1,962448
2015270,a3c431d8b8cb2fc8646401bddf7733a8,962448
2025494,461e0d62dc2a4b586a3dd59c88f18dbc,753845
2025495,177faf0d08533b6e194f04968ccac1c0,753845
2025496,1a1977172bce881b6d8b7ebd8142f4fa,753845
2051288,a39440fb9038dc5e48f441d54a4b7dd5,980182
2054505,4a951f78b8f0d7d445e55855643c141b,981714
2054506,1c799a5affa1595a4b3b0d7d577bf76a,981714
2054507,9f322bcdb226e6694990147ae512f4e1,981714
2056576,4aa5c0174a8f236dbb8433ffaf82a4c3,982719
2060036,e2380e15a26af21baa967c478541b7be,984549
2073161,3566cfc1234aa2fde3f93d2ae8216e92,991257
2074957,888a00a91c244bc100d9135e2dc086aa,992178
2074958,7e3e1eed9ed09827eaf8c4c736745283,992178
2074959,62139381de2ac6ff146c49dc4af7dcf3,992178
2074960,e7c46d9426f02c4acef379e1e4c9d4a3,992178
2103853,e2b49d6abf5818aadb488363819f8174,1005234
2103854,2e81f1e05c53ac3af64a575bca954394,1005234
2103855,45c7ec02349407e3505c5b4af2dce7cd,1005234
2103856,20b2ffd5e9d8fad7ce81dfbdc4273101,1005234
2103857,f9a5325a7869dfe0876336ff36ba6cfb,1005234
2103858,eb01613c157e07f92c4c1b5b46196b32,1005234
2103859,ccfae77ce92cf374b41f1a3e00422c32,1005234
2109565,a8e53b2506c64a883f4014c1924af9e8,1007938
2114659,9293718e94806fb43f4dca8c8eb976f0,1010184
2114660,c6b714ae81191ed3e0cad18dce9339d9,1010184
2117901,134c08df1891cdddd8290607c0e5f882,1011935
2118081,27fb2a82d56b9408ee55f37ddc449d94,1011935
2118082,f6a991890ba07c7c1a1cc860ede1c836,1011935
2118083,77c0ebba7cfe2dfc038c6bbde7bf5d00,1011935
2118084,8ba3012ccc968e1ff824a38bc1a68518,1011935
2118158,da228d257925604ab72c194d72cf0188,993703
2118159,cff4125e24650e7f40c5f02bd868e0d2,993703
2118448,0b2a03ad5cd0c8712b7e51e7fb0f5ac2,1012105
2119464,af0aab189ec08fbcf547d4bd26cbcd40,1012608
2119465,271eced5ebbed88a10ee6218995115ca,1012608
2119466,2edd99339018e8da4456d9532551133f,1012608
2119468,93cc60ee69060c7a673020e9da236987,1012608
2119568,718b72da315d331d5f0b58d5922ff2fe,1012649
2120744,cc6deefe30aa27a895a6b36cc96d3a0f,1007938
2128288,d76b18be67adcaca1baa390b87485f0d,767418
2138571,48e9469aa41727a1f7198167a6bedb4d,1022162
2138728,eb20b4e57b14cf469431c1ed1dd9ce5f,1007938
2141414,0e424687dfd585dc6f233a1c7cc99f56,1023688
2144765,3b5bcbd955d0beb8d80458a12dd52c08,1025452
2149368,bbd9fd18b6fe4dd457f84ff89c594077,1027910
2151019,4909f5954b9766ab1c349f65be24dcd1,1028708
2154013,ab8fdf18406314c2bfa9529fa910a78a,537860
2154014,8fe2f1582ffdb560cbd36bd9ea90a526,537860
2154067,a7feea94682198e22dc1d6bfc59578a3,537860
2156036,a134ddd06e7a3ce7ccb6aa3d21a45091,537860
2167099,b0ae1b55f331438affeb512e4130d7c7,639494
2182529,3618ee9eb996fa47df21a3370c552c30,1043983
2186287,e8498d7b61bf0904f030b065de5b2481,957823
2186903,0fa8c3ddcd0d05d939cbcecff9187ba3,893066
2189426,d8c321c07e44eb23858bb7e5cd46aada,1047442
2191000,e754bd8f0946e50d2aa1fd79d15f5761,1048212
2196132,b4397cc8e37d7122e8881786b6875afb,657818
2196133,8db87fb7a566898824bc07d18bca8ba4,657818
2196134,110ad7ba870746915cd749065eb12545,657818
2197979,e6d45715a7d87df3c3fc8d5fa72b839c,893066
2197980,a26f8e815b3b71a13ca6b84c8cf936ef,893066
2197981,9b3021df2e6c0df1907c5695a82a9a1f,893066
2197982,6e1ee459e0745a99c5daaf78874ab30c,893066
2209406,917180ec952da92b05e8e42d09e253ea,898099
2220965,5712067d6acacc278140a5aa30e4bd38,1060785
2224393,cb5102321acada20728c5ab0ba839e44,1062298
2224394,7a7e53b8d9330b261f9741c813e8b6cb,1062298
2226082,874a5e60e548b087f799a6c548f1624d,1063109
2233006,f8dcce3633e200246252238c96c11c5a,1060785
2236530,10dfb0bb4dca7b29fd7f655f46c467b1,1060785
2236531,4ca4027d336e7f915f47ccdae8a52f09,1060785
2241854,0c1da397742d6c4b1526eb2569c89676,1028708
2243335,224b54df4dc3f45c18b04fa8150a6e26,639494
2243617,93dd7361809459907c4485ffa479312a,1069279
2247596,0d5ae2be6bae4471125d2f0334537efe,991257
2247597,0ce9420e5351355877817eaf48fb449a,991257
2247598,023c5fafe03638f8ccf8aafe7c39ff82,991257
2247599,3c1fe2f38ec4360678bacbd512ac7cb6,991257
2266610,c5540f145fdebe3bee7464f2bfc5f370,1083786
2267540,dd1bbe388dee802255a190a8d7412417,1084285
2281277,69662117c116f14d74777008fe92f529,1077923
2281312,a6da1820ac6746472c799da20e9195c7,1077923
2281313,78c0c4201f8346183dcfdda6f848eab2,1077923
2281314,9aebfa376248fe8f53cc87b04c039865,1077923
2281315,16e439b06f4523e902c3037f3d14333d,1077923
2293583,ccc2519881824b1d9718017555b7afc2,1097670
2301548,d06e27c91dcb27333f32d3eaf3864dd3,1101700
2303455,de363be1b84890a91b6c74956157cf92,1101700
2314533,611c9abb74f3c7c7df8ce2044687840c,1107469
2318679,dad7cf64bdca139100014dfe27665060,1107469
2318680,3f53bf384aa0e2d348931175fcf3470e,1107469
2326952,27563158218fca69d1654ec63d3f96dd,1113833
2326953,58539240e8b7fc8beb1b276ae0796426,1113833
2333884,131a222d5e2af4e99bd2e439caf8b7a1,1117284
2333885,5330577b42c5cfca5563d53b37a44ff3,1117284
2333886,a1b0faff7ca22e0271c4b336907a10b1,1117284
2333887,c456e733c1dbe1a624cfdecf2a420cc5,1117284
2333888,5005c41492f97fb6cc20db7c1cd1f4fc,1117284
2341891,dc87020b010dc869042f78ef0d696aaa,1120795
2350196,1c5280080451797ebcdc418b3ba3918e,1124754
2350197,82d569f3d3eaa1943b874b23a031afc4,1124754
2350198,3019d2b929874966df8c529d4fd78dcd,1124754
2350199,51ad6bcb09fc4fbae57063dd600aa625,1124754
2357899,220b260c0c2b862c816c61b59d017d0b,1128610
2357900,e5c10c37769b1b29a5321d2864c47dae,1128610
2357901,99006259e3eac0dcc3ebc4bb1d03f4b1,1128610
2357902,fcf8f709f8b446196e0d4ccb8d2376ad,1128610
2357903,d5270326158883eeeebfd45e185ea5b2,1128610
2357904,d96e976cc04682ba77dbf736b02f5604,1128610
2357905,1389d78e7f36035ff25efffb3e6c4f42,1128610
2365179,a8c35bcf3de75c3d2d6f7284a0536c34,1039602
2371509,db9e6065d8b9f5e4d3e513a7971ddaef,1135511
2371510,87574b57236461fba654bbe06937e2f0,1135511
2371511,8d4ac156afadc6c9b478ad9d0b09db7c,1135511
2371512,3f6972885c8d827f0ae9270376c785b4,1135511
2371513,0156de8221ceb438503b7788d7d52bc8,1135511
2388375,86d107a2512d538bb6728c4a9670223c,1143855
2395973,30cac6556c03111a4f42be7c49ab1474,1124754
2395974,b5200ff5f57fb73c4be996538e97346b,1124754
2395975,58964b8af9d756be1f97fefc95fa0a60,1124754
2395976,cda4e7ee991de3c999d58c5b6a97e394,1124754
2396280,57e2d87a836dabc4ba27e392ef18baa5,1147599
2396644,11fe8ed1bceb0bae6e8482b5a13ddd07,1147783
2396645,4f55e6dce57fe56ec119c3020ec124e1,1147783
2396646,3272114346c8d6a75bb88c59818c2d06,1147783
2396647,9d1baaad314f4d086e58a7318ba79023,1147783
2408832,e44e01400666ab619bbb681f0c2122f0,905658
2408897,60603bdf0b1f14e21a765c7d5208c009,905658
2408898,42fba613b71037fc48eb76a553a857f6,905658
2408899,39f5afc4f552f9fea8cbc51b8d54eee1,905658
2415785,d716a55836df47523e2afae58ccfec07,1101700
2416038,1b7dd6b1ef744c0e82044c7cc54ac052,1157663
2424691,96946e774509440372a535f06c9da091,1162342
2428042,72b96297d1cca02d86212de18533b7aa,1163908
2428043,e90de585485047ea20e4a32964d8423d,1163908
2428044,57fe47281449d1ed45b7aaf21c0466c3,1163908
2428045,fdff7d4806cd9a46ef69ab0dc1122428,1163908
2429361,f5d2ac84e96032ce566b1a7fdbafc8ce,1164662
2430291,a0abae5ab901145ca1d749020e6b31db,1164662
2431187,e5b338882ff80aa2991c733a46e26282,1163908
2435717,8b5a0162de48a00906eaf04dc47b61d1,560952
2435718,34f3a40f2259bb2f2b7a3e31fb2ef398,560952
2435719,3237b86d651b3832651691c8bc3e965b,560952
2435720,845614291713d43201a0c2bb00355340,560952
2435721,1568abe390782adb3348ed6abae22f75,560952
2435722,11d4c47b8a18e4fa1dec67ec5fd78fc0,560952
2436361,45b6c68b02ea307442fba2f891eb9440,1167743
2440396,00db904afe0509788234a91e1105ecf8,1169818
2440397,30fb73b8145f3b665c242b0820a79ddc,1169818
2440398,2abd63c726b8f5a85cf3cae902cd156e,1169818
2440399,d5575d7fec4c7d756b0d1376f289ab1c,1169818
2440400,430f55b660442904d1788217e9d478cb,1169818
2442466,7ba16bc18dc9baca0a64fe663db0a82b,1170842
2442473,c5720e2a0f69ce68a18e21d9e4d1167d,1170842
2442474,239b45f879394bf271cbfafbffc30a8c,1170842
2442480,e9953fa7b3038cce82d506971b59edeb,1170842
2442481,9c868c15a97e3c13a48613fd85a90b7e,1170842
2443773,a5b474425ad1016dd2faec73908c120c,905658
2449423,c47b484d29f362f1109efe3818239f17,1171433
2450946,19618abbb0b90ae57815039356101034,1175057
2450949,8df793a6c2196ebed703c49ab92e4d15,1175057
2452642,688b08ae354f2049ba87cb212ddb8d15,1175057
2457949,65e2118d5cd82c9966498e1a3e720c8a,1178589
2457986,d61010ede1e014eafb6e26ab454ae551,1178589
2460584,ee2285db9c9dbd73a8be95710f3555a6,1178589
2464465,9ce9698270278a6c57f77b24ffcf756f,1178589
2464569,00e1ef9a969a24c0cb5be4892f0c73c5,1182067
2465616,46f6cb15f5c6b8e2e65942c5cfb5e06a,926593
2465806,45c7f8e08b05f5d1b66ea2d7de90cd86,1182702
2465807,fb27ddea43d2630d4ae510a3ffd16d54,1182702
2466983,6886b76440dc051b3a9eba6a231e54a7,1183311
2468487,f8c00611b2699fefaf5049b2bbfa12ea,1184106
2468707,657f253ffac549aa494ccca5cdb75ccb,1184226
2476715,e7c5964378010cbc5e7785e392536d26,277125
2476716,104eb30f4951b8d7b2ae30b676b5bfd7,277125
2476717,a31645013a95009355f9fb1f13f9d6d6,277125
2477440,980879bd962d8477cddcb61d3e7191f9,1188926
2477441,2b872f379f9b6e4e2089659a9753bf0e,1188926
2477442,7bc2ca762e255b917b38d775be9535d8,1188926
2477443,d09b5dbe8865f7dfc5f5f9cd4d4bc4e1,1188926
2477444,71b3c6aa8ed904d34ad101948a1e231b,1188926
2477445,4b806d422f58c33efa437e8e49d5c103,1188926
2492144,18a368c352e68240f87c7618c246fcb2,1196399
2492146,811e28d439968e7e90b2d906a9766ea3,1196399
2492147,4cd1fea64c800933ca378066b261c63b,1196399
2494675,e5d113c33830d3dc33fb3fde26bb7a7c,1171433
2494676,cf1965f7c6e1ddae71352af32abce58b,1171433
2494677,88ef27f0653205e33db37b56cb361ede,1171433
2494678,095b02730c27662c4cd371f6d0ed903a,1171433
2495032,42c8c3304924346dcb8f7e030007c401,1182067
2496714,a88eebdd70b19e5e721d9f17fc27cead,581007
2498504,a76e70ae5e622d1480157efa47d00938,1171433
2504724,3cc2237b7d3d4b81c6149a63d45c982d,581007
2506167,d57998a770b1463d0bd9ea6ce51d896d,1203542
2514502,8661362d663b8bb049504b1c36b8a515,585451
2525728,1736503bae16f08b4f9b1a3aedc91100,1213593
2542531,d76561d298551c1ff7eee09b9c4dd243,1222376
2557805,82b088463adee51569d38e0c2f71b3bc,942612
2557806,0e0423b60c632b18be4fc3b367fcc804,942612
2557821,e5442460ad09a7a27b031e3a210f7a05,942612
2558120,7dcae27c2e69a8707d81859e7faf9c72,1230494
2571594,7040061545af51de4b3179974cbc3fd8,1237210
2571595,1b17f8218e43a635fe25aaadfa8e76df,1237210
2575466,0adaf97fb72c445dace7554b43f62c4d,1238702
2577387,dc039174cda1f5d4ca721e2161337662,1239671
2578347,e8e1e55eb05555db5bdc163812a70e66,1240175
2578348,58145517ff533de4245d67197b8c8086,1240175
2578349,06c65e5232fc8196dbb3e49a0f22cc36,1240175
2578350,70a705ce362bb617b94eef3beb433140,1240175
2578351,7d7791046413a32fafc8de738686e445,1240175
2578352,f7feffc9f2e784f6c550fc8b99a08cd8,1240175
2578353,10f818b2f3c895f56e002def8fe04cde,1240175
2578354,76878dad0127dd75eab6c9c37e8a4032,1240175
2578355,43d43ae801d1949574bc0310a6d73b94,1240175
2578357,bba4c710796cb0a5396ca124dd281137,1240175
2578358,8b27e4f51aaaa503eb076d36740ff207,1240175
2578359,8e463678353cee8d63c79cd6034bb9b8,1240175
2578360,b9e777ea8696d93349d79b29df508e8c,1240175
2578496,2771f95fc5299bdea1630bfbeaf8f714,1240240
2578999,73ec0b7d504cf4015f8ce1540690af30,1240519
2579000,554a509a58d46df69eba8f473305685c,1240519
2579001,807e399a237a88e6835b1daade2815a9,1240519
2579002,ea841f991e2d0dd39b600b36207580fe,1240519
2579003,b88c7c7358612faa9ef3adfb7ddcab45,1240519
2582182,9006dbcb5901ae7d23d2395e430716f2,525533
2582879,b1a69bd0cb5039152697a16957a35446,1072415
2589660,99c52960173e30d297e7680248552c36,1245864
2591542,5ff34450737ef30e941960235d404459,1160847
2592115,1145fd3fac1d0d238c5a65fc8c59e66b,1245864
2592116,b570b2024f6686c667e78e6acf52b88d,1245864
2592117,c56c8ee45ebd9af6715b868c8dc3ce34,1245864
2592118,105b70c4a26b2d71933e8461a8e1159c,1245864
2594144,92b73c94699c6b8c6d620c253967314a,1248173
2594145,151d71ff59269803881e2da50f20371b,1248173
2594146,67221003d70d8865a4d66e231108fa11,1248173
2594303,65d05e34e818c370a11feed66d99f2e0,1248233
2596285,ecbef9d65de23c8f306299ad9236892c,1246436
2603999,98e1b464059b541cf8fe6df3fcec49fa,1252978
2604000,831d49455e5e8b3ba72b2dc6aa512c4d,1252978
2604001,e74c3724748ff0cd20066bfca98fa6bb,1252978
2604002,c5a369b975ade53526a4767601931e96,1252978
2604844,2d8f81eed17417e88473ce86c159cbba,1253419
2606118,eafcb4f1e3a380872ac6a16ab1b70f26,1253419
2612623,ef2ea3574bc43384c5a56856f5d3e47d,1253419
2612779,200ec93eb63b3278bf2747639853dee6,1257422
2615505,5a3d6db5e7fb5d666eb5ca89ad6f8b3c,1069279
2615506,0072a4749ac6ba11e600494be6245381,1069279
2615507,4408c07a180625ebb6746df0f92026bd,1069279
2615508,11d00fb190d6778ef2f543ae4970ca16,1069279
2619131,df4bd2f94495ce89d67ef84c39ea03b4,1257336
2629870,226a13a482ff2ed6d74671387c1be6a1,1265413
2640475,e895dee1f9ba505235392aed6e36a6d2,581007
2640822,018cb18e0b5b99a9013568bb6240ed10,1270762
2641138,1b79832a61953e95698bf700e5e96a32,581007
2642713,e96833d6d65347e2205d03cf0a39edc8,1271718
2648461,3baf125e36cf6041eda7c48577fa4e44,1274616
2648462,16cdb39317529c7632824813df109b32,1274616
2648463,4c0b36c2921803c58996f3c82109fe79,1274616
2648464,87b425bf48d6871f08243a41a398c83f,1274616
2650373,71d6f4bfb9202438b4e0cd88686b2604,1275606
2650374,1b4758a110b910d613cf49bdc664b3c3,1275606
2650375,4353d935266893c9380a433e0bbc5973,1275606
2650376,de2659c69fd7d8ac899348e502242360,1275606
2650377,28000e8a8e0aaf4d5f9cc059b2002cd0,1275606
2650378,4eeb2c2c0e020e9b04552bdc4333c788,1275606
2650379,4cd4ff62a63cb216ca562b367c2cd148,1275606
2650453,c5b58c48042b417d14da8076b84e69f0,1275653
2654576,e0811b589ae69f9d8871081ead0cb92f,1275653
2656695,710aa201082e0d9755baf2dcfd1d334b,1278881
2662762,4a643a728bd40e3532b1503f7c322a45,1282006
2663881,3b7b68b2b542cda66135a435958bba92,1275653
2672342,c0d1b72579a06f5a8f1e157e9918b56d,1183657
2678720,74008df63860f08bb66bb947e19ffcf0,1275470
2679678,465f10b8bfa5246f95b2b4e1f6b165c9,1275470
2686974,ab0d1d9011fac51d01717cece15b9a4a,1294997
2686976,ebd9260a9163c0b6fe4ccbcafbbc5857,1294997
2686977,83de40eaf8526d6ede1458704d8a92f0,1294997
2690149,ff74abd9f7c95b248a071da7648c08e6,1296605
2690150,558abee10be8ddedd6b9a4de1c466708,1296605
2690151,9c243338f2e3a59b5fc132dd58161da0,1296605
2696453,a99b3036b95022ec4d0ce73b15e1497f,1299810
2696454,4deaaa017d3178568181781690fca4d0,1299810
2696455,e4a4811cc77fe27652d65b28c271d0d9,1299810
2710564,b074195acf9689ee25617de3ed6b6779,1307408
2711011,80d90fa9dd1c5fa6f2018c455ec9d4cc,1307408
2717624,1ecd235efd2c7c32e4fe3a1272735099,1311103
2718735,bd3cad27e4d1dc303957428c17c71e2a,1311764
2719212,fb3b457e7d6f280092203441da75bbcf,1163908
2725454,b1c12f9054106788788bca6439d301b0,1315153
2725455,f850c7f1e2883887148c580d545463c8,1315153
2725456,907c7bda3f2133a8f4ffde117bcca35b,1315153
2725457,d1d5b21da79b6d3a82e46c1d04f41b79,1315153
2725458,588c1b40eaa770b7df3d0b8fe0fb23d5,1315153
2726536,4ed04db9db2802311af1882fbf1e84a9,1315726
2729496,f80dc51a209b0087ba1873c0936d0d58,1316855
2731179,571f49b79da50ab2bc98d95f372905df,1316855
2731180,0f6cb9121af2ae522fd435c1e8d8bd89,1316855
2731181,b20a2df664b9395017bf156e14767525,1316855
2731182,2eff0e10a0c12b089c3ddd1112914a00,1316855
2732397,44b2bf612c4bba02556d753c7573f568,1319005
2738830,853bff75f4e3bc5099505517462a94fd,1322331
2738832,855e141d7b804e4cf011db3ce0e877a8,1322331
2739015,769de0c1e8727e4f305c06897cb68d06,1311764
2743107,b5f5bf23487e11e987a41a2e80477fc5,1324319
2743502,466f77892f64bee750484b15d499e688,1182702
2744859,2bccf882e8a30baf9a17eefb78aaf5bb,1325043
2745425,064f1c8c9be8ca247f10538c5d0bfc28,1325043
2745426,cf2548bb22000aacaf06c206a1f273c7,1325043
2745427,0b2989078e9317d23e2740b28355fb9d,1325043
2747445,4086b9ee01a8fa6d4e0628567cd0b6ef,1326119
2752433,87612a9442f672263675948205047324,1326119
2754377,cc370a698a4eb02b4b504b46afd48505,1326119
2755266,b317c3589970faafc40c7bff7dfbe905,1329797
2755267,f730aae0e66541106a2586598c131c64,1329797
2755268,fbac4afc284b6388453cf9ae25d6c045,1329797
2755269,de03c48a79e19d6a8e19a36e92cae97d,1329797
2755270,b8ada46da81eba9cd242f26972e89d90,1329797
2758156,562f1f2665523d00c22672c49fc34535,1311764
2760515,d45ae71b3e9f61ae8b2910541dfc84a7,1332351
2766889,1c34f575a44be43d30a99351dbc97e37,1335568
2767213,dcdb7f8e8a5556cb5638ad560c29d5a5,1311764
2769068,854be89560a2412787083bcd7daca4e0,1182702
2771696,701973ccdba4bd12406c18276f761f0d,1338008
2771697,cafa32bbf2cdf76caf4a3fac96b958de,1338008
2771698,80bf0e37093b1b1ed1264024a754dc41,1338008
2772921,3b1b76e56fb7fe4758b1440eff671847,1338625
2772922,b021dae7f111a58707fdebc3d137ec62,1338625
2776954,cc19377720558e6f3b7975fb69f582e6,1326119
2778544,3810ccf8e20036f07c366c6de29a17c8,1311764
2779386,9df813f7ca6eecda43fe2f6e7f6dca3b,1341759
2779387,fbf15e48465859a34f1e0bbaa036f188,1341759
2781863,025bc43b9c1a8ef558a56b2fd534365e,581007
2784179,ef6b191590bffc1be8d1717b6f2e58a8,1344319
2789855,c014fd7b9ce0211c72185f4d14eb564d,1344319
2789856,31fd1e78dfabd455b0deaf4ee33927db,1344319
2790152,9be90c5cdd55869ddcc4292eccd23dc0,1347379
2790153,67a504bb068c7a0cc56698e6fd92f38d,1347379
2790154,5673e4092eb5fde25b725470bbf44bbb,1347379
2790523,ec75b3ac0a4b9e54059bcff78f1af73f,1347503
2792699,9df7139e34298833dac452d1665d1510,1230494
2793581,e7f64e441c618d41c33db5615d4966c5,767294
2793587,70d7eedcd4aac9a9d18d82d082fcba22,767294
2793588,f69ea15e1488102c886fe57d178cb442,767294
2793589,9e7d1fae77777745eb45e308a3a1934c,767294
2793590,37fa653eeddc8e59bfd371219b1d81f9,767294
2793591,c0a7da439644b09ed52a076254dd5858,767294
2793592,95b6b955fe45b54c684f25908fc490c4,767294
2793593,bef5c891f940d250cbe266868803d541,767294
2793616,4701a0631f742eeb3e1ac16350b3f82d,1349241
2794751,b079ffb07e2a9f4f93bb475e88dab399,1349838
2794752,004825f83c8b82ff4822665a17add5a0,1349838
2794753,ebba837818157f3a267d7147f42d49fa,1349838
2794754,0fadec8401e20b834bcf1e4022a4d72f,1349838
2794755,23545957a55714f3f5b96661fb4c8168,1349838
2795682,4ff380bc76f4210a6c8a24ca0a08b2bc,1344319
2801169,4d64839a5322495521daf8dac25a620c,1353097
2802207,11258dcf10061f77c529c39eb65f921f,1353659
2802208,f33d32ce83784f25c746b5d46202028b,1353659
2802209,284631cf51f36cece95eb9b5965cf24f,1353659
2804290,8273e1eb2c3f429ef796c97bb6ba0fe0,1353659
2804638,0fff0ad95aeb5e204c1dd232abf34bb3,1230494
2815639,bb2438a492f98fc23345ba80c993f79b,1360699
2826311,08854871f80586c18776b4d1da6196c0,1353659
2827573,ce9a314a5641b42b2c6288c8343975df,1367260
2827574,5e9d60581a567a37d857454d24b8d31c,1367260
2827575,cdd03ea242c0343439af71f27916c7c0,1367260
2827576,ce20f33f798873e8e9f9ebd069b074be,1367260
2827577,aa847cd5f6b5ef6b0eb550b2fe891f96,1367260
2827578,da3b655cab76ccf6b3982721579f053c,1367260
2827579,974a6a15a50f42ac3407ff03fdbe3761,1367260
2827580,e7971a83cb1d4b05d18ec1be68886cc9,1367260
2827581,78aabe9eb3ee4853ffcd68c0b3c8be54,1367260
2827582,9504951f6c5c55c1d8c95129a8af1243,1367260
2828427,1bf7a7b1704c291aeacd7c004718eeca,1353097
2834133,c66e331e026a165c3d5b814525721494,1370687
2834960,0719ec13f1d4092fb755d3c63bd52260,1270762
2836994,99696b3b746db11d6cc3331152bf07a5,1371480
2842358,fa865004793fee58fe68a50fa7ca0795,1167743
2842359,c48a632cdfac39eb447e750da0b55873,1167743
2842360,3a80068f5aefe611670147ff0217ca9d,1167743
2842361,d5efe028f1a7a4cf9298f3253fa5027d,1167743
2842362,141bf14bfc281a5412d20e109da2cbc8,1167743
2842927,b5f1eaa1535f1ddb73a3cb876e23ffcc,1375335
2842928,d3c06e76bd12dab438b18250163edca7,1375335
2842929,5f3121d66596eade31cd7009f94d28a9,1375335
2842930,be77e537e32cb7e3f9dcc93fee631a1a,1375335
2843723,da653e09797e21e7ac79b73be1091784,1375790
2846922,36c5329f8fa8548d027a37e18e50869f,1375790
2846977,6156ca2fbc15516a91edaaf5fe81549b,1375790
2848799,a900f0b18460a711d960cfc4bd90d002,1270762
2854762,b6412e2a3eda7afbbf5485ab2c7a3de4,1381649
2864883,16cdb9455e1138b8a8aac614cd7b962e,1386965
2875456,895f5603501db63cbb78e4f26758981b,1338008
2875457,53227cf46f71b49b097b364ace3a5174,1338008
2875490,5fc5e3a1397fbc2bdb840512b34583b2,1392782
2877294,09ac550a34b5e58bafd0b11051ef92e8,1393858
2877368,1607ec39ff42c7a6653612aaf114bad7,1393858
2877369,8ab732fbe4dff4b273b7465a4fae7ba7,1393858
2882625,45523feeb372831d928da3b6ed6f5594,1396761
2882626,3496cb3dbe99d2d078bc135a2f5e4934,1396761
2882627,f8906e44cbc0c9c521cfe78c8f489c21,1396761
2882628,ff60184f5648112616dd21373c4c3cbc,1396761
2883088,22cc58f0b080953800282484925bd79c,1375790
2885001,eff92981be0b7702eee02a34b96f6c2c,1022162
2885002,e2efce5ccdff7380ce0328d927f729c2,1022162
2886184,a09c32d0ffb8bfea0e205ae6c3f3b7f4,1022162
2886188,ccf7668547c0ef67c76cb0387fab9410,1398827
2886201,e560d1e2ea4e6aa2b9e4810dd940cf01,1398827
2886214,4becab307fc6da91e287c59a4fe97343,1398827
2886215,3464f6bf26085a5805c770e266489343,1398827
2886216,b4367363f64116af45ea2f89b8de4225,1398827
2886217,1e3e39a66db4d04795fe152d2f45be6b,1398827
2886223,a4f89243db987f363b6e7037dfd47c6a,1398827
2886224,f952c1d0fd73f5166c03e9819aead536,1398827
2886225,54302844c915cca01dcfa94d40395959,1398827
2886226,42c08b2e6c238f72ffe2f3691621cbf3,1398827
2889644,8523c61a9218ffd77ca0b66afcf046e3,1257336
2889645,12d5ee103bf24166f15a18c4982e8f39,1257336
2889646,a71ffabf719528361440d955809ca5bd,1257336
2889647,bdea4335996966987498c46c44f6e19c,1257336
2894207,2ba1e3d3f3c69edb05013256aa9ff6c8,1403084
2897720,b1192076287f86016a72f5eef4c12817,1405100
2906368,7e70a46f94ff48325b569cf9818cd707,1409573
2909291,01c62f29e5c0f933d10334468b5b4aff,1409573
2909614,902f5361d80e1087f96f9216f73dfea9,1409573
2909745,46729b2cea452935e0660b6f3d3c0e11,1411397
2910941,97862ab6e405281b26c95a30bdc3b193,1412093
2911237,23b5a4570814652b0ccfe5d450413d65,1412241
2911238,6a6f66179d95589283e92521a6a30581,1412241
2911239,94bc8cb3e95c40e0afffb91fa3c057b1,1412241
2911240,3e970ea25520c6b48bb238e168b011fa,1412241
2912769,230bd6a2a3e4f044e94fc93fee9dc270,1413104
2915010,4a2029d56fc7694fd61b4fa793cfb84c,1414239
2919366,c49b91a46906fa76d88881923065d7c7,1022162
2926737,b07a7250aab58ee21d8aa895fcdc4763,1184745
2930984,4057ad3207b444c656f79fbca933541a,1423264
2935625,e8e38b7dc570bbb775b7e97aedb3ec6c,1425685
2935626,ea12b7e6649bda34eeff59b50c75f078,1425685
2935627,c6318b41ccf6af0012db0722c993c1da,1425685
2940967,5909e4a95ee67eefdf3c1e53f2aca362,1428477
2950165,69a68e481eab422436a282ee3c19c031,936195
2950166,1a015041c3e0e2467441b6b24bf22500,936195
2956635,5c5bc88f97ed31d29de15f56dd466cb8,1436983
2956637,1094746238a343be5fc9b2788ea82658,1436983
2956638,13091bfb1b9e8326d9f15eb0f09a9713,1436983
2956639,9493792d68d2b10964a2995a6ccc4a0b,1436983
2956640,90d01aee86619ba0d0e844366cc2adb9,1436983
2958272,0ca5f50eff615973fb557bda7211973b,1437868
2960594,ebe75a47c921006d599e65c768cbe1e9,1438897
2960617,6bf631d8bf5c8c93b30c12db055cf2ce,1438897
2960618,e77b20986c90eabd1f2da6497c486959,1438897
2960619,194cd828b696ecf3d3e491a5c02cd111,1438897
2960620,4b30aedc36aebea2bbcb1fc1577d3705,1438897
2962486,b2e828d7f2cedf0cf3ee02b2ec6fe2df,1439847
2971685,67ba6f798f39c304cc942e9dfa777e17,1439847
2974285,c622111361dbf7561677e3915b42b25a,1446083
2974903,7b4640ff06594d3461d6771ab06c7fc8,1446439
2975879,1d927377ef81f9f709dd5b9d59672438,898099
2975880,d6494ad10231e908b5cb71076b548c53,898099
2975881,5ed64209deb6075726cb8cfe35f7ae42,898099
2975882,3dad4290c27f9acd5ab5942c5537a973,898099
2980219,3192b31c4d8473f3b1a8719a71d74611,1449460
2982358,d053dafc69ce68798ff08e52944d70e0,1450617
2984819,46eae829a0bafa12c008e4ce9c6af050,1386526
2984820,0803c4c3cc12b66d504a38715817f125,1386526
2984821,a6eff0cef418f18ab0ef25fa0881d1ab,1386526
2984822,e9a7935a638ce8885ff176547d3705e2,1386526
2992520,119db11ee442afd8427e796dc0afa279,1437868
2996141,2f4a69c96b6de97ddd2a3a3fabbcf7a6,1457877
3003123,a4c9eb4b9ff9353107b02c4421a24cef,1461767
3003124,9eed857deb94dd010a4b6de7b0f3fa87,1461767
3003438,23921efb25054716237dfd92173ca33b,1461937
3003440,47f577639bf84f9817e9a66bf0bc738e,1461937
3003441,339c79fd79fd41bf23c9e66228a84b94,1461937
3003442,505b628d348ddec3bca03c27356c9a23,1461937
3005987,9ed41705e79d406ad46dfc5976521b19,1414239
3006022,03941d9a8601232c09859a019e362bfe,1414239
3006023,8941119932af03a495ae4d815d7ef849,1414239
3006024,42ccac7beb6d51e778422e5d04d065d7,1414239
3006283,3a64315bc7344f1bf3664292167aadb9,1463567
3006284,c8e7b5cf9a950ea6d61187e9274ec4fd,1463567
3024794,d6bf49023117cc0b4e6af48994072bb3,1438983
3026731,fd459ab205f0d41800684ac91110704b,864908
3026766,7f16858c3103c4176b3cc8251ff12e8a,1474891
3026767,a3272edd9491554dfc58881bc48b1576,1474891
3026768,436d7b38d45356d488a24f942e81b84f,1474891
3026769,5494a83e722bc4daa3b7800939f1d46f,1474891
3028403,3013d173861d39109b9fd0b83e506220,1438983
3028404,15fc2e442d74f9ca2037722cfa540050,1438983
3028405,77e563220c817f7231737888e8d5a3fc,1438983
3028406,f919a9c41e94e9043b771a02f2c42af2,1438983
3028407,6a7f324758e2aae6d6845391f842f218,1438983
3040491,c268c885ca5ca06739de10a1e05cd1e7,1482354
3040529,ef4a8dff69d9b791bcf0a0dcf626f53a,1482354
3040530,6ebad3ea6219eb7935f89ef740b0225a,1482354
3040531,7a9e0350cde9857e71e5eba694319a3e,1482354
3040532,815e372629776e39bb975d8ef578d5d9,1482354
3041476,e0df18441687459762f4b01806ff68de,1364787
3042160,6f2e3c157866578c2c1b4a6e66a0c778,1483232
3042821,83f6ed86ec1fbfcd4d97ec3678047c8e,1463567
3047847,3792fc0fb2e9916334a2158aef56c016,1450617
3051891,7016be3e964fa6ed8c987fb161965514,1488726
3051892,0382f5b0ed1459a4dd51f4307731370b,1488726
3051893,4cc6fd5d4a959f91b282bbad9e7f5284,1488726
3051912,f8e3a77c03e049130d78ae78cf0b0ba2,1488740
3055185,d9b8a1657e50e2b413b2dd85682cf11b,1488740
3067701,429fe72b7bcdc50c47343ef0dbbc1e19,1370687
3070064,b6713ae757e1296eb4793d7370efdb52,1450617
3073262,387583413e12f095f487601c433d9459,1430396
3073636,62121e5b519e1b2696353898d4103349,1430396
3076262,fbd1cb591d294daa83c9581ecb500b36,1430396
3078971,3cab38bc27778eb6f04703640866d9d0,1502865
3080023,a01d9fa27c97ab7d8154243bcfa77680,1430396
3080615,f1f8b03ee256dbf8fc86f4d4ea141b10,1413427
3084903,94358f62c907bb4d169deb7b20f9e550,1505962
3084904,db6fda4eac4abfe44af2d99a52bc0165,1505962
3084905,d827079344d909b165e326a6b70440d2,1505962
3084906,4d68bfbd24fd07b02eb649dded3df986,1505962
3089136,9e5beac5cab6b9990cdf9427d380deb0,1508399
3090133,6fe7236e289e46ec83b534d1a14a4613,1508399
3090134,0bbfc1fbe8a80a39f958b5af746ef628,1508399
3090136,f1ffe9e378619b99c8ec9196b4626167,1508399
3090565,fbbea41424ccfaf2cda2a9bfc7bf7654,376703
3093875,e91e90c8b8d17aed9856437f8b922e3f,1510886
3093876,0d351b9896cfb79ed7eefc09165fd5d6,1510886
3093878,f050c91ca4bf23d309dba1de628d245b,1510886
3093879,536d4607cbb40b4286f3052b3ef5bbc1,1510886
3106429,e8f25446022a74c3474464fe26fce488,1517419
3106430,605ec1e0e65e3c68ac520c3d3c4370fb,1517419
3106431,4d0053d34a8b5e55e3ca90da4a316260,1517419
3106432,cdbad7a7a5cc48b5e278b84ae609cf62,1517419
3106433,960c95ed30c20441d9ddb8d95567ed33,1517419
3106434,3c2f5e2a1ba2767bdc87d77e9b6e7728,1517419
3106435,bf408253cc6330b1c21cc79f4d0c5cec,1517419
3106436,c416f3a0aeb3e693ad5500497293834a,1517419
3106437,c6579b7497fec52cc34c0e9513ef018b,1517419
3106438,064678fa30951e4c8e2c12c721b18347,1517419
3110610,012e88b82f121201c66d679cfc0908c0,1508399
3110642,0cf44a3420d4268fd5f70983e5399759,1508399
3111685,3ff04d31b53bdce2db67f66da7eaa3b7,1520392
3111686,712a977399431edeb51e5b56b6177082,1520392
3111687,248b8860f705df19f5b2f0b2185b14c9,1520392
3111688,b3e6734afcbb83b7ab3505807c2100de,1520392
3111689,3722ee23a2690d0c14de69124ad0580d,1520392
3111690,9afac2c9b074a4510f4375cb73485c1c,1520392
3111691,ed66661f5fdc79aee3125c569b3d67a7,1520392
3111692,54607dea9cb150b3a1b7ecdd1fc59680,1520392
3111693,bf59ba20418631ae1c4f0038b251bfdf,1520392
3111694,1da455c9838be81fdfff8f7580044ad0,1520392
3111747,800b168bb1a579a03078a4917ac17c10,1520413
3111748,60dc44892836bc9012676c55a0e3ab7f,1520413
3111749,dde9954d9b3bafa4b82c707b8f25da17,1520413
3111750,65924735a328230252fd5e33647df474,1520413
3111751,504e64098b588a3aab8a29f1c99f1533,1520413
3112319,22a11372e2765d8589bfdee09732b930,1520686
3114626,58d3f1f54c0df5e26002431b861613e9,1438897
3114627,ba027682f0042980adb9ee94eec3e8fb,1438897
3114628,517eb1eccba61d6893740e264dfebe15,1438897
3114629,4c70fa035ecbd535a52a3d56b26312ac,1438897
3114630,07a47f28dc2b6ca7acd7152bf2894d71,1438897
3114631,05732afff64d54ecb994e47abbb1f5b2,1438897
3114632,3d8d4abee4488c359b9e85435ffa696d,1438897
3114831,b5956c92167e3aaef82e5c4e095d1e3f,1483232
3114832,9339dc98ca9f427a6f808e3db56a949d,1483232
3115054,90d7ca3dca1a547e1f0059cba9ae192e,1508399
3122162,61b5ff1de5aa87e1ff6cd0e96d023746,1526058
3122403,93cc1402c20061ea0ec984d296bd706d,1526196
3122406,1a0171e466f2860b64121dcf163bf9e0,1526196
3133019,fc67e696dd931cdd59e4eeb0a53656f8,1430396
3138040,ed9657f626cdecd370f02ce0bcbf8c10,1271718
3138041,63f0566929efda7ec509b8bd6215df37,1271718
3138042,2ece661c260b061cff40f8c0a353a148,1271718
3138043,1131883f3ffdf33e331c1070da5d110c,1271718
3150479,70777c26886c873a16e81a96a5661868,1541196
3151751,d665194d96311780de217f313d055721,1430396
3153076,aa4afba56de634b97ea4a746cebe7d0a,1271718
3154612,c01f79b2ff3af92fd760fb18363680a5,1543302
3154613,71fb31f8346ea67da536d4968491b593,1543302
3154614,e3d40dbdea90652e2825a48954ea4c43,1543302
3154615,d9cd3856148f1b26d9d4c18f89c747b0,1543302
3154616,13c6a14cedc77d663b91313a3e3ac520,1543302
3155496,3d1b747c08c066e09fee7e135d370de1,1543786
3155497,baf193ffdae17871c730940828fd8684,1543786
3155498,82a54ee06e4ae89ceca1c776dd0259ce,1543786
3155499,8641b0f8b26358a25ada02f8d3b08526,1543786
3155500,c21898ea3b06a8b704d85690be7863b5,1543786
3155501,f210ca186ba1cc1af92fc41a3e19dc62,1543786
3161785,e5c17c3cbc6c6818c0d1c46f59af6e19,1403084
3161786,5377e36d3d9ea7922e752f76b9f51386,1403084
3167201,2299127d78b696e64dc606ce9af67f72,1549858
3167224,4a150573c48a06cb88c5083d1e102fef,1549858
3167241,9af3099dd2ac2dab9029b331e319fb62,1549858
3167243,d2715f8608a3942fa449355fd7862165,1549858
3171267,a8ab5db1367f873009baf9a21b773a86,1551974
3179425,45603f2fdd31282342d49800aaa8bbcd,1556348
3179426,ae80557ad8aca1dfed900d413d53377f,1556348
3179427,7a33b6c1e160a46f66fb43afb51cc738,1556348
3179428,fcf02e69e563219336c7cd78cf60212a,1556348
3179429,46f3c6d515d0327b922cbe711b2fb6cd,1556348
3179430,281e4e7a94a1d2e8ec5b1b8b7c1f075b,1556348
3179431,f044c841ff0380eb047fd04f7204a8e3,1556348
3179432,c50a339b1f870ab5cf8fdb6914732b35,1556348
3179437,c275f8351f12e481bf84ff2f2933a09a,1556348
3179438,926a2d4c9bc8a5e905061d9c9bcbfd27,1556348
3179439,06ab8810f37c7b3eb422442192e9769a,1556348
3179440,dfa1834587b221f6b8eede9322b4ad80,1556348
3180930,a399ee4b8caa8c72710b13fc796916a5,1265413
3180931,102d74804c9c65ce65abdee694bf8785,1265413
3180932,05cbffa2082cf7801ab39f7f26a17f1c,1265413
3180933,2282bdeb8c4a82de31172f27e6963c1d,1265413
3180934,cdc9e621902f7aadf7feb03db25a62e5,1265413
3181554,15b79d6a41cf6111aafb5b2ce7a33396,1557441
3182135,a2134536ab86e2d88433853b2e5318aa,659039
3182136,00c11e4ef248043d3d72cc3005fc03f4,659039
3182137,a5db8f478795884a62b94bbcaeb4b9a4,659039
3182138,1f2676825e944abe83b3594fbc633dab,659039
3182139,bf4599d5f630344fbb677de9f4e8e8bf,659039
3182140,037d7f8d9b747cad4e287b63e0d70e4f,659039
3182141,1ca807623e5ecd5a860275ebcc74874e,659039
3183642,91d3fe9dfcffa67779e0cd92ac30bd45,1558593
3183644,699352f51e64349cdc560d7e6757e590,1558593
3183716,2aceedc3f2b14df51ba5e3dac8f28281,1558593
3183733,2cb027c6012036649a190fa8ae8f8d9b,1558593
3183734,83355c20d94acd86ac4a8f72cb1a59f5,1558593
3188402,bd54bc7733a458169f8bc11acd1e94b0,1561185
3188403,fb99caef0d091a13c3c9e4508e71f01f,1561185
3188404,6d8881e55b0fd148af6caba2350e2261,1561185
3188405,efba47431ea8d52571a4831e72cf13a8,1561185
3188406,a48306d7b784f07644ae0a13e07318f2,1561185
3188407,7bd28d00d46eb6c609e182f3639b276a,1561185
3188409,56324acc88f05fa0a418df716db8c73e,1561185
3188410,6264688378a78f62c8c69b6ad9da2985,1561185
3188411,abed1546b580573fb55aac63664772de,1561185
3188412,f5c3bae064c54ea20f335e4fb2b476ad,1561185
3188413,7580d86863ff7e48d9ee55f365b29f59,1561185
3188414,9c92ef04434c96709874cf220aa60207,1561185
3188416,55ba3fc291f46afc8eb8f1407a79c1aa,1561185
3188417,609e4bd14e4f2b955adc497fd3581867,1561185
3188597,6d0e7da78cd2d74545f96c9e038c3cf9,1446083
3188598,159cf8b02c909a5f62169a8ec8fa33d9,1446083
3188599,7ca48ccaee9a0c2472e61c7444452c09,1446083
3188600,4c5e6c11ef879d77f5a4483aae0cc36b,1446083
3188964,5879909e36bd1309d00ef296333b4b05,1561448
3188965,d361b99a1c02cff66b5d3e009af5e4f1,1561448
3188966,b55a07781311e89d80b5525f81b192cc,1561448
3188967,d744bd0fcbeb0c9f8d98c9ea02ebc59e,1561448
3192076,191c1549a837a115ed203d326e7af97c,1563147
3192077,2707ebe461819b2e061fb67957992163,1563147
3192078,ffd4e0d2c8377007e00881bfeff2889d,1563147
3192079,219e28a409566cd2ebcbd556d9c00f8c,1563147
3192080,dd23401895c59405023f2786148e1be3,1563147
3192081,7a1bc55a8bf6d0232cad187ba6ce2d85,1563147
3192082,e7d917945829a4c8d1025e20464f8b57,1563147
3195448,b325c60be2fa471fed7516c4a33f7cdc,1564775
3196424,0a2393b755777c924a8bad265fb069e2,1526196
3196425,b15993304d1d5743aaad1ef7a9ed654f,1526196
3196807,77ddd24900f45e9e2ea61e78f26d0d11,1438897
3196808,0b25baf31f4df51be438976b94d3af7b,1438897
3200765,466775982e232d16adf2c1ef2de24f84,1034509
3200766,796ed662ba71540eed9a8f801aab8889,1034509
3200775,e374c12259dc74fa29180d4e682a7c3e,1034509
3203800,02b20d324590d22ad37f72ec2a297d71,1564775
3203801,585068608e7290eb691ff38beecf9c9e,1564775
3205149,608dc9f0f4891dc4638ef6507af53056,1380255
3205153,4539d69dbe20becb2627a73d56fc6433,1380255
3211147,8f35fceb5b165f01696f940cceaafae1,1572706
3211166,dc934ca77c1e14027b4849bd0a596516,1572706
3211167,aea4833cfafb5b0759692d341254732d,1572706
3211168,0ce06f2f1d99e0c47d46feeae8b35df2,1572706
3211370,23b1fe747e8f7c09621f11ac9116f794,808948
3214406,567627adeb6c2c039dc4dab6af129908,1574249
3217620,e737036362dda77dd400ce5a483fa3c7,1575975
3217621,207d337ab8be8e3484b5b215ca9a90d4,1575975
3217622,b7e635916d45b7da74b98b9201326000,1575975
3217623,458e85cccb7095b3d4b30b44f4fe2a24,1575975
3217625,6fba3eb4e632b721c55ff981612a0355,1575975
3217626,822b6dd9e6a3810e08bf2e973edcc724,1575975
3222376,7fed69aafd7a79dd6bb9005a72385f97,1577462
3222378,8b86f95a64f9f487c3016e1a76772261,1577462
3222379,baf3977de7c2f753051480d8b0db9a72,1577462
3222380,ad74d8b833945a1501d2e1017cb2d01c,1577462
3222889,dd2d0030daad66aab21abefa94c570cd,1364787
3222890,fc8ccb0e181bad6d0e766a4cb48cf289,1364787
3222891,f5c836051f4bf82511c10f83617b5d37,1364787
3222892,2fddf607f83ef6ad32d68323755c0d91,1364787
3225659,44a84a9d45703256a7b45618d62b7cb4,1579707
3225660,c6a756268b8eae9be10bc8a2eb160818,1579707
3225661,60f0f5782180d81e289219e22e629d96,1579707
3225662,1ef3e99fe230a2a3c2c2256117d03a1b,1579707
3225663,4e513f3388645d4b50820c5c9f0cbc38,1579707
3225664,b56ddd8e714754f7db318aed7b96b538,1579707
3225707,18916f0125ed2e9d3c260776a863b7eb,1400718
3227229,3b005b3dfbadb6a325532c506b2a2e38,1231834
3227230,9e2cb7d244ec85759ce48b15c5a36db1,1231834
3227231,8771a336f48cb44cd15cc6ad629eb2f7,1231834
3227232,37e3f4ae762ef9b47dc05de5177db578,1231834
3227233,079356945860d7709afe9385465244bd,1231834
3227238,408aa5b109fcb1e1b2123b860ea79387,1231834
3230687,3126ffe72aa08328d5702eb4cc10308a,1439847
3235395,a406e64ac957a042f2204c9294e902e1,1584031
3235396,024cce6dc52d7bfdb299de89b6b2b024,1584031
3235397,4fcb924623e5d7a876f858d7438d84b2,1584031
3235398,b5b74b856ace1967676abfebec3d436d,1584031
3236392,ad7b5e1106d34a45e11578062bcee4f1,1584414
3244289,8c4a56cfe137ed1ad5db06db6e88c3df,1588473
3244290,af9d28933928e09125084bda598bf337,1588473
3250713,0c00e1a7e1c367030f0f9122ad4ea98a,1591620
3253520,10a7cce84bc25db074f62961f558aa16,1592995
3260897,856df02d0bc4c148d94ea0809a31053f,808948
3260898,2183758f3f6244fa477fc89383b50430,808948
3260899,2bac8f0d221a963c39216a479d455510,808948
3260900,a23d3f67ffc9c4de329ab2a42f6a3fe4,808948
3260901,600c2a09324c792c8083d2752b8e1950,808948
3260902,84ca6f20155904a2217f7c2ad7634c1a,808948
3263262,51fc22e598b21ef8945a9d721377cd6f,1597869
3267244,42027abfc78095e399e46481a8bd16d9,1597869
3279929,5cc2f3c94ee00c99a2dc133da2a4ff65,1606251
3280783,9395cddc04b370e84e9f68495d7b3e0a,1606686
3281146,b9b8d3f758facb28eda73809842969e2,1606899
3284520,27015da5097d4e255a28a702e20a1ca0,1608511
3296926,591ade44605ba8cc6103a0b461f393ff,1614851
3296927,386ae9debe88068c13f7c7c5d04ffa23,1614851
3296928,02f21dfa4c08b947cb47f99803497e0f,1614851
3296929,c6d3e403ebddce77512f5736f1871a88,1614851
3296930,1d17b8e0d42dc11aba561d44ec8fa47f,1614851
3296931,09479b0fca382136770e9923bca1c631,1614851
3296932,83ae39f12a3cd3638b300ff62da4e319,1614851
3296933,8cc6e90e5d78f2bcfe3c7374f5d2a384,1614851
3296934,8954e624815a745cd6bf57b456629c73,1614851
3296935,ba2797ee0b37f5afb886e6fd210bccee,1614851
3296936,7ba0232b65a06bb2859ac605f927eba8,1614851
3296937,17840ac4d70a004ed65e13b3314385de,1614851
3296938,278060fedbbe39f0d8a51b46b949171c,1614851
3303648,ca503ec320b54b5a57b10e2f77791abd,1618085
3306562,7e8864f543490b3090ceb09b70c5141e,1619509
3306563,3cb368fd09ed9d135312fefd1f0e4fd8,1619509
3306564,cf657865a59d277c872e6ad9ddff1b28,1619509
3306565,3881a1167f7dfb4ba7ed6cf80a54aeec,1619509
3306566,ea33d777c6621f653edd16f3825c8a49,1619509
3308402,649c432fb064acec066ca8bd4407bae2,1450617
3326704,a0aefeb940f831eb2659154e4ccf6852,1629611
3328164,7109de6c5547e7202da8d4ba2128a83e,1630285
3328165,499db5e03c57c84e00472ac631144e2e,1630285
3328167,689bd9f514b4599f092d277b987a822c,1630285
3328350,a50a5e59ba8d7fff33746da2e5c1deda,1170842
3328351,957d58cf81ded654d0eb51d5de514891,1170842
3328352,f3584a1feeb449c7046cb3d86f19219e,1170842
3328353,ed8d3e6e732b2fb57ad0bce998370bc4,1170842
3328542,cf7cf5b348040a02cfbb5c2c58722acf,1084285
3331562,cb99ea94de950cc9c8dc60989c8908b6,1632108
3331563,8d4d91351e2220390f3b75ff6ebbbab8,1632108
3331564,95c67a5ed38d1f3d797d8cf1abe3a0c3,1632108
3331565,0110d183b0739ec7e3dd75dabf15facd,1632108
3331566,b0307d03d8d4891242ab56bd82275824,1632108
3343881,b52928e7ffd80cf3ec44d3b4c9f3abc6,1638266
3343882,a5ccd00c91e62a8bfb4aef72f7168b76,1638266
3343883,637fcb1e53ee2028c810ed3d11aee4dd,1638266
3353008,a6ec2338599c854265cdc64a5d5d84c0,1630285
3357106,90120f7431e60a99611cbe6444972e59,1644647
3357107,d55f8fed4cf3903022f71c17395dc010,1644647
3357109,2408c47ee5a63e5b0c348081f476c34a,1644647
3357110,d52820dc70c91ee0130c2c8ea21d0fb1,1644647
3358080,45651ce0a5b2a1ab0c78aaee177bbb00,1638266
3361869,53965baebb3df7805db70478ee89db73,871016
3361870,76b0c4e1591cf1a45b80059568cadf47,871016
3361871,93cf61ec582216b35e1ad9039f5317fb,871016
3374444,8a049158151a8029a6e871c6293f455f,1653160
3379512,4571d26f177021b4788674cc211ddd68,1655638
3384166,acf3c1e42d3c10f7f082c1153560dff3,1353659
3388129,5581160419a7cbc7fa6bf692a554ce45,1655638
3388945,b579671f2a4fbdc4bc63d4ec811cafa1,1660098
3389880,6251787224df6fc2d0619b768322f2c7,1655638
3389881,00fbd3583daf8d98eba4f9b3fa36cf24,1655638
3391260,893ff37b6349afc3a8ee9138d849e276,1660098
3391261,5419cf599545babff83823f0e71a1605,1660098
3391262,c1fbaed43acc0ec9cd70409df0c1ba2c,1660098
3402546,ba680d3555f74f1305e4cbe96059cdd8,1666553
3402547,9346a8c3b96ea34d66f11739a4db93fc,1666553
3402548,d2519d3bfd3082f5c2192a46a784a59e,1666553
3402549,ffa8e549d6febf754446513b0761207a,1666553
3402550,9f21607fc193b55e10291f9f68debd9f,1666553
3410947,ed171b5f9ebb29920354301410e760a0,1670003
3411314,724f9d71fc24fda6ee75cd7ccf70cc61,1670140
3413311,aee04932b54330f96a87eb946ad412e8,1671141
3413312,9cb659ccd8166241c9f362a4c07366b1,1671141
3413313,b0403c9da81a994437487c201d1ce804,1671141
3413314,b3209797f87708e2127e0efc4529307c,1671141
3414664,ea4a33e40c6123c5cc81193cea84ea8b,1671838
3414665,92b612c86b7c52db96858465e984f48c,1671839
3414825,bdfa540989d7c8fad077e76063c07d01,1671903
3415974,a043a63af651d1d40ed18f4a1846d8e5,1520686
3415975,cc862581719d38973f3f6dd2b4e91363,1520686
3416929,4d9bf0788dd558d3f7e4c7c95c8e02d4,1670003
3416930,5bf23ea82d8dccb60571eab36c54ebf8,1670003
3416931,c3569f972b94d17da9bf2b7a080efa50,1670003
3416932,bd7d5282682fd46186fd6acb609f40cb,1670003
3417449,da282e9ad217371dbca23ac74fe50196,1520686
3425293,5afce30cb1dad0e3954b39b456f2c7c8,1676679
3426693,059b340f6591dcb985c82d3f96ea567d,1677199
3429096,a073c198d5e6bc8fe31c4acdb006ec86,1678453
3429136,fd0dda5968b23aa2c288bc595571b9c9,1678453
3429137,a7aceff5f8230cb6c79eefc06e4162d6,1678453
3429138,7af6439029617a71e94e9d3539d1a2a9,1678453
3429139,b4bd223090a2cef72d24f1b3ca335c97,1678453
3432768,1084a2ec8e29103e7068a54459b1ff8b,1680345
3432769,6906342d088468c806b4ce00bea5bc74,1680345
3440885,c06874b3c0b4482be686d6b3b0a2ef22,1684011
3442422,cc9a6517c3db79e1912e4f283352dc4d,1684822
3442423,503d7f4320d14e758e7c02388164d3d9,1684822
3442424,a4e344f00b06d21bfafe90146811871f,1684822
3442425,f2f13471b89835e7239926d29f7bb1e7,1684822
3442426,69abe95cecd9c304a8ae5a69a85ba22d,1684822
3450870,24cf84b3db5dddc720a9b096f39a79da,1688622
3450871,e2e80c182b5f3d103c97f80f4b5e1ea9,1688622
3450872,01d32c3af3a44b8e92aea969f32bc461,1688622
3454243,cc8aec8618e76364ea8d3cb6e1d5177a,1690328
3454244,60f14d4928f52a589607702a3c6c6d5a,1690328
3454245,eb634f1c17dfdea066dfa2406058f4b3,1690328
3454246,7ad4d90d738ddaaaf729a5efe94bdda7,1690328
3454800,95c7b1a4b981e895d42d2e2e7312e372,264677
3454801,c6a9b20de66585cd20ef2b2164375519,264677
3454802,07b2c54f1440749b7da8d353e4bb2de7,264677
3454803,50abf3f2556a34d5409d5499aee0763e,264677
3454804,eaf3fdec988b1d693f92da6423bf07d2,264677
3454805,f70a01cc35d208d9ceb00e611483d02a,264677
3454806,5de59ab27dcaa971001f26018fb1863f,264677
3454807,f22d2c1a7e3bb5b5eac90a502d3dc2fc,264677
3454808,817e57856c628c03a7ecd9e07ad5cf0c,264677
3454809,137cfa79e77333c6633b12e75e17ab59,264677
3454810,8e3436ad5ba461f12a89b9372de293ae,264677
3454811,706eab1b44ab7559897de1830d8d63ae,264677
3454812,6c59c25c45fb08218fe550aa53087d93,264677
3454813,586c522b371af03e5ae818e24ebe77e4,264677
3454814,4c504ad76f65094c045c5c984e1d164c,264677
3454815,2f83ba31161be58adeb6731b2acf667b,264677
3454816,c08a904a06d34f72ab42d32c54a3f0ea,264677
3463278,d23d61677eef98a63991cd0c6477f5ed,1666553
3470116,9f14a956cac1bac88573c4c1d367b705,1572720
3470121,f072a460b4c6a5b31a21366c01d05fb9,1572720
3470123,006f3e1fd6f7a6f45f9aa812cd10efe7,1572720
3470126,7583ab2f633899f653cf8760ec2c31d1,1572720
3470129,a0b249922b1338562694b9f19acab7f2,1572720
3470131,0622e8159469e1f633c13258e8241ce5,1572720
3470135,76ba1fbb769b96dc0c83a1cf18c157c7,1572720
3470137,68dd978787bdb109873eca4f9ddccc34,1572720
3470140,a8b33e29a285df4e9a0dfa6cf0d121db,1572720
3470142,fac3ab23eb2788952633ac8557b99221,1572720
3470144,c7de51c048fe5c547db25915b52277f3,1572720
3479767,3441055fb8fcb137353e36b56ec6e89b,1034509
3482047,9802c5bedeb86feba75e4471579c8a7f,1704136
3491505,4da8391c9a753ca1116733b5e74a9e5f,1708692
3491506,c017436760f8b7d03f1d5ebaeb06ae9f,1708692
3493108,434eb3bdd69be7fd723158a3314aa554,1275653
3493274,1bb38cc5962d54f333266ed5f1bb8ffc,1709535
3493275,7af3cf6b976a00f350925ca5adc74ac6,1709535
3493276,9b61aa3e5984d741d844b5e0803dda51,1709535
3493277,c5e231b9403249e0fd023ae2293f1dbd,1709535
3493278,2a378324cff625e708d237932d84ffc5,1709535
3497634,31836edb7d5948544f6b6234ccf31833,1532787
3497635,58a8551cf7ab711423fc2975bfb0ded2,1532787
3497636,863e0bb0869a12b331a064db445ed312,1532787
3497637,033a29671c07174ec53a87ec6a9bd416,1532787
3497638,673f9cd17f95325ead87d60df681dd03,1532787
3497639,ccc7ec493ba76109235e0468baf7a184,1532787
3497640,002dd2ef06daf79a7a0525b2b03b9cbe,1532787
3497641,f50b9f0cb0f954a049b285bffe528274,1532787
3497642,930f07263439d9a0de970ba2999b9cde,1532787
3497643,22656494005b3171d3771c14e68b221f,1532787
3497644,f32f59fc001b26f406290093440463c0,1532787
3497645,37296bd90eb66e9c8bd3ef3f3d2b665c,1532787
3497646,9d96cdba58342c7919e7f7b49572de58,1532787
3498609,c7b961fcd01cac3b3fc7ad60b403be64,1712175
3498610,10d3700deb8678ec4364bd019f9e4123,1712175
3498611,758ae3ccca984b00e2d147f2528f3ee5,1712175
3498612,5b3623c3d74e845e26ad4516a20b9e1b,1712175
3498613,dccdf862a940f5c32dea1e9f948b07e1,1712175
3499194,2ecc161e26eab47a671d737a2970b06a,1712507
3500170,6fe5cb3aa57c7390f501c3fc61ba7481,1463567
3507350,16e7060326259a4f5129c0f7de72d04e,1526058
3507352,39e1974bc4813db65bd944a29769b1e4,1526058
3507353,b22538bdfaa82d473db0897cbca1a633,1526058
3514857,21c200ca1eb11c98de510dc7e6e26c7e,1719905
3514858,6e1aa1f8c5fa6559504301700810891f,1719905
3514859,6ccebcf14bfed374ce7ab595a0a6bea1,1719905
3514860,47fee7ea5f816df5750fc3504ce0e962,1719905
3514861,63f71206e153bfefee41b29f0770d347,1719905
3516082,00299c9db393caf51c1ee6f640e31e11,1720516
3516083,d3c20acb62cdee9c74dd85974ab421a1,1720516
3516084,9c8eac3b99dd7647239be78c0064daae,1720516
3526591,5750987e30c918cc724eeb93c1af806b,1128610
3526592,459db32a6b22f7db1b5177a676c866ef,1128610
3528053,0203eea8317384910bed832e4c6b220f,1726370
3530797,0b73ed210dca0ba7125f9235f4ec9b91,1726370
3531223,21ed4181b7d7fee79cfc517e5c76d80d,1726370
3531224,d330122d232353f041b5128edc98a65e,1726370
3531225,53ecbb3c9c46d153d276faeff54a5b1b,1726370
3531226,d5f9b487cfe2b825909d76f628cbec04,1726370
3546866,cbcbbd990147a2b188ec182b5aea43a4,1735388
3556052,d0de58fb46aaadc5bd7255ebbee3808f,1035686
3556053,2d3a361a4b631764dd9554fd1f58d778,1035686
3560499,945dfbdea02aadd7b23c1522705fbaba,1741640
3562093,91c71b380b3246be9aa468d27577dd99,1742468
3562094,946b6868941cf908581c7dc58fb8aa32,1742468
3562095,4bbf340b0c1fcdd7f3b17c81e2280fc6,1742468
3564434,4a4d0ff0a4619bab70a2d9c788c25aa2,1743589
3564716,e4ae1a03f1dc3fac816f7e606d5d25ce,1743718
3564717,7193cd5a3f12a4fd1aa8b68f5aa6e565,1743718
3564719,fab08ada9c05b8baf844701f6c665c08,1743718
3573214,95fe25c708d72365d6417b79021baef1,1746870
3573215,6a9b14128888bc825ce6b09cab08d790,1746870
3573216,13d204648416c62699f5522e447fd35e,1746870
3573217,0d0779b4da65f538379bc25066255ff4,1746870
3573218,002bdf7b6e94894ed3b4680b16c1be00,1746870
3575492,38b8a85f966f466e2204221d7b7b2693,1747998
3575493,bde56b0a2f48841c1c790e4ff9dc4d88,1747998
3575494,990706aa904db8eea29050dc044dd2d9,1747998
3578174,9e0724ee1227aee2732fe5e5aa6c72d6,1720516
3579565,a9f691d9699f482072e9d010990906bb,1311103
3579566,e7f1783e3773bad4fae8388125c2b8a5,1311103
3579567,db2c84ecf5062255fa83346373299337,1311103
3581085,bbd298a7716031d3fcda2df78518f0fc,1750422
3582448,6e1fcb20e345089e002c9550c1e3c2fd,1751091
3582449,bd9fffb90966434f9db122b6cdece93d,1751091
3582450,aad943ea2eea21d69634b98055259c36,1751091
3583647,d1006ad97b0eb53d9006e73c8800fb6e,1751663
3588518,3eee0f1e3526760225fc4b788b876412,1035686
3588519,7bbd534d4bf95dbd17712352ae215028,1035686
3588520,05449bc5cf45daf2c8188010bdc56c7e,1035686
3591476,bcac6f89ad3a418fb175615b915c76b9,1754965
3592063,2c415749ddd830d60d3af77dede11dec,1755294
3596045,c9e0ea065deca508b59cccc7d6958546,1757266
3597580,e3310dd48e62c229bc96a9d1c5487846,1757947
3597809,5779fc9635d6a0cbec6d79c14c391802,1758068
3597810,4493f7448a528d725d938c0a30dc8f63,1758068
3597811,7110624f6eba8893a87f6389f094807c,1758068
3599082,9294a0635989504bee02340e39d6cf19,1757947
3599083,555ec21c1a1eab7430cb356c14ec4540,1757947
3599084,46a5ad2d40eef0eae49569cb99b1d9ec,1757947
3600990,5b269018decaa6c50428ac6d48866204,1759474
3600991,037de31b8d35dbe4795970621e9fe646,1759474
3600992,16a5b633cf0bfad3e66b680d6adcdb9a,1759474
3603380,acabaa20e2697b892ea39fe2b7c70023,1760594
3605602,01d0c345d4276ecd8cac943bd870c6cd,1742691
3605969,14ccaa0cf63e7d980a65db632e18b2f5,1761807
3612553,8de582c966e8f8c79c717cd2eb51ace7,1764892
3615820,72f5b3a953655e5618817a888d734dd2,1708692
3616979,f49824836cb10418d726d79e9fe5227d,1766981
3621892,44d34842c44a56cebc19154a09fc04dd,1769310
3624478,a065de7fae4841ae703ed963dbc80210,1769310
3643666,a1e69fdc3d4f2aa3e4258b7f6d4147ce,1778490
3644356,e964de11ade0fca746e144741e2c667b,918068
3644357,91833eb3fa68ebfa59bf1b6a4e7aa6df,918068
3644358,a85dacea951fcab563692cba2151351d,918068
3645191,06eca4e83c303077447551e8e7867c1f,1755294
3645837,c0444b9656a9ebd84408f11b65a945b3,358342
3645838,014eb27c3b71d066a424cb8ec21aae6c,358342
3645839,45a7595fce05e346cb96b8fc95a537ea,358342
3652827,3390322cdfacd17264dcefafb9d79792,1783648
3654440,d3316d76cd8fd1edcbc03746e2979c28,1754813
3656728,d2cee16e996ad1572da05cc7d7d52e85,1783648
3656924,8ed51027488256ee709d991f47eef6ea,1769310
3658132,4995b7d268746fcdcbc266c098c7d353,1785559
3661334,e99a7060eb0c0d6adc91474369d60873,1787141
3661738,63847b0c0d4354099ecd9f557b778ca6,1787322
3664445,c376e382c1329592b4b5087f8580133e,1788538
3664919,7a74bf977f1a0a6601c3841bdd8ea77b,1783648
3669836,1e4a55ab71c90f63689769063de9ab03,1783648
3671540,fa1869969bdca51e869ee900f28ad1eb,1791620
3671913,8d0aeaa9d96c2f9bedd7653c42407159,1769310
3682077,d6938324564d649f3e947eeb2c0e37c7,1742691
3682734,f6a527ac5aeffd5474e351d35b989126,1347379
3689116,067fee8235c00d07ea9e2957cc2c7ef5,1457877
3691884,d84274157adb5e3eb6eea9d8cf3d3e5e,1800790
3693481,76064f2f613e28fbe6cf520de5102006,1800790
3695849,b5aec618d5b3608be91b55da1aa31344,1800790
3701917,74e9e2a89acf335004dfeb933206cdb6,1715032
3702300,1e280fb2566f9cf3d4a3a375064f15c5,1778490
3702303,e8d4dd3df96cb29fa38c2738cd1bd527,1778490
3702592,86e9b734fad10e0ba996abe2c747675c,1805498
3702597,18200e0b703d69852cb9b445c8f37c39,1805498
3702598,5b9fa9af24c614d37c0c1496073896f3,1805498
3702599,e3fa5ffa63001617ec35cc319defaeb3,1805498
3706399,37367189f51c825fbd89440d4df9e306,1807266
3706400,5f8f34049239258dee408c8ba83e3ff2,1807266
3706401,1dcd465d2c09743e4ab22891f8ba0d9d,1807266
3706403,eb9e615c345db3575a3b320f76af09e7,1807266
3706404,00754b79c7a855787f2e5d83aeafd022,1807266
3706405,d0325502b12a1304769631e8e682cf6d,1807266
3706572,b739f8859dffca737468cc222a52bb6f,1807266
3707750,57e687e81e636d7c1d531d7fe7795093,1801972
3707805,586af18fb5e8f4ac1c228516e82ae93a,1801972
3708644,5f4fa66209e89b390d116bef48927250,1808358
3708796,e288eaf94e8e39a282890840c3ee173a,1808439
3708797,c5dc5aa7574638d78b77ced8cd0fb93b,1808439
3708798,92e864f6806d053c771d84927bb55dbb,1808439
3710476,a9bc9b9f28db24bc2472b36acb84c1b5,1457877
3710859,3a4835e5c7c28b82344bb3869c1a8cd0,1809252
3726821,63b1a7ebb94bdf9e911a76677537214f,1816628
3729502,d12bafc493a8ab20dba1af5a098702cc,1817816
3730945,5ec6eb25166dc5893874abd348b24cea,1818450
3733558,071a73e3bb117f682744970cbfbd03fb,1809252
3739219,c55531d5b90a92c004f19946c3235b82,1755294
3739986,548db56b42fee4fb4837ab07e16c6300,1822620
3739987,a5e737838d04ac1c1d405fbefb382d2e,1822620
3739988,4946b196ce9dcd4569175f3875a015eb,1822620
3739989,b4613a69e13e670ea01dff88a86dc97f,1822620
3739990,d0cd88a5468c71adb6b8e21d076a7609,1822620
3740085,3af9e8b4b1011b7266167bc269536c5b,1822673
3740086,97c190c576d96f7848102928fdc64cd8,1822673
3740868,52e28b4fbcb0e53eb47d3926ad2e9248,1822620
3740929,61cb8de65c047425af3ed2d4e0be2479,1823120
3742641,0a333c15792adcf6d993c2a0ec5b8f3d,1823962
3742642,4a8417770a17ac9db78c98d8ab53f34f,1823962
3743147,1a9b4db91ad0e843836c6d97569fe785,1824210
3746102,12d43866c3978ae1406f954bdfb960b5,1825399
3746103,fa9da712b3745929011f8d53e68afc0d,1825399
3752552,bf56e5219522e5d07a02f4e9bed1947f,1828397
3752740,bb1f949c1c7c4f00ff1a69efe2a82bfd,1828486
3753910,2d3ae5d1ee1baf3561932702427dee24,1766981
3753911,80de793e396f7313fc36a64b0e46a25c,1766981
3755586,a838780ceb9615fc99eae2d762b47cab,376703
3755587,e4a783d75149e2e062357d973e301770,376703
3755588,ed920010c2cd131a16f29d6c1e70f612,376703
3755589,5dd98be08e54aa89997ebc03e6df0166,376703
3756090,d1304a9c9343423775733299a91d573c,1830086
3756480,2d75e3cc0748b6bbf6e6b72c258316d7,1413427
3756481,cfc4ff7919daf006375f64626d4647e0,1413427
3756482,203375ac9fb471f32777201d6e95d138,1413427
3756483,6772f54afea637b2906bfdef0a766f15,1413427
3756484,1eeb8e8af88f1eec6727109fe983aa4b,1413427
3756485,e213f544f5d7b2664c825e976156d2f4,1413427
3760012,4c5ca97e32db6bd83d59dde964f61a48,1828486
3765936,def5de5f3e81a3d72ad6336f3656c152,1579707
3770096,44f5bf88823c4bfbee834f48f7f2d6f3,1836209
3776256,1cee87addcaad84012b4bce3b9f3bd93,1838778
3777276,1ef937871e7b844ec2635362fe672b32,1838778
3777277,6a4b57197c3187d7d572c2f5d7e7ff1a,1838778
3777278,7f6fbeb283a1737493b070726e22e9dc,1838778
3777346,e9a76ac88db021ceadd495d1c84e8f93,1838778
3777347,7341752093f3ffeb6a30ff2e84394ced,1838778
3777348,92a8486b9237dfb4db92086ff3f291f7,1838778
3781021,7bc027e1c26faeaba17ed54dc1e56c92,1840885
3781197,b910695283dc0de4538e815bd269d614,1828486
3781198,b859161fa058767fc317f2733e58c663,1828486
3781995,0e17264dde27e58d41745a1af2ea7611,1741640
3781996,579624cde6ce7888adfdd87fcfc1da93,1741640
3781997,215148525eeebd506901f45bdc2a5243,1741640
3782005,ed910f4e19f8ca8b42e74b9e883d838a,1836209
3782697,79f085e6778da9d400144a70e4bc3903,1828397
3782698,df5fb67c9900ad5b67745419417d9c59,1828397
3782699,4152fe8cbade9ded1a42562ca03362f3,1828397
3782700,4ea6dc24ef473eea74a7e6d1813205e4,1828397
3783176,0d642bee780d219c8f8a3cc48f1a09f2,1572720
3783811,2cf17e8146776c6d36bfc40d65b58923,1842152
3784109,bb180c9b0b25b3183eb03e8d6b764fc2,824051
3784110,a729a1851ad93f6f5a4060dfa11accc1,824051
3784111,95a3df9bd86db97796f9a5b0e3a148b9,824051
3788206,fd6467e65e0a1230889c949da9906f2b,1844211
3789381,f0452a1c9ce46e1c7af4e8e1b2f58b7d,1561448
3790784,1d66bfd936d13f6fd4d720bb4196ffb9,1845408
3791286,0712774221a343ea209ef1ebea6e5c57,1845627
3792252,79d2f9fe922b343b056d1559909c7f83,1846046
3792661,79e85bb9bf89e67702c9047f1ff7ac03,1846256
3793349,06a3167c862a282cca7085a672613bd7,1845627
3793380,e73293bfa0547486826a7254d2189295,1846644
3793381,bc3fda23559996f97ff37b455b5e190c,1846644
3795569,738fed9e2258c79f33e4d2f9041e4a46,1847706
3796290,a90244edfc5e607f27819c7cbf805e64,1848066
3798609,c464daf9c50586688bd3f4a4bfd29a90,1849165
3798610,fb2d756fbd602bad8741a8264d63fb0b,1849165
3798611,a549f540784f97cb5cba8c0e0d16597b,1849165
3798612,68efcee96d950d2d6d5804429f2b7996,1849165
3799040,9c8ac24bca1d16f5a73c5739b3f4c21e,1845627
3799889,25d0ece281209e4d49e9d0035994c75e,1671903
3807222,7e9bbe494a846709a986a0e56d7df941,1852890
3807765,ec34d000cb3ecaafafcbb2fcca5a21d2,1845408
3810155,e2510dcb4ef31e6c92c874d5a7c30979,1854144
3810830,30f800b1276db007e8d8e9432e28103c,1854516
3812236,31a7738c795f07c8401db70d08032157,1848066
3812238,20d8c62d0450c50f560d9b75a11e978a,1848066
3813219,85e722ffc9aacd319cdad7fc9e43ef9d,1855635
3816039,ed18e4132ab6358b1f47d6717dd18753,1856758
3816040,1281233419a804b006e3c0ae7828f9fc,1856758
3816041,66ffa42b262d1d7f819aa4b7822af694,1856758
3816042,6bfce9f3f6b7b9985fd0d432447f7508,1856758
3816043,f4e8e4b996c0d7205130359260d61f20,1856758
3816689,837a021abfa49e6b86cd781f5c4474f3,1801972
3821681,9a8a96a77b2dce637735ccbdfa08f3c0,537860
3825324,354a7c060ce141cbb589d337e6f01656,1791063
3825995,c8a87efdf72d1d662b8b2c2f19042027,1845627
3825996,1fe5743cc49ff8b82effc19ded697a1f,1845627
3827154,1e090ba7f2d9639b57dc62a53a64b36a,1855635
3830043,ec7ca48d5af1aea3f52836a81cbe68a3,1801972
3832970,c983605a37f2e6f5c2f6a7f9e254b9e0,1825537
3836362,452c4277d16b12e4337ef0b0b8390f78,1865149
3843786,28df88d5d30ea5efce08c11c7c68f4e3,1585559
3843989,691d928037224aabea8bf95f68b02753,1572720
3843990,058d66e403199648d4a8fead5015e91b,1572720
3845529,3594657ce14677343a210fe9089e2b1c,1869102
3846506,bfbad8fe823078dd200d079a87b6dc99,1572720
3846585,34a1d80cd674bd396bbbaa3e6e28c200,1572720
3846799,74c928d4275e4ff445626dc65e2df3e7,1572720
3849578,94885d8a3a84bc0b136ac6103126e32c,1572720
3850728,4f43608f2ee74f7cb660261698aa3de8,1871491
3852494,acd3f6a61391ba9a76d432d4dcdf4e68,1872276
3855492,60dd43ca5dc5d1ffe9865e06e2444458,1873673
3856001,8e1081280d13c0587231297c7c2ba487,1873937
3856002,8d6554ce673618508ac85b18d9c6e208,1873937
3856003,529d1eede6f1d99866a426819abae0e3,1873937
3856004,fa3a9e2befb2a782bb5f7e135e958e5b,1873937
3856354,fde29b08b293c5cb5dc7a68f40efe6e6,1572720
3857012,e156234cc917e397ac9b47617885a1fa,1874409
3860110,81582844831a027200c548c3aa4775a0,1873937
3860112,de0bbb686a81042d55cce7088d491e38,1671839
3860113,6bf7b17ce6c9e0c88e140648258db853,1671839
3860114,e3935e42b2ecdf0b2f6d6c360b514b00,1671839
3860115,50640273c0b3449ea72f90d51ba71f1e,1671839
3860116,5da27cdafe66b65dce998cac681ba990,1671839
3860117,03072e4892a615086ede7623116e6d7a,1671839
3860118,ed4e126eb90de64ce2d95cbbacf774a9,1873937
3860126,35980d54167f4c296a48e85a5bbf98d4,1671838
3860127,2dbba599286fdf460b76fc86f46d7189,1671838
3860128,2383e84721d9ec2381313981cf77770f,1671838
3860129,7f1ccab414d3b5cb5b4219af41127665,1671838
3860130,1bf0848706d09452758118bcd0a7a239,1671838
3860131,15c17619cc71139a90e257a73c3879e7,1671838
3861846,ab455a62f069610594e3cea3f44e5c96,1876516
3866380,2db515584fa17f53a14109f963855da4,1878315
3866387,e967c8638e3a16374c598a2574eb9f09,1854104
3866394,741f6ab7f57cb4cbf531a3ac10d20c2e,1878322
3868668,6f7a6ab263caaee17f676633bfad0661,1879228
3868669,f1508c9633d6d529b304d1e8e81083b0,1879228
3869242,96c1ff5eaa5bc2b7a66b0b63a4555a25,1879057
3869243,c71133eb44b3805de403562eeb78a4c2,1879057
3869244,559edf0fa8b1135adf0fd3d23e0cb902,1879057
3869245,1d0dc1e3009748197923f43ea9438961,1879057
3869246,71d42dcdefb82c70732e158c1a73db0c,1879057
3869331,07a0e829a453f7d9abf7f5b6e5048406,1872276
3869332,b7856d558204b36b9fcd3b919cde9140,1872276
3869333,bd919b3b466888466cf59e1bc9be1bf3,1872276
3869334,7b24d00b4189f1dac5811208c8768e92,1872276
3869472,203262229f8c92b87afdbb9da7120997,1879397
3870997,7db3c56e5861dda68d5af91a7480e444,1880259
3870998,5c671786289f2156ec169b896d5f851b,1880259
3870999,93f3f9a3d6500ed396ce1179e4d838b2,1880259
3871759,34b98351e32ca3db24ea9fc0055a923b,1665948
3875943,df0d69c0e49dce33ed7521d01e086034,585451
3875944,28b47f816f5bc80a219f9ed0dfebf249,585451
3875945,0db06451da815b2d256d24f18c1ee74c,585451
3881162,ad79dafa2f1d96e317c5d1d6bfd27d5b,1885031
3882071,b8c8e4df0edd6956209c0524c15a9dd7,1885413
3882119,4dd28a9707fbe6098ad554a8e373bbb8,1885413
3882121,e31495144cc82e4ba9ac1be4e3ad46dc,1885413
3887902,c8ecf6098ffebc209b6f23243295a55d,1887932
3888398,a516abc83b81a872359a139e152dc4fb,1788538
3888399,fbcd46fdbace6c9323ec3a4325c890e9,1788538
3889543,68a68b2073e3528b6ceee9e92ba78c4a,1888601
3889544,cac1e957acba3156b9ce475d0a785181,1888601
3889545,f8553bed27d83fd651e7b656702b1930,1888601
3889546,e443595a9a4a9730e6977a671db60fc3,1888601
3889547,9b9459ecef8eb45cc0a06fc2c136cb3c,1888601
3889548,8046fde228fac2c117029fa44af70fb9,1888601
3889549,cc391b836f494bf853d62055219e49a1,1888601
3889550,e20c07a61ec8dc17938486b118748f18,1888601
3891770,f41ea593778e2a36453a5cdd7eb679c8,1755294
3895290,42811a7d9f4cd6c949f53ad6f19ff24d,1755294
3898698,7a344c51742880049d28033e8b12c5c6,1892177
3900351,78e6e4a5a91eae728f394645d8352c22,1892814
3902887,7f8805421fb584c73cd9170daaa67c67,1222376
3903154,d1015ae6c2af7d085d4582932bec2c01,1894051
3910056,055a4db95d23bd383de624ec651fec23,1896626
3911685,ef2ea79bbc6d3d7ae28a34b68d6eb010,1897904
3911686,9bbb1f0e661b8f16914ed901645af865,1897904
3911687,35ede88f27982f27092c09adb297d564,1897904
3911688,64e4a7718efbdd12f395be101267c55e,1897904
3911689,9300013de580f43e24fff64203cf66ac,1897904
3917286,cd8097742f57e323dc2873c1e75eff65,1900403
3918896,dd0714f6888683e38d4a1e5dfe71e9a0,1900403
3918921,2988260d2e7214b3b12f7e9228d99a17,1900403
3918922,9a94f3395b82e015aafee926ebb0a3ec,1900403
3918923,daab77c6eef108015e5bec61d82f130a,1900403
3925981,74a247f357806534b828dcfb5a372ce3,1904165
3926310,02b9aa6d51b8c91efaa7816dca7cdf18,911470
3926311,0c0a864a3a11c9ca528f92038da2c443,911470
3926312,0f2b926851839b6cb4e6d0a86195f965,911470
3927353,87fe7204f80a6554fce7be41a25fb13b,1904667
3928732,8a45b93b2f28fea4ccced820635d9c99,1905308
3928996,1d1571950a8d93e2ba9972aaa1c7dc28,1904667
3930918,3c4f942c0ceb86988a3ed60b5c3a7a92,1906295
3930919,63c97f60878874531b849ab5834fe215,1906295
3930920,d680f0847535ace45610084888026012,1906295
3931239,ce26bc54d88819df4dc7aec5850b66c7,1755294
3933386,acfec2b428f10088f198b1f5f649a8b7,1906295
3934346,a8a245d37bc601df843f61b76daaa6ad,1907903
3934347,1a2584cadca68f9c4ab576039a1c5aff,1907903
3934348,055394c35933c67c755297cfe97f2190,1907903
3934349,231867bbaf9280d80ef929b94ce346f2,1907903
3935649,024c58a88873082495efa950553aabe8,1908440
3937670,5c575dc6215928f9895e3333bd58bf48,1904667
3939978,edf1fd257bbcc7ec17e3e52dea424c45,1910139
3940589,8a88f4bb0b379038abd491365d8cb12c,1910455
3942214,894d19f3deba246afcd3b8baf0fba403,1347503
3943844,4a1297a20341dd2de9a384080d9eb82a,1904667
3945181,b0a87baef2baf5a1eadeaac2778317d7,1022162
3947157,fcbadf783142e39c462ac01d1ead5626,1913475
3947788,fa38b5cf4bc4453da703499f768c0ec1,1577462
3947844,4204332add637c8c38bf8c71ad8ed29f,1577462
3947845,fd20723e4d171b88dd110a222cc98dfb,1577462
3947846,ad1be91135027c0843808c4d8281cbf2,1577462
3947847,e95da89c277d68e8511631ee471a198a,1577462
3947848,290705ac970cb6ea9c84962a153a0a39,1577462
3947849,7326549bb3d72457082ff181dd4d595f,1577462
3950493,c7c63f21918e95f9613d673da694dadd,1914904
3950494,40d0a19212cbe2b46aedb2929d108884,1914904
3950495,209bc1d3256888d290dca3d321d0b92f,1914904
3950496,b0a3b3d23cc6fbdbcbdfff7879bf5880,1914904
3950497,65275fe7ba542104f0c26489e3909c99,1914904
3950498,20dfad2b050824415434799e9015455f,1914904
3950668,14323b71e8e9fa5f0dc942c684b8285b,1913475
3951759,2405aafe3578ff317362be5f65d3d8bf,1915511
3951761,b9011f3345f177c5d0e649a9cc81080b,1915511
3953698,b8149d84c18eaaaf48dba02de65e9ac6,1916173
3953965,887ce762e2377fed684d7ce812e2535c,1916300
3954006,5269fb32693201facd211801295b3689,1913475
3955081,94f0262e8b1586a9cbc58234bee0f734,1916718
3955297,9fb312d306cb1bda39f65a90f18da3d5,1913475
3955298,6e4e976bb1e90fb0590357339d3df746,1913475
3956381,cecfbde3cea11a519cb05eec1d820d13,1915511
3956382,19b8d2e7ce6a779812250fd7236f35b0,1915511
3956530,ef298e23242daf91f5e4e6f672303258,1917329
3957466,cb1f2b8c4a298a99d0bcf1be22f00d41,1917756
3965029,989023c302db9869360f4e9acb3d5bad,1920978
3965030,04b2f0b153235b8855dbcd9f97ee631d,1920978
3965031,27648b26f2890b1d9e9a3edd16f43759,1920978
3965032,592dd0dbe385532f0dacc35c16549160,1920978
3965033,d03caaffd2140c192cbcf08e7dd87074,1920978
3965034,a1224694fb1fa1c3219f548829563d7c,1920978
3965175,7adfbd9ddce773e35607f61b26563a0a,1347503
3965313,e567c219367ea08513a718484f75c22b,1921104
3966277,b2c21ed73a3845bcd1725ccff21431d1,1921544
3966278,437647756f009053649175743357e9d6,1921544
3966279,b06ede3c6c7a320a839f5254a8636942,1921544
3966280,bd3483eeec2160b90f004fbf8aac9c27,1921544
3968995,b8f81117192e33ee086c62ef671df4d4,1266552
3969071,c7a49c28be7824a09a935b90633dce25,1922733
3971256,5a1e23f23b68a29fcf86cce2428eb8df,1923689
3971717,c928c9972d3acdde731fb2d5130f6fcb,1923919
3973282,8e81aa86c59224c08ebedc29f6535fdf,1924580
3973283,0aa902989e0f51b0a2ea165da4b4d93a,1924580
3973284,fdf998cb13cc118b2cbb2143f0f83ed8,1924580
3973285,f2016908eb2109de7a919a52764669ce,1924580
3973286,e6a2eaabd203d2d17ef2bed67638621c,1924580
3975806,a5954da883654572dc88af5f5223e2b0,1925503
3975808,42a352c9bde0e2a2218073727a99b219,1925503
3975809,15498489aabf0e292f1ae2e768b593ab,1925503
3976802,c08bb9471f4995183af1e795c6ecaadd,1925908
3977176,571a34cdfd41cd50d6ed2ba7f5227df8,1926113
3983375,bd860f7e5f5bd6792f12061b65fd1f86,1921104
3983432,f426d2f4b8b81e39abf84d1fa78bd090,1928894
3984591,bd92460d8df1eebcfe869f4d4a2afd88,1874409
3984592,066aa66d09baf2bb3702226856c021b6,1874409
3986746,2d01770b258f96bd2880592a58647188,1928894
3986782,8a18a92c2300b90250320986f092243f,1930030
3986898,1b765e158d2c3e05247abe01ae4f5928,1930076
3987692,fda54622dbcc7d0f73d2f520e7f73279,1930417
3987693,49520715519a190aa7a28969a9e7b8cd,1930417
3987695,bf7d00117e6be445307e32c5eb8356f6,1930417
3987696,227ff98ddbffa367d7fc0e6ce77dfa92,1930417
3988022,bc4fbeb38daeedc2efe198f586b8a573,1930076
3988023,11e381e84616f393976250d6fa870a93,1930076
3988024,d4d44260232ea2ee15a638327fd4b94b,1930076
3988025,64741933bacc2018d788d428fba54170,1930076
3988026,59a8cbb8654d4ec8cc3cb0d88216a05c,1930076
3988027,7f694ee10b199068a887122680e8dd1f,1930076
3988028,03f9e568613652262c83a24f8e58d880,1930076
3988029,11a3001fb7104e75ed9a2684e9c6f58a,1930076
3988030,5ca96a000ce07b5fa4bd68b9ca8b24ad,1930076
3988031,c16d7e49c7aee26b58bb6a7da1c3681d,1930076
3988032,a3b7473578ab3e2cf586c06e2d9e4d37,1930076
3988201,c64ce95f60b22f27b9261a944b606241,1930030
3988299,0785e47c62948bcb2ddbd70135d5392e,1412093
3990921,83ece7504f0027401ab209f0d69cece6,1931812
3991992,07032e46505a5170b59e26b5b2d877bb,1773165
3996465,928b851f8617c6112057d2c91b20b298,1353097
3996856,d0534be8cdd452bf2bdb0371c4cec6e1,1934192
3996857,10ae28badfdc2ec611f1db4e668643b9,1934192
3997413,ed4a3681b4e85091eab1cb0496947863,1885413
3998362,48d16e652cf28504e8cf895fb8d4195b,1934192
4000066,3ec776ecad29b1a51ff7d91e373a2e24,1934192
4001621,8f9e2a093e904ea191fce15431aa273d,1934192
4001648,c8bf2b9a21c52af33e08f5e1ba59e83c,1936116
4001778,1a39fd81a469a848c44d9a20c377804d,1885413
4006941,26bef75d8e42fd6301ecdc8c35d3a28f,1938343
4007048,e2674e9803709123d621a1c6d9fa6181,1938401
4007862,62fc8ad0c2cde055eb4b5e7d95276c8b,1938401
4007863,467c2c42bb8ebdcf7b2bde7955e1730a,1938401
4007864,1b28020897758359c5372874ada7885f,1938401
4007865,1e16bf78ccf9a687452ce7bf9adc34ad,1938401
4009265,13ea61219d202f412a43c5393b2af961,1939237
4009266,444038869740a768a50b03bea0cc7ee7,1939237
4009267,5749c48aa618fc05bcf855d1af87913a,1939237
4009268,425d68af6995a7767b4f4e9a12170ad1,1939237
4009269,4d66c7dea63bbb0f22c4747feaf73e0a,1939237
4009270,15e33cb8723f11704ab70904a286756d,1939237
4009271,8fe74f5cd3ed45684653bb1c9d419f83,1939237
4009272,f1a23471bd71c309ff8a44da8ae466a6,1939237
4009273,bddf3b5a976e6adb29d49e22d92c8175,1939237
4009274,f3548d06de47ad1cb8ab545fed2e2755,1939237
4009275,6b0fcf2c51b95846d7f489ef17067f69,1939237
4009276,c6ee091a44e7f1afd3a745eec9b5329b,1939237
4009277,32b146b1fe52bf33f51ea62c1f3f2453,1939237
4009278,ff158b6cb27d168496dc757f29a37e6a,1939237
4009279,73130246e543818a226198b8cf075a50,1939237
4009280,9b6e6daf448289758e87459c298d1dac,1939237
4009281,4df62308da24a924a721610a33feef3d,1939237
4011236,504ca74f2b3d736a25c91eab86667279,1940058
4011265,7fa192d171aa121798c5ee0ed0cfd7ea,1940073
4011266,7bb8f2df90802ec2b56efa86d1eac22d,1940073
4011267,2bc5a32952f6230ba77445512a67a3fe,1940073
4011268,080f4b1d358310aa694a5633de236add,1940073
4011269,1ee3fad893d0d35341dd15dd200ba4bc,1940073
4014332,1a1b97927e6b80c781cd31d5c49d541e,1941136
4014333,c5b7e7460dd85bde0a8baf2ce049ca0a,1941136
4014334,97df38f482ba9ee1fa1b48e54f8cbf4a,1941136
4014335,09f4b28ff05f3b897cd2ef7245ab52c8,1941136
4014336,d03e8d70cfcdef06a864346382d20d9c,1941136
4019010,431bbb6cf889f3d7c51f279a0331e5fe,1846046
4019401,9c33635a15b893962e5c2577e1a664fd,1943126
4019484,8f4e86db58149dc06b736ab63a89599b,1943149
4021083,e960a41d8e54c8922b114d6e7206b8c0,1943786
4021087,870796ee6889184baa3822210211e59a,1943788
4021088,b4550d3fec0d87aab071d983fcb4217a,1943788
4023484,650517c6187bb6a49d0f3e97ded01079,1944795
4026495,4eb2a80083f5542363fb9f040b3731e1,1946175
4027045,60317f2db06bed6812be828e3fa74d35,1946467
4027105,478b5aec5b615d4fa5e177304fbc39a6,1938343
4034803,2f1b6c2a2cd9a85573e28f00b0aff684,1946175
4034804,a1855e4601db86a38af027c31aa2b243,1946175
4034805,16c37a0a4b30896506130dafa62b44c2,1946175
4034806,3997c1b64433fc303e2e819f2911927c,1946175
4034807,42299ca7a516f8658541a132a54f675e,1946175
4039394,a39c4a0eeef3050f79bad15ff97cc1e6,1943126
4040933,d4053a3da6d0695548d0d27e78218d47,1855635
4041140,3ac7faad529985a23a56a06b03cc30bb,1951587
4044228,b88ea4c87c55cab08e6bdfc29233bd7f,1952975
4045322,adf0b7c05aa5f34ea5439b76a3542f3f,1953436
4045324,d1fbbccea118fd45287ac4c6d6c42457,1953436
4045325,2b4b1d8a47770c1397c576fbed39c8f2,1953436
4047229,f841059d00e61d9889192e3c6bb455b0,1954243
4047521,906976a3fd1e9ab989846ec2b58d018c,1954374
4047775,228776aa30be6937a079653d8b80653b,1954482
4047776,1eae1b60284a47e1cc8b2be33b7afc1b,1954482
4047779,c3e133d1abb4b0e7f564d26a01a2d060,1954482
4048154,63cb786def363e215cb97ed5b13374e5,1954482
4048155,ba875a3438d30e96d7c3fce4137bffc9,1954482
4049436,2698a66f59f47e3f97b304d692256a24,1955167
4050413,e797beba3bc8d2a4645818b71242890e,1955626
4051760,f61c43b5c816a359499f990bee4864d4,1928894
4051762,f747597ae764ed7caa9ed4e3a53dc732,1928894
4052669,c2b8813c12edc77449daeb7abd85cd34,1954728
4052670,914a3aae6f236dc5936e80f43ea94e99,1954728
4052671,00d1b3d3888a1fcaa02caa4cac5c0fc0,1954728
4053258,02c73471b5bcbd494fd3263e30547568,1955444
4053317,ab21dc6863ad98d75312502339983b8e,1956641
4054146,356962e8227357c5802b57cb2825b3bb,1957020
4055136,0d409911e3e4df9576aefce5ae695a87,1954374
4055755,1bf695a5e565636901547866eec465d8,1956659
4056018,47aa9ccab26e63f2af5df097d33b9422,1954374
4056200,5255f2dbb2880bd1ee10d0b466c554c6,1954819
4056232,2daed81152398ba3331923ad460dd3b8,1957349
4056233,4d915645919d3f7f852cf3dd99b87273,1957349
4056748,f0b92305bcb4928349df75a3c69b93f4,1954728
4057310,d39a6511f1d8e73ba59edb2f4f3dd9e8,1957349
4057358,9c14cc18ce1b15faa2dc85b961d66afc,1958394
4057359,b02f3f93640e38628ee1b2439c92513c,1958394
4059518,2db7953d382fbb420b997210bdb88390,1957349
4059782,3b6bbdb0e5471b3eb38e4300435b4e79,1959243
4062349,02466644c0edf56e7f2a820e783352cd,1930417
4062451,5e759694e3a0ab436567665fe07f38ea,1960341
4062452,14ee77786223ca3018dd49e38b0ccd1e,1960341
4062454,2d5238ee84c84b297b41affb5f1d15d8,1960341
4062575,75ed33d28d9b16038f2cf8b6264f8a70,1960391
4062647,c19ac1ac7a1d993aee77bf4befaed022,1955167
4063498,0535fa168ed7860159f9dcb320a38c7d,1960728
4063550,155c56bb4eac6543c973b7450cd18be7,1855635
4065138,de9eadf8ce3501ad46146724e8368aff,1954374
4065320,fed72e2791ff9256093af10a49c882c2,1954374
4067305,c002274022f2b675b021f731ba8b0ae3,1957020
4067509,5f736a2c29a03b79bcd40badffa3559c,1955167
4068362,b79bf9fb6affc28d219a060220d16110,1895971
4072879,2a24f1a4648a4270e3aed5eb5b017064,1954374
4072880,84345563aec950362cc322532d059345,1954374
4072971,f84d97d1742515b2c94a1ff89785e750,1964340
4072972,f9b0a08f3854db9848c06769ac514c68,1964340
4072973,89017ff56d761d1627fec57ab10fbcd7,1964340
4072974,7c1ff5c3b0feb53bd75cf0bd67a259be,1964340
4073856,a7feef1e8afd36d3af3dcce5786c6080,1964687
4073857,6b8b6b806be088ed5fdc32ae2c60b0b5,1964687
4074494,c8aee2973483ea28b63060ab4f12e3b8,1954374
4075172,b2272c4a0d77be6628906d72cced361a,1423264
4075661,a2532090a10bec3d6d0bdcee894a2ba4,1954374
4077218,690710c5367eaee941c81ea086247d2e,1966225
4079878,c48eccd083ca08ba762883fba483ac5a,1954374
4080682,6c65910a0bd363d1f7caf4c936cbfa1b,1855635
4081416,af288ced751843715722e40e39d4307d,1423264
4081417,cd9267d983ced82ff2070036ec75ba60,1423264
4082467,f7bf4614f9fa03904bfc6cf23463e640,1968286
4082468,0a5b62760b7966db9b37de58394ba50a,1968286
4082469,ccb2127d1713866f4978b16c057178fd,1968286
4082470,9ba35246aef462b9de3fc960211e7708,1968286
4082471,242a804a527830e56fcc1b3339f5007e,1968286
4083360,dfdf762a42aba080b188b485704f8a9c,586954
4083527,f99d65a1b11b76cce2b538a7ca47975b,1954374
4083936,678a1449bf4db96a0d59f44c42536a2b,586954
4085430,2ab9bdd7a846ee695304704148170c35,1954374
4088469,8eba71012d5fa2b3b3f89ce4e5d7b3de,1970469
4089776,536996c8a587edb04614f2a0380df806,1970469
4090397,7cb1981f80d0d24af71c6b0c41370c88,1971396
4090778,075d82c62cbe8a53e771c5a2029ebc0a,1873937
4091717,8a4c26426295bad68c9fa71dbd201c85,1970469
4091718,64aae2c893d508a13d3564e143a2cf8e,1970469
4091944,9a7ca194818c8c2ce73e329db6d00339,1972034
4091945,8dd0170999c9ebb03fff17f49fa67829,1972034
4091946,90484bc5073960421da7c8a16337ab84,1972034
4091947,f52c41fb3dca343b4bba3cd68d512650,1972034
4091948,8ed352a13df2e6b8992acb267191bd8d,1972034
4092549,6b32831aea1215c28b25980dda06476d,1972310
4092550,c0e2a5ce4b2ce80df2080a53ee116fd1,1972310
4092551,ff6d39ea47bac10e68f1f7d7dcd78d67,1972310
4093311,c720dbb062e66c82a81cdbb0841405fc,1951587
4096376,e8431d11f5b99104c666f91b4fb8ddc7,1964687
4096826,13aaedb87a45891d821f93194e3bb100,1954728
4098095,c1b841b456760dfe3a818a6e6212f27c,1974683
4098096,926cf3abde27b3a29b7bc9f59145c2b3,1974683
4098652,c523a77b8458923acc2d1a64f9c30a3e,1974683
4098653,c332071ca773a7270937cb658995527e,1974683
4099555,fae40ac24d15cc0664fd66dd3057d066,1818450
4099556,d3c728431c783ba17260791a130a13f3,1818450
4099557,99a64e3325ede05ef4ce45f3a25d4385,1818450
4100573,14a1d2dcc8f0a3092013144f41759ce0,1541196
4101334,03e9c94f99bc7a734d8dab681688d456,1805498
4101352,4bb871ae99bfa6e2975a5469bdcc61c1,1805498
4101371,268f7d7a62c81d24c8245ef2bdd1774a,1805498
4101372,846f4a349b92eda15fd870e79d987741,1805498
4101521,0391442727e8b2f28535e9ef3f78efe9,1955167
4101522,ca3c2004269a9a2217eeea45635b7050,1955167
4104254,629d39d84eaaca55264c8284f98142fe,1977087
4106766,51409ea83b1fa553de415669dd62c1b6,1974683
4108107,eaf8e242deaf4e520c1031cf4ea36e57,1916718
4109241,78a3625ad4eb2330a57ce3dc6509d6e7,1978601
4110014,d6a992cb926b8162d3db021295bba345,1944795
4111548,2ccc32343730afd6a2fd76885f7a4d11,1805498
4112449,a3258fbe3d79b02f4e7931e10bf712c3,1708692
4114685,0d884dc4dc708a17cef08e7a6bfc40d9,1981550
4115539,71c477a4a13acc6c4e8c3360a698e595,1874409
4120203,8f45dea093758fb04a90698b2dc672a2,1983868
4121146,37b280d67fc681b9662720aefad2f647,1895971
4121550,baa136c31732d1288e02a4d025b140ac,1921544
4122256,258df561e5a16109c5494ec86a76dee9,1983868
4122871,3b2fcfeb2a72bc20a5a845a0c36a1349,1985016
4124878,c2fec6fe1839534ea2445a01135b09b5,1956659
4127944,d0e6225e06d9be950c3d643491a5ed21,1987199
4128868,c56375b4ae9e956bc19558c743e6b1dc,1960728
4128869,29ada41d8a60ef6cb2a4cb867acc2936,1960728
4128870,62f797343e6132d03dea21e0fbe46484,1960728
4129058,082cc57d2433724bcf23f0cf039a677d,1983868
4129066,106d0e8728feffd10fc85bd075defb36,1983868
4129597,7b7edc791761d53e80f09e35e5e5455d,1809252
4129820,a931b78c2d04d04691e0ac7d549269f3,1461264
4129823,53a8b9b83df3253e6c56a4e718eea3c1,1461264
4129824,4a34af36181be85504ee99eafa5b0463,1461264
4129829,05ecd6cc65106779ea7c5eff1baa3e90,1461264
4129972,ead29b4cc63620c5251a410ec14299d4,1988127
4130774,0be33e82d9d238b99cf6b12511ec62c6,1985016
4131181,59302cc6662ebe11cf212220fb73dae1,1988643
4131517,0e552a69c6163ad33587902db6b3ad4f,1985016
4131518,25c3fadbc2b578ff2549c669a689c854,1985016
4131923,35b1a2bcf6a18c95e38302fe0c4827be,1988996
4131924,85c7a66f3018742598996d6246ab7921,1988996
4131925,04a1d83ac0e88401144c37674448811f,1988996
4131926,56a502055ba822a1c0dc0dea501ca2f4,1988996
4133148,7d3d5459734d4ec592c8f9424f0bba28,1989560
4133409,87e4ae8dd7f297f0a78ff8c01ad2980d,1930030
4133536,3171061f3c33f2d3eb3d93cc5886493d,1989560
4133537,a05845fd65cfdf133eafd9c23235a01d,1989560
4133538,219d3ea6885e065314e03ceba13e578a,1989560
4133539,cee5fccbbea8457f78bc1b436b3caa32,1989560
4133540,eaa83ce03a6566beb8762cc471368a8b,1989560
4133542,668dfab3514504fb755d596a99a459d2,1989721
4133543,9c81bda6cf971a8c34fb01b6a7550c54,1989721
4133544,2f5ee5a771c45d89c4e3a1f22c4b677b,1989721
4133546,cab9d1d94a3c427632a61e838f5dfae7,1989721
4133547,2aab23cd848ed1c6671ac0ef18d0ef60,1989721
4133548,8b5e67d3c5fcce348a9e4a4b06852bf8,1989721
4133595,57119039e47a7835014a1fe251fe850b,1885413
4134430,10fcb52b875151e78920017c2e67f2fb,1960728
4134472,8eae423a918a6c997019f7814168956e,1990123
4135614,34fe4cb12b24918de0b75106b3f87962,1957349
4139445,9814ddc51a949fe3624d456e0883ca36,1992172
4139912,a7de7e9c793be437d074088b74868e98,1992352
4139913,41368722684136520e04b30d6e337850,1992352
4139915,1d9ce8a3601b3a833a6baa813cf954e2,1992352
4139916,62ababc8c5e08db1f786ff45645d3dde,1992352
4139917,5642e21e9ce71c0fb82bfff96cde8891,1992352
4141647,0b13dec79162a807de655bd86b3468ca,1993043
4141648,713705c6139169d7bf2e207619cf8a2f,1993043
4141649,c6c02f52759779db8df14b47fe94e45b,1993043
4141652,926886a6516e09aafd2287a2510a5db8,1993043
4144357,09624dde1df9ff8c4e4bf162e6e93835,1916718
4145656,70785c42e6ec26f1b436d1cfcc53dd0c,1994823
4148218,19feda800b715c4c4fa3c1ef056f6235,1995985
4148220,50205d1a1b727ecde5f48210a773b449,1995985
4148221,429f18adc25098b9417dd000ce9c834f,1995985
4148629,b35c047ad5dde922a39f50308ef3d796,1996179
4148847,b24e2ae0450c6c526d51b44b21db5091,1996257
4149956,bed47f8ccc84729c2156ad69b06f7579,1995985
4151202,cbcee9e504bf96be3ca4e6b841daf4c9,1997276
4151959,e47ef61ff1c4e879522d7f850785c4ff,1997605
4151960,21d9ebc4f6e2b59f880f7f71a39b3180,1997605
4151961,7e555774ddfa8f186739d2b27a7437b0,1997605
4151962,cc25fc9de197692519563a81edce3c5c,1997605
4151963,233aeae3ca08ca5f89ddc740c245599b,1997605
4152455,7a3c61a10a3de8355ab7fca0f39a6dcb,1997819
4152456,5dae6d55a2fad5decda10710615bb6a4,1997819
4153211,05281cab7983f7b8773680b6dd7bbfd7,1951587
4153424,0a8b6f28f66b6f5167f5ec3cd8e6a1f0,1998231
4154729,3277996ca5a4ad6acee63c86c268a264,1998672
4154771,5acd795c73ff8ecd668224afea1c79b0,1998687
4154772,53017a670a0a8e0300e61bb72f3b4645,1998687
4154773,54e7b3742ef15c9fe2881423bac146f9,1998687
4155005,dede263a1968cd7c64e3cd689ae5aa2c,1995985
4155012,d33e5a741628d420f3253fda48b17864,1997819
4156591,6e12f65fff45386048a8ec4baa3cf899,1999444
4157870,5a986e3aa17ee3f508d27d87399a551c,2000017
4159381,c99abed154692d3b5a51abab3a60ffb8,1956659
4159382,c49d8902e9078d073a7cca05212fc826,1956659
4162300,14ee7f8ae098f779374a2e28fdeaee70,1997276
4163391,6ef41282534f0113d4e7097969ca0367,1990123
4164198,fbcc180d4b41824e4144988222e68491,1998231
4164245,e0e6b296f2814107863ec52ae7eea891,2002455
4164246,6091474ebfa34238fae259b3c5c2a880,2002455
4164247,48490b7f2a071319810eed6968ecf98c,2002455
4164248,2a5a7f4d7eb707f54a36614ba9dcfd38,2002455
4164252,b3fdee473692e0972abd57a4be405e7e,2002455
4165356,7553c8f793980f23fedf2c277dd844cd,1997276
4165676,a22e8d6f1e35b7c9ddb462ea3284802c,2003133
4165699,8a5109001543b6d89904a2b23ae5e4a8,2003143
4165748,9cbd8c63f6df2b1c999e85fe3bcaad57,1998231
4165848,90c583e1252110c9e07ffb4d7dc7d59a,1997276
4167367,5e94f4d58cb54a70d66c2e4319f8410a,2003937
4168876,b20a14ba89492dcf3105807a72cb82c5,2004631
4168877,490abefe1a589cc447fe0a70d25ca8df,2004631
4169940,6556ba300ddd47a680c822e31bfa7d28,2005066
4173597,f7c3518369f90a43f7b34e912ea77fb1,2006553
4173904,a86c43c87ffc057b6f5026f57eb3b109,1990123
4174281,48cb16ece4281c413a191f2a2b4997e9,2006856
4174788,cf9eaf862a7426adab2daccfd9680c41,1630285
4175137,eead0efadd46407070d1e61db36e099a,2006553
4175146,f9f646f0e53a9a1a492c584c5f172e09,2006553
4176185,794f74c0efe1bbc3f5d1e855585b82ea,2003133
4176594,41b751efbcdaf9af9832537196151a8e,2007857
4177431,35420a44d47e2e0e44bcd6cb03fcc7e6,1944795
4180158,3a02a1a39309b558e93c1867ea278da3,1999444
4180159,c400a31de9e3de8e08d6e5463c248430,1999444
4180366,275a1aa472d5026cd9bdafdcbd65e72a,1999444
4181843,3a27735b90a0c270322a7d4ab0d57337,2006553
4182888,7377d1f2cfcaa6a0268abac59317df60,2010282
4183286,d79c6f88676845ab635f4bdc37f5fcc0,2010466
4183287,bd88d28d3fb755da68048d765bd47a0e,2010466
4183288,5e61b2116a8d7b205352a2f7ea3c7bbf,2010466
4183289,02ce281f869a005adf84d8e290a957d1,2010466
4183290,1021b18381a953425751351d15341597,2010466
4183291,e8057c1dea32ab83c8f014438709f1e8,2010466
4184570,0dcb697e05516968d6aa40eec27f440c,2010972
4184591,aac566e5807c24d10d7611bb582e4376,2010988
4185766,3563d93f8a5f16c6c2a02aae2d7bda46,2011490
4186640,abb1725ac49515947dfe8b882f1a700b,2011972
4186795,799158b8a661e032cbc769bf141396bb,2011490
4186796,282f87967cb0987429300fa160c72261,2011490
4187423,5faf3ebbc131053d7addce5472f43568,2012308
4187835,edeae97341099f13dde918a3da804822,1990123
4187852,3fe458f8ae024d701419ee5c1c010e26,2012308
4187854,7852f4652fe10b7b787b0453cbe67fd4,2012308
4187855,d2d467110d63a790f0eac9246bfdedaf,2012308
4189254,fe3fad31d979872c5ebc8bd31fb3fbca,1505962
4189255,e015f4328fc034621ce457ea19416ec8,1505962
4189256,454abe55dc32fcf4f2ffdd08257f2093,1505962
4189431,9a8f6a0a8b94088cff770a4fe1b55142,2013155
4190403,22eef6f2562da2f92c3a8e8b92c2642c,2013638
4190867,fce714fafb5571ca9ecd32208566c585,2013874
4192728,34ad797500a340382fa6810582542f6d,2013638
4192729,f0a494e4652b58a1a904360ae12fb2c3,2013638
4192730,7d30524a74f46b3e67c490550f0eff14,2013638
4193062,a5cd6678c1523178dd3f42a5ed20c628,2012308
4193139,6bfe0747e40d6b7796e3b9f593f5a192,2014767
4193537,40b77b4ea22133555425f3527945a5bf,1989254
4193538,624fd441832f2835eabcd21a5f760c94,1989254
4193539,81c60a8df3b52306e2f1445dc28ff86e,1989254
4193642,f5bceaa2f1e2f796538c04d75cf07d20,2014990
4194947,53fde39a66e21e045ba71e09984e84be,2015350
4194949,56b7ca57762cacd7de1cb665a7550bf8,2015350
4194950,973949f88eceba9e464fbd738536382d,2015350
4194975,d55e3981c945d77987d25af8b7fbd8a0,2015361
4195856,d8416089a6a9e4e4445ba7eab93e3558,2015621
4196638,292d34951c0a1057920d0bab9d7836d6,2015867
4197486,24ecccd204b369c1b4ee1cfb6dbe2dd3,2015621
4197575,ecdc14553eac9908857892f75ad19c84,2016251
4197651,09979a6d3a79978ad212d203d7dc4848,2016290
4197776,e5e0bd79ca5ed9bcd982122c7bcd0633,2015621
4197800,d8302a9986856573bce758cad2580e28,2015621
4198109,bfe3489e4e901f40c3963f7bc5689a0e,2016497
4198919,dfe5a8c6c60372e1d7c3ce834ab2f73c,2015621
4198960,1e4bde463b7d3fce19ab7f79550750c2,1944795
4199794,3b890044761f42ef022ae76aee22779d,2017220
4200470,6a4ae1d7f2a40c96dd2cf015821c16a7,2017545
4200471,ec10112a19a9108df1ebc18ab820a0e9,2017545
4200473,24a4084dc10159cee0ace27e0fc9dbfa,2017545
4200474,b7836afd79344141e61054f21041403e,2017545
4200594,a4f91b8cffa9f1a9d731aa5290481b34,2017609
4200595,a0e5a7be678cc2d91d5df37f17f0e2fb,2017609
4200596,2e8b55fe4153c009336fe197e0ad08b7,2017609
4200597,78f52292b83b93401e59cfedc2d58741,2017609
4200643,91a16e51efe01fd66f7559c257d6c07d,2017609
4202018,ce843b68d6f2fbe99de2096da49eea0c,2016497
4202131,6749c703ba4d3aef866b2176d0f22900,2016497
4202375,cd83aab1b347255c9b3cdce779413942,2003133
4202389,6aad34ae5aafcfa3637fac3c09678198,2003133
4202543,5b87c0ecc2416ca6867b15337f31f737,2011490
4204357,9c14c337fbc6ec75c3310f636a3ef93a,1393858
4204358,ed0bf9101b3882501ef78b29d94fe717,1393858
4206329,fa5c1d5ed4fefe951fc8708d3777f830,1995985
4206997,58fb9be02366b977a3f13eae35c6b01b,2020119
4207411,99f1d745d2be97407345a40a1355db05,2020285
4207624,c42a5e9dcb7b6ba13c54e976ef1ea9ce,2020119
4207625,936910cf3bc852830df6ff257fc33b98,2020119
4207626,5d96fae1a7ec4bd5f0be80cd77c1ae7e,2020119
4207627,280710fae924013e4ef10a21e1a01512,2020119
4207743,989228cb96a170df1f792c8ce6c780dd,1846623
4209299,272b57dd35671a66eb84b5c595b76059,2021203
4209301,adf3286bbf5fb88299d632317d72f4d8,2021203
4209303,d432e06ffa5015e7e9cf4ebca410d6fb,2021203
4210811,3349d2ece206818077243e7e3017e645,2021898
4210848,ea61df9b5ff5f330c3a2c8dd04de3894,2021922
4210902,0e8ff8df04035a7e038d85226736afdf,2021948
4210903,c39f8540cb0a16aead7f6fdf80f330c8,2021948
4211320,df1ad18d40d37084210a34ed1ffaf3d5,2022117
4212337,f17ec680cf2e0737805d37fd2cba4695,2022456
4212392,916faf591f75659f330039ce2c76a7cb,2021976
4212626,78eddd197fc39fc30801197f8c00cd8f,2021976
4213919,012bde71e24c4b936c75eb8c8cf9be63,2023123
4213920,62eb65b482e1e18d1ab023a37cf21cda,2023123
4213921,eec26f5c401ad1bb5be4eb2e1e903c60,2023123
4213922,7fa14723e9bbf22d22a6282f486abbc0,2023123
4213924,62651e75c249ebb14229b6783bca70dc,2023123
4213925,86ce56221cee4411b084a445f2e5d309,2023123
4215025,99c8af27f6d375a349b743f25d7ea0cf,2021203
4216585,fa5b9e872a9349fc3ca3f608fe8bab88,2024298
4216761,36cb3ef7e6cf8e0f33ad2d90629686e6,1997819
4216889,e80206a2927aa511f66bfd108cc8780e,2021976
4216954,47a23afe9c46ad4b27977627637f7e55,2024432
4217080,00057028ba6df57b12315ae0a5d8ad56,2019825
4217081,6f687db6daa226b6f44e39a5f047cbb4,2019825
4217082,ad241b5315577b49620cd05380acd4a0,2019825
4218034,62d9a896a28fa658ba471537ad898d3d,2024734
4218036,17c295a2ae97be38761458169e850172,2024734
4218037,9e42142b4bacef63d43592eb8325c59f,2024734
4218163,e9a8970750b1836cadb3f6e6b97971aa,1989254
4218955,42503989d698eab0e6b91cf144db4b97,2022117
4218956,42b2d8aa9c7e1996f7807663acc60052,2022117
4218957,ef74da125c918f2cdcdadafc0be15dac,2022117
4219632,db9c113fdbdd5546313ba72340e31452,2025404
4220098,f5685472bff13bbdf599fcc092428de3,2025583
4220100,90ae30026b2c77ad109441189bbfc973,2025583
4220101,60c173ece1d88219b0cecd67d316d7cc,2025583
4220102,c7746a9ff3669e592d5838dfb3083f42,2025583
4220353,4ed3354ea9d2fe36484bcfbdfa2b0c95,2025670
4221079,902feec875aeefc24c18c534789af392,2025951
4221427,1775cff3f867d75fea577377ea02b3d4,2026104
4221428,898d171def2bf39619a25d2979a23ce1,2026104
4222185,ea0c1d20e5aefc648512d605525fa198,1510465
4223545,4fc4dd1da6fd14205002cac30d84a689,2025706
4223689,59e39738c384753a1c195f03a13f9cea,2027029
4223690,05bce3aa1bfce487e27e77ea2ce6a931,2027029
4223691,8f9ff5808a6b76ba82a063411324040e,2027029
4224474,5b79c2890ef47d5bbda4e582c066b8dd,2027374
4225165,b1ab02e607cc4d5844d90426175942e2,2027649
4225917,93ebffa8c7e2504786b2e90b9b7f70b7,2027374
4226054,38adbc73cafe70c6b8cb48f0f147f3cc,2028034
4227535,528cc37ea1a6de5eb4d75f275a4a6440,2024734
4228499,202a376ebfbf53ba0eae724421e16a31,1978601
4229874,71de536f5a0ca445d2084f599273ecf0,2029838
4229876,6fcfd40a4074711ae6a1e44cc900b4b0,2029838
4229877,b43a814e503a587dcb5230421b2e3816,2029838
4229878,3f3c32492c293851169051c0d9eff55b,2029838
4230160,626f6859225866950e24a5528994691c,2029995
4230560,7994ea45e4315e14a8f847bfc4768114,2024432
4231300,16012d0bfb24006b7c887602c85b2a12,2030433
4231301,e03241d5c777da272518b979312e359b,2030433
4231302,03a8727c196f6ac4e0d5452eda725de9,2030433
4231303,30de9cfbc548ed1f832d294b88b1e200,2030433
4231304,7fd59a49a8abf900bd235a3272e1fd75,2030433
4231305,2617630211398af69bf576c1ebd8ac60,2030433
4231306,20979ca715c68efa406d0b24c2f739a2,2030433
4233146,1a23b26e85ac194c33a60e6ab26ac703,1925908
4233643,5cde6f02ce24abc73424dbc2e9ca8285,2031239
4233971,7310b5b2a79f630a740a2e1b40dfb55f,2016251
4233982,095e22bb4b20ee523b900b7d593e9f78,1542298
4233983,54b04b08f5663f96f86ec9075324b008,1542298
4234403,35c8ef48786e951ee679377e9779bee2,2031577
4234404,829492da36540e12fee924a634f9df0f,2031577
4234586,07c84c01f10004223bab65dae90963da,2031630
4235418,c025bbd2244ee2ecfee05a96b37b6d58,2024432
4235819,66777ae3bae6a53624ef04ef17bf385d,2032159
4236208,f3ca0df1072937943ed0d9bd9bca655a,2003133
4236395,4268321d211561b91a06edf73c778f92,2032354
4236641,1b478fedfd2c6f60876381079eaea577,2032159
4236852,ad016bbbacae5e5a222783989a09de00,2032159
4236890,3e200c996d70cf959e638cc623687040,796826
4236891,bb3f8062dd31443a72f75a7b5e563375,796826
4236892,0e23153f11bacf7eb1e886434177fcb5,796826
4236893,846e51fa7b1df2ab86670b35135a34c0,796826
4236894,b95f1c0d54b2c763b8131f6f52dd59dc,796826
4236895,16eb63683305706893c0bedfcfb168fc,796826
4236896,bbdfc1a4ae27d5027447b97aea8dcaad,796826
4236898,f696406f1b6ee18459db555536675663,796826
4236899,d6934052a8a36cc845e79ad35a75058f,796826
4236900,225ed3bff0b8cb6eef95b0e896a03783,796826
4236901,330b4c21d48bae07361868a55c8cfa5c,796826
4237957,cbb492094632836ebb9118db4c6b06f4,2032982
4238142,2d8dd6e1346cbe0eacd8031883413a2c,2017609
4238143,32150b84ed6f51049b875d58a78759d8,2017609
4239002,a1831ad9ac4a821695e0a004599c8aa0,2032982
4239317,662c7278177fa163d28b2bd70085b815,2033533
4239796,014f64628a5ee651623dd0515caf3d17,2033681
4240670,98c67073a2fb1a78cf6ae48ca156807b,2033681
4241597,dc3e702cbf3fce457efc2e57802b1cef,2034454
4241691,afe956ddde9386f6a83acc4246ce46da,2033681
4242036,5c5e70130f963ff33a3726d6fd2a0f48,2016497
4242037,5993ae0b0662356fe8f39ea006b7c9eb,2016497
4242933,a7be119417fcb56d8ffbcff1b8e717f1,1943116
4242934,92c7e62d1e1350a02bf20821b970a696,1943116
4242935,5082e46e58d048ed5394be07e36c10f0,1943116
4242936,4d2fdb18a47f0c7c1be0bb413ea6527c,1943116
4242937,5e3f45d7547f17af7fad0e1712b7699e,1943116
4242990,6be77f531a2dac4080ca83b09fc55ff7,2019825
4243459,49445b765291a600518a09a816ef02c3,2035249
4243460,180ef096ee407008469d7179fabf484f,2035249
4243461,0791c8953116f977253091c98f7dddbf,2035249
4243462,c506a95ad66b6bcf87ed421b93304cc9,2035249
4245902,2bca557828ec5762bfe268a58b55ec0a,1944795
4246195,b111e81da38f147e138d1de528c166f7,2036133
4246408,cc36bf3fbd932aa63fed183a33ca3bb1,2006553
4246481,ccf3e12ae6800417063edc6b36c7c68f,2036263
4246914,6e61ae73acaefe64a40c0ace352901b2,1916173
4246959,97733bf9b639c4bb2e3a756431987f4d,1916173
4247125,a36e59f6a96697e1c63edcfcced4a8e7,2036551
4247126,21205e6e261bb06247afcac9c1091280,2036551
4247127,cabb30abdda80b54fb6621f7b1ab9dea,2036551
4247327,f1ca52a35b7eb7fcfe7c0f37f51dd54c,2036645
4247328,7adb54283487295a05e116a78db3e245,2036645
4247329,e600d2014465ae904d1a138df2d024b2,2036645
4247330,89723a807f87e30e6fd1b9afabba9773,2036645
4247331,99594b175775db4f8b5058d27eacf44d,2036645
4247353,ffb423482119852470fa02d2b9221dad,2036659
4248132,53e6469c3fb9f597405eaf5ee8b85460,1916173
4248891,196b3b81293db59c34df8498f8527e46,2024298
4248892,428758965cecaa4c985611c5b96a707f,2024298
4249022,6946b34a093db4c0e39e259f49d99e58,2021976
4249941,add2b63d8abe063f7d73930b63afe33b,2027374
4250551,01fabc5df6284aed79cfaca9f4f160af,2036300
4250553,63107656b406c33547c4f413c7b72c63,2036300
4250608,584c92348b0e38bba5fe24145518e557,2037978
4251464,c5db6b9795c0e87cf25e9dc3508c0d8f,1925908
4251465,f9603381a2690d167fd91c401ac07aff,2031239
4251531,6ce80860b9a8c00d90bf252233379661,2038365
4251532,5fa8fa98c95ab606a274c63152377fd6,2038365
4251533,a1d1678cd5ecc142acfddfb3cafc2efb,2038365
4251534,d9be4872593a23a7383db4d6cfc02c31,2038365
4251881,6109ca13ffbe3d4e4c52ccc27481fb2c,2019825
4251898,e855d171623f3ec539cef4727054d21e,2038524
4252776,f0b3ff06c4e79cb8b3cbb0b731c89ebc,2036659
4252777,6051688c89d59f18379770d89a3369ac,2036659
4252872,af64c7fdeb7aac83bd60f88a2fb12ac1,2038524
4252996,0a54155f66bb5c7834e9d3e91d1fda01,2038524
4253220,d82b77f9267cc1ec0576c523d212a9d9,2039123
4253740,c68103ee618b7ffe95bd381d3de2c929,2039336
4253761,2d8e73abf75cfbacda05d46c2931cce0,2038524
4253802,ee2c911803b8935b45494f38f425a493,2038524
4255917,9cf96693ec8aacd172d5811d483636ca,2037978
4256611,93c33043e130f75813c659d9f9bf212c,2040476
4256819,16fb23e60c960654367b121a9921c4c5,2040593
4256820,dac4bc4c3de92a4cf9d2446db5075314,2040593
4256821,82e83f36cfe4cbab49d95d6d0e0687fc,2040593
4256822,880c17646a3fa9deab0c57e24a740e23,2040593
4257475,1d3085a661c70165e43c92bda177655f,2040781
4257769,ae4c8f4098210a118594dcf7d8f7325f,2040918
4258022,3b25b99bb48809a4008f4f1bda452417,2041044
4258224,a1bec4a4d88e3b4f57bbba4ef57c142c,2041097
4258497,a474ac7a83e2e0baeca845c77ebc3fef,1955444
4258772,709fee33b4123874f2c9a588a28aaa7b,2039039
4258773,f2f3f0c032fe42e230506e1da76e7ead,2039039
4258774,0425916454dd5a0bbc1ace0b88dec740,2039039
4258775,b242a53a2c9e367766ab2dcad0264007,2039039
4259000,6ed0516b45973d09966cb275952908ef,2041421
4259001,511b0323d8c2a18f8fff99b639dfcfca,2041421
4259002,12e563e249979c87f0dfb0bc05518893,2041421
4259003,38644fcbd8ee8982aabd5f8a58c2ddb7,2041421
4260262,03dd3a88b9d70c3d33a0a8b2c58da5b2,2041798
4260856,5468cdb7bb29c79972feb0957d9847ac,2040918
4261130,02f427f876e3c959c2aade265ee0a69f,1955444
4261163,549949942a0a03700cedb05c4636959d,2032982
4261164,7c279a094603db2d3e54b20c5fc5b07c,2032982
4261166,78b6d6ac17c5db4c943a48637c896412,2032982
4261184,4202d4a66f6e5db4fb8fb6b6b5ae83ec,2041798
4261258,bf408ccda8b1e10fae5259096375b4d1,2036551
4261332,9b2d9e426ab33e8207399e6843df47eb,2042202
4262158,d767c5e44d305b7311fb0259e3bf5909,2042525
4262159,62bf1380b2245d3362fcc00cedb71b71,2042525
4262160,47e9026a5ed070264dcaee0ee9d4a0e5,2042525
4262161,699e5bf01ccd1a0035268117b8118994,2042525
4262274,2b22c75ee67563dd41e779518de2bac1,2040918
4262314,293fa6fd80fdb44cef1cc4a533360887,1955444
4263005,715fbef0899965f9fd349336c052c5fd,2029816
4263006,8f786fcfc0719122710dd15f6ac0fc67,2029816
4263007,f688465b440ea35876fa8670167bcc9e,2029816
4263008,b054d47ca687885d14f1610e8282c1bb,2029816
4263926,40aef49c52f88eeb167289f9f131afe2,2043161
4264003,3aa833e39fd1bdf9d62cf2442e9e36d6,2043194
4264004,f6a48973b1f62b99543ae06e680964fb,2043194
4264006,ccadecca79266ba92ce8ee9f6a0e8889,2043194
4264007,8dc9ae6d34b6c07109be9c858611ef41,2043194
4264341,53e2f54a5586e0369bc7f84108b2ddeb,2043327
4264342,c26a4456702da9c4881f66374e343e03,2043327
4264343,ff793ceab54fa9574ebeced515d547cb,2043327
4265180,289517620307e7e73de7ae6f44c087a6,2040918
4265208,4142a0f6e5176c9a743ce60bf3038902,2040918
4265380,1c3516d631ea7d6f3b2bbb5d78dc561e,2043744
4266308,3d1d4e9b95b6de464a6327e4e9f84975,2044114
4266315,0ab385e8ba3c300c92ce89343ce7ec4f,2044117
4266749,98942a2b287e15fe2230f2b05b5adb59,2044295
4267251,4f18aefc7bd2ca3865153e989d38f0cc,2044521
4267325,4c96651d986a0505c1bb365aa2f91dd1,2044521
4267326,66320b79a596faeaad669781e429ef79,2044521
4267327,7f50b2abaf3bbbc2da57855c6941f6ad,2044521
4267328,533441c0469a282892f8122f4545b53a,2044521
4267417,49f530679e2e083d1188a880ad9e02c2,2044583
4268120,bfabf69d86195c4f94b982980d8b05a3,2044880
4268121,7674c942638a472e3b72a515ec08552f,2044880
4268122,4185bbc5256ada803958b20cfb5957d7,2044880
4268123,52e11a62cfc453a50eb85ffd8d6f2a04,2044880
4268440,7f8f33d48e2e8bffc39170a538881caa,2044583
4268441,61d860f02cb9288306e7ffdfcfa532a2,2044583
4268442,52ca0e9a262bc7abe6e7f036a6ebabb4,2044583
4268612,0e3f33ff77274c2d10c074adb79e0ca5,2045075
4268613,682e4fc1d82fde10808e96f39767ffc1,2045075
4268614,e80ec4341688434946bef9c046662be0,2045075
4268615,ddce4956f8673f9536d880e161a54d68,2045075
4268617,4e9ec6b69a8f88e0ad6e1353fb152ab4,2045075
4268618,487153cf6d6b726673b1340fe20779fc,2045075
4268981,c5115c3d6fc26aaba257b2217f55ae5d,2045174
4268995,c7e120eda2d63db8050db324341b919e,2045182
4269038,f59530f379016430e4359ffc0a1a1c45,2045182
4269071,59b86e49073b3a95670a2a660b5f83a4,2045182
4269089,67ca34176d66a013416607a331345d09,2045182
4269614,901ed36a323f0173ba0cdad8ded4da3d,2045471
4269617,aba24174d04696b5b86e0a476c7b24c1,2045473
4269854,12871f7778d9fb7fa46e8f13c1dba2f5,2042202
4269889,1f4d851a33efb04ef601c3315e535367,2045573
4269890,b6eb0235e8484873679699b28481749f,2045573
4269891,330d56ff529084b4d7593add9695fe02,2045573
4269893,f224137b4dd891d59fd23696b75b94d3,2045573
4269968,808ae4e0183f7ecf78339619416a93b0,2045174
4270159,31a630bbf30615279a13f7d54188ce79,2041798
4270321,faf6cb1cafea4ac97a1a328a639daec4,2045772
4270322,704d529385601969f7d780f73cf7eb35,2045772
4270323,c08c8b0a317bf1845acc5b08b9b2f5a4,2045772
4270324,3a9f60ade712c2f15e3afe45395855bf,2045772
4271568,598a79c0cf27033c7c216ceffcf97ffb,2046363
4273052,db58a171a645e59ab093cd3942341943,2046911
4273194,f3b7b02b6357248843329608bf85007f,2045473
4273333,3d7bfe36ac3e210873e435bfe8f03222,2042202
4273482,ad339392ba69665813b665973b956a73,2045182
4274259,6ff06af450bba54bdc881209133982f6,2027374
4275310,da3af1ef3f5d373a175231afa6558b46,2045471
4275311,e7d4c1b068112c197a086229841c683a,2045471
4275312,1213d7679f01c7d85e5fccf3f2ae0626,2045471
4275496,e562a2541f766e39f4c648099e1b1989,2047794
4276106,8b9478f3293a0865d500eec04ac747d9,2048074
4276308,286f5f59a19009581c50236e7e2eb97e,2048185
4277725,0984cdc95267f9f82ed05607dcb11c90,2043744
4277743,43d6638bfd7179ae3c7bf3db470d356a,2045473
4277744,660b5b8771dd4d435ffefbc1104835bf,2045473
4277866,a02663f06bb475f5a6969bf3e23fc47d,2048498
4277869,1f401ce07910e9acf415c02a7b90f295,2048498
4277870,281d7b10786a0965ce99ac752cdeec10,2048498
4277871,0fa4d8138f1da798e670187ab81515f3,2048498
4277872,7dbfb63752df719398a9b310a4795786,2048498
4277927,137352fb96fd275b9732fa5c7057aea0,1992352
4280042,8dd89ab6301f4d22bd4fbd5131fb4e5f,1954243
4280137,b38c9164bb0fe325e571a3cf3ba2eaf7,2046911
4281043,826b5f3886255be2688b271d89603bfa,2050218
4281316,5b74ece5b0c58b4144d394876344ef9e,1956659
4282980,b39ff0144ab904bbf7b50a9f942e0979,2051034
4283305,f905b5c239696ab103a5b25392700ed1,2041798
4283619,218c575221a510258ac7e21a56b2974f,2033681
4283840,d8783c06259ba9451ed763f15ffc60f8,2046363
4284869,eadd99960e504f40587fca5f7dd1aeb3,2051813
4284901,a08206e02052adb4723de0fdc0fb2eb2,2051831
4284906,827f17df2c2f67810f6abbd8a183f72f,2051835
4285902,bd94719c0642efafcb17b2e7a72424ac,2052074
4286048,542cb9ac8d80e65a473d253c45abcfcc,2052119
4286094,95d40c07d205480503f80736e2b7f793,2052074
4286311,d0149f73a9f19fe768e7351c0f875d86,2037978
4286312,23bf9478c55cffc5b86c504ae48e312b,2037978
4286433,d92b91e677ff27818e5faf3b1fcd7614,2021976
4286434,62e1eea46e54e63b299609f8c66c4b0b,2021976
4286435,8dedba031eeac9509b442fb79661a53a,2021976
4286436,f6705f1b69d6bb93c2fce550ee4647b3,2021976
4286441,fc88db002b1ebef3e7258744eedae4f0,2051813
4286472,7836973322c92c94668d7d1c7c7a891b,2052119
4286478,e2b774725bf23f73cf17c8571299137a,2052119
4286547,8b7aa43644c1f421f74e88fcd4b748ce,2052332
4286556,6ad13a313bcb6b432f4542da6f8f5072,2052341
4286557,3f08ea9a6821686d40dd92e4975ae325,2052341
4286697,b6404de62b14396853b41776896cf093,2052332
4286732,8b55ba42cd09ef0a8da1c8c4a1c79b03,2052332
4286733,6b9e555db32480474db35260097eb9a3,2052332
4286984,042a0af9856bfe8c2938b9c3878bd58f,2052119
4287008,9cbb9d8cf6a754f32045b826bc845879,2052119
4287173,3e566c19938b1a61d803890f9ca8e42d,2046911
4287371,2f0b2c0866e25c19509b5fe139eae712,2051813
4287372,cd4f88b810da02170c1f622b9353c692,2051813
4288176,b3e4d4527a8f65240a216acf251f327f,2053020
4288493,0f0449b00aad7885df7ba6954a27500e,1380255
4288494,5b289bfdc7e2a143a647297582e87206,1380255
4288495,7be43e69d12b52f1c26a188ed8d238f1,1380255
4288496,cbfc31987aa24840f3737a5d459bb597,1380255
4288497,7e767c98435d69da1a951112298ab1f6,1380255
4288498,b20266d4eb34dfbbeee194619d8713c0,1380255
4288499,2c39eb12801afa0f73c263dde7390a8a,1380255
4288500,816aff5fa37b60b32cbed3c350a8e26f,1380255
4288782,cbcd07602960edb917b7c708179da9dd,2010988
4289400,e86c47b985d154a386a3fc7e0b02e819,2053476
4289812,7e9ffe00aa4d777963dcb38abac526da,2053664
4290664,80f442d8e1c7c1c3fd8306e84af98479,2053020
4290665,0e5ecba7c44330699f929414b8de96f0,2053020
4290666,5b2ee4ef0c18a60301a82d78a7313f27,2053020
4290682,60cc9da781a7bc256f8149c540a7132b,2053020
4291120,e047c1a3f4bd64c0ea436e8bfa04caa9,2054063
4291255,6e79b320ed8f7ac7458650ffa86666ba,2021976
4291292,63396478945bcb960abf5e5c080e5e79,2052119
4292118,1e079c0274ae800945078bede501f17e,2053020
4292160,f6c6f47b445e51a529b022857395de08,2054428
4292249,e4f9456a099443aea4898ef5ccd940be,2054460
4292459,48f270f76a3392582848b4ab11f710a9,2054460
4293208,54e4715346944b2a9ec05b954723008b,2054852
4293209,6a38728ec4a5c06a4a63e7793e868c24,2054852
4293210,b40ed90fd7ca8d56f092572e2264f4be,2054852
4293211,c84928e6e2e618536290955b0e3405b9,2054852
4293402,634abcf3f882a09d71b26bf383ede17c,2054460
4293403,8a1a954d25e89031f7d2efe656461db5,2054460
4293550,98a36072627dac0af083b618d08bf77d,2053020
4294394,22b5d1da70910c15d8fda77e83bd3b19,2046911
4294415,de200e2d288d37b0c4c681c8a02229f0,2019825
4294450,aa3e868f3bc5eda40018ddbd6916cf56,2055189
4294487,26a1453ea668b0301637dde042d711d5,2055189
4294594,3b0c2c500ef81e8b04bb252eab709ad2,2055265
4294719,e25ca50be88594cd7fcc571a79cfe3ec,2055329
4294720,97a199c1c5f35eafbce88dd82da15a34,2055329
4294721,16021bc163113fa58742d9050a499b1c,2055329
4294722,b2fb3e381ac28b9340b5c0c16fbb8ce9,2055329
4296435,701d8ed8e3fec06c7dce3f7a5178c483,2056100
4296436,7393bfd10522c620550a3039d308647c,2056100
4296437,c9a4d20c135cfa0161625ea6dc0909c2,2056100
4296438,2321ed35d12bb21862f011ccec1a7807,2056100
4296439,fcca5ad394f54dbcf8388dc7ddad448a,2056100
4296955,893810103991515342534f33199d4f98,2053476
4297069,ccd0a6ab61bb24ac957c35e63f87350b,2055189
4297329,2403f72f85ebe43ca1a87b3ba2ad2cd9,2056475
4297330,a8cb8bd4b092d0627a345361ab3b8e05,2056475
4297332,12b605a5670854cb1656753928aa5e11,2056475
4297333,6294e3df4f3b0ff0844a6e673c660e90,2056475
4297775,299672d4d80d2e9133ad45a9cbcb0318,2056650
4297832,44a87b53afd6d5207b5ab30f381e19ad,1874409
4298282,470a80177a12885b559603de6ed2c58f,2056867
4298283,f3266f878550f052e93f1f2781032ba4,2056867
4298284,cc4094a3320d61d50b0a269c37d4a90d,2056867
4298285,a72ac45c884a91b8d5f6e7d3c4691083,2056867
4298936,1721346511fb72cff79296787d1891e9,2057217
4298937,5ff53da3bafc07651851ab1407971358,2057217
4298938,8746888043784c2c79fd217d0fa8e35c,2057217
4300254,a762c31134dd83ba09ce0554939a3387,2057639
4300443,7c1517a28d743e71580d54a451727933,2046911
4300867,2742bc9d162f6d13723a6c1f7053ab86,2057862
4301471,7d4761a7330c935c01dd80799b1483fc,2058130
4301472,cd9da189bb354bb8e5fa9e453c803aec,2058130
4301473,e8fada85c46ed931f5be39ef9257cbb9,2058130
4301475,1e8309bf7672e3ee9204abdcb7f0e917,2058130
4301883,3f061fb7fafcfd1f5e212a4df39fd2ba,2046911
4302293,a488ca909f4b8f26f1fc46046d9fe82f,2032982
4303089,59e9b081e5df7df2602ae75c8f3f3d84,2058816
4303114,fcfd154ac97d219f0a0177566665ca16,2058829
4303115,95422e6af7381cc44af5d363dd80071c,2058829
4303116,5c778b3be7be1424f4ef9488d7941b4f,2058829
4303117,201ea9a5af54783df0daf55a26da28e8,2058829
4303118,f671474a885346a19000a34eafc97554,2058829
4303441,4472cfe31cef12db06a82d0bd6fcad2d,2057862
4303630,aaea5e9d47ea91dce6d5c2648b1dc56c,2059046
4305188,5622f4610a908234e0977ccc64abd3da,2059758
4305189,88722c7138faed38ea33f575ee322a8a,2059758
4305190,127ea9d4632f23db0c2d84f15b69d433,2059758
4305191,7e8a32b68d1210a89663b193d57e06e9,2059758
4305472,7ddf7be37d3970f3ab75332fb0c65f2d,2059895
4307735,6408940efec88b0ac04f3fbc37b1fff2,2060739
4307736,1d33c49b1e5993f4b816e2b4bc5fe1e9,2060739
4307737,ca7d2ec4fbc3996ef0df2f269fa34e8a,2060739
4307738,c6d1da6e5feba6444d767ecd97b39be2,2060739
4307739,f68c30128fd5551fa88ed793eeaea5b5,2060739
4307871,7eaf9239d88b02684c2466341805d301,2060798
4308062,f82ddfa3e86e6bb01166df9ca9df7f11,2060891
4308063,197f6534710e18b9e78cdd6b9459b9dd,2060891
4308065,c707e5a3d097ecd9da1f8ce5b8af1282,2060891
4308999,3db32295a4e00a5b82ae6104dfbd2ce5,2061214
4309000,9a86dcc06602c8e9ff799bfdbb98b8f3,2061214
4309001,4729cf28bd70799208bc5edb8e426f10,2061214
4309002,45d1d0f949645363066065e50e96e39f,2061214
4309101,e3374a55a992d18e31111419430138a7,2061253
4309102,c7c7879be5a50c96a419c769ccce6ed7,2061253
4309120,7be8f0615393a0e3ef75cba1732d000a,2061253
4309121,887d76a1ca7fbf1192e9e9d779edcf45,2061253
4309695,951b21741b96702b2a7ed3418b4303cc,2060798
4309696,1262b0918a29554f55bfeceee306f77c,2060798
4309697,5d50e2f7d611c80d760b0429a7d39a3d,2060798
4309897,076230d451200086b5a82264e1864cb0,2061602
4310538,8c920622071baccdd1398ae4302bda5b,2044114
4310539,0ac00fb98ae0de0f34776af7aa73a647,2044114
4310540,a76bb47d695ec5f48dee9e282633cd40,2044114
4310541,e94d671d4a30d78bf67ebaa5f7d3f91a,2044114
4310565,a21df101d72665321edb176d3908711b,2041044
4311281,835efb2169dc048b27bf2f984783098f,2053476
4311655,ea7475f84395d3d45c172d9ef5eb8e7f,2062147
4311877,73e60c681e3ff49dfddb3d5479278ac2,2062204
4311936,a011740abef978d2146265d220025c38,2062240
4311938,91cf0422a2318446475de1c4af9bd6f8,2062241
4312561,bb1e52bd9235f67a80f49bf252249d36,1978601
4313589,99bea3735e885c172d67f9d83996bc3a,2062559
4313615,5e8211cc275f2444859e4a9edd157aae,2062569
4313664,b46e6f0c077d42f04e51a0abeab2e625,2062569
4313665,de24a9da25c4a1dd6f7c397917671279,2062569
4313666,b2e7f29871ee2b9f3cf5521e6638477a,2062569
4313705,d5ee124b3f2edd2515d86d518f02da5e,2062621
4313706,616721a6b81ca0b756f566038a895142,2062621
4313707,d30d45074e8dbc15f33aca761d81ca83,2062621
4313708,65caa4f252c6a302b66dd4ea1060f8f2,2062621
4313709,d182749c23d0f0082a9fc732dcec2d88,2062621
4315261,1b13017bab07d06995670ff3ae2cb72b,1083786
4315262,96efbd019d5d0ab3360a9dbb0d3f0917,1083786
4315263,96a52a77e022f5eb34e6ff7d50846219,1083786
4315264,201ff59faadbb94d3c0be20ce9fe249a,1083786
4315527,f51c9ea7dd08e490825ca156b8a101a1,2061602
4315581,6c1d0f1746f1c8079563c91a95a5ec0d,2063378
4315598,da9604930e9f1cb311095272cbc49784,2063378
4315622,d036baadea0475503b5974212064b5f1,2063378
4315826,ceae58d44d10bc7ae0ba041e6913a467,2063378
4315948,fa5efefcd2af27bd69b63b7051ed11d5,2063548
4316509,c2a24332e288255bd1d1e63056c9c60a,1954243
4316550,b1b5a71758d1509cbaaa7f9e7750ad4d,2031577
4316766,9caa564c6f4cc7bbf1ba956620fd8976,2063884
4316768,e93eb6184795c24ef46b90f2e67c5411,2063884
4316769,d734097bbfe133c21f8fead469861970,2063884
4316770,2ab3d65045d4c4b054e614034ddd5220,2063884
4316771,929c2a5b8b6735be63fd54e4263ab643,2063884
4317555,87cba91dbd5e3ac7a12200fe9997ccd4,2064233
4317704,cab1775e4954d7c089b8e6eb064b50b8,1743589
4317705,ccbe130993fbfd9a389c3a54e94babf8,1743589
4317706,7e1527be1662245a6e45c5eef061bf13,1743589
4317707,aa3e07ad51767ac2b622c9fdbc21c82a,1743589
4317950,1b8fd7296385d605ebff9302195b68c3,2063918
4318022,7b1759202a434843e0fe55f032a0290c,2054428
4318800,78bf00cff6b3264b1c327e0b955946d5,2045174
4319141,694c620a6f2c38fa3331848aca0cc1fe,2064894
4319143,feb94ae5fea2438f6ac50a6cdde66f55,2063918
4319144,74b90befadac5d2fc32c77722f035514,2063918
4319145,f226f9a5ad0dda44d03aac43fcffc91d,2063918
4319571,ddf6ac795afaa67b44d0962de5c9af9e,2065079
4319572,66fa6b7be493a357eb91823b6530d03e,2065079
4319573,ff7f1acce02d217de5f583ae57737437,2065079
4319574,8b63fe5fae29d4054f795f382707e687,2065079
4320055,5fa082c4b463883b4afd94cf010289f1,2065294
4321439,bbca64e161be4a38c47d648fb58735dc,2065772
4322086,4f3233718d2e90283417955631a2b4dd,2065992
4322635,4f6a7d9a5fe47f0f1f2145d5341f9235,2066219
4322636,c06ba483ce88cb339a5c78c073766d97,2066219
4322637,e9c44a45d46e30f4fd2cdf0acc0e8207,2066219
4323651,abd1958e5baeb2495fb532fc52df420c,2042202
4323652,20814c4686566b055f8e1bd36c00e92a,2042202
4324103,28680236811342d84f0ca510033c8877,2066956
4324144,1efb9e6f630ba31c659fd1e740bbc3e6,2066968
4324145,eadc4f2921b8366947d936649fef496e,2066968
4324146,8a3d94d42b8189be36eb46129ceb857a,2066968
4324148,c2b2f856579291d62097548005e7bb37,2066968
4324149,375721b3b869c9531a9adb1a1ddcf19d,2066968
4324192,b87842c4e28535ab625d9094866487cc,2066989
4324216,88518e628802096150c7b3d611012c85,2066956
4324502,6156276968025b9336316fe7c70f1c37,2067095
4324528,12a179b28941fe6dd0a678989e8a9a26,2067109
4324622,b17d0f9ff8db9362f5379d80ddadc4f1,2032982
4324623,4c74c11697dcc8d29cd146b9b6e53f13,2032982
4324846,10cf47837979a20f9829046987436185,2053020
4326682,bc11692e318989338706762272d0de11,2068007
4326712,f6d16442808a7ecfe473bf24d66b4fe6,2068015
4326754,0ffab9c12812fe8e0019328c6a8d9671,2068015
4326786,4972f08a649fe9e98eccc6b4f9a68f4d,2068015
4326787,66c099152d647dc16d331f28a3aedb75,1955444
4327556,7a1efa7c51bf2ae38b5121f9660328bd,2068331
4328842,39abe63180df97e6dd422b601c0a6d94,1854144
4328843,d45269ca091489d8fda97ca81fb39c80,1854144
4328844,0464555a656fa7118de500dfa6f14650,1854144
4328845,39ab83e1c85f173ac08bd171875495f1,1854144
4328932,1a56017cc5d1ef0bbc30f40d98bee742,2068972
4328933,e539df95bd40e517b035230c9c4656e1,2068972
4328934,cb4298b08043296649ac613e1db3e862,2068972
4328935,914248f1d74be903a6b79f70d05ec2bc,2068972
4328936,08ead2053a4026d09923bbb9fbd6f7af,2068972
4329293,1968d82998d7bc51c9e010da7133a7cd,1347503
4329358,2aaacacc1f7712b4060da8454386b777,2069167
4329853,75ede428e17023eccfc7c4240cb7b154,2056475
4330961,b204e434b8424e15ee5e968d683014e1,1977087
4331264,44b19435932a3eefe695ff7940722885,2069976
4331913,fe7116f04b2276e97baa93a72dc82dd2,2070307
4332212,bcb56626f34b1c297759f9d6577383d7,2069976
4332585,e809f4a8cb17195696a13523310d1384,2069976
4332846,208521eb068c112ba2a80344f8669230,2070765
4332848,c58750c6d9549c5e71094712da638333,2070765
4332849,629cc3b33f4cab4fe6ec91cb1ed20d13,2070765
4332850,e530149fac554dc1ffaa0a9bc5359bd3,2070765
4333966,5d030dd7f4217b47928e6395393b3b0c,2071247
4334019,83ff93fec541c98cd5da5be98e17adb3,2064066
4334025,cf50d664a353f872927193ea0b167e09,2069976
4334621,4251bce2381c7af9c01f95f1ddb7df57,2036645
4334872,eb0889fe1e6144418aa9b698d7868e76,2057862
4334882,bb6f35873c01d73e705a87e0095ba520,2071593
4335388,5f81b8ba4b7fbd7793cd42ea10033b23,2062147
4335661,b2b311a6b629c5bc402730be66c880ab,2071879
4335791,0dea2c4aa112ad220ca7e3fa67f9dbb4,2056652
4336419,4614b030edca174e16a09e57455f633b,2029665
4336662,90e323758d4826b0b0208fdc919c1113,2019825
4336870,2753191c886f3e9d6ed9acf8e6b86122,2071879
4336871,6abf3913f5e7e75f290919c5db6ed830,2071879
4336872,e3bdcea23d0b374cf03ae4083ba61beb,2071879
4336873,563b4e2ebeb567d2f89e9c3543f6e31b,2071879
4337112,f3f72da5cf182b51081b2bece2454cc6,2072440
4337916,959e7ab797e93dc52669ee3c93e1752a,2072806
4337922,ce9ac310b631f4c86d641d52dab674bf,2025404
4337968,d7097dad9c1e75b1e54c83b23bde89ca,2072833
4338095,fadf7cde81ddd6e351c6996f06f61bb3,2054428
4339221,5cfe881323139c47703c5cee66a1d38a,2072806
4339222,118f28ebae703309b0ac54b40d0a5783,2072806
4339223,898f444123214f1cf67c4656f4a67665,2072806
4339622,1269b0c371985e41721fe085e105a30b,2073289
4339623,13c054616443e720af255679edcc57b7,2073289
4339624,c798114ca8a8fb7cd7a2fc95abbaa8d8,2073289
4339625,3e3d7c5637edb338b81b7388d56b1b36,2073289
4339626,fdc35401897e1e70271e6e859429c877,2073289
4340136,1b4d578e94c0b68d6d74a1b6f9a37594,2073532
4340139,2b477ece8ed210758baf9d2db2a4025a,2073532
4340994,5e2e39040064b70a1f9906afa6781042,2051835
4340995,0a0043ea8cf696e14322d76a6906d774,2051835
4341103,211d18b1fcd2e31a5b31589be39eaebf,2073978
4341104,f887f041056af9c9764b4f69274d6aec,2073978
4341105,23097a97e6498f5d0eda58309fa2f023,2073978
4341106,a6251e078384d400a21cdf4006f25ed1,2073978
4341195,c7ee0cfc7239b46a40c85546f69bb797,2074009
4341405,e433f966a7e7c5755473ad9bf1a7a074,2074009
4341406,58411deb326a24c461510192a87b57a6,2074009
4341407,134e3820f394d6ae887b4bde994ef597,2074009
4341576,8a2805d2d989e38ea7ce4fac400f9d88,2032982
4342016,f7d6024f212cc183f21889248565a831,2057862
4342019,47d52d1550222a326a04c9b7185c91d1,2059895
4342020,5f5882b7b8e2b8edda8026871e1e0860,2059895
4342021,7e840f8a1cfd5a5af147292e444d755e,2059895
4343369,8dc8768acfb89c601e95201657d009d1,2074956
4343370,b076485736b3fe3ecc0ba90e1d5accba,2074956
4343838,260c9b9c2d82ab23a6717efea7632847,2075080
4344304,86138125e20a78127c85a48299429e83,2075218
4344305,88ba4636418234c8f40523a245caa9b9,2075218
4344306,cde5f5caa0e942e771cad56ed16ad6f9,2075218
4344307,9fb0c94929ebc38e651ed7cec3e26763,2075218
4344809,102a0bf805367ec87cf051c1d5fd6a0e,2075439
4344837,d8dc9e846f306c964be6717734694c81,2075439
4346092,8d017d7c0b0ed7500ba59adec063377f,1791063
4346094,7ac2b7335c9a43a8db6fad252afbb9b5,1791063
4346178,155576782124794bd234ee1e016bb870,2075891
4346602,a2fc208dd4e655c1c2d507a17698d678,2076104
4346654,98e36534e6ad677e5ff6a72f2fc187ac,2076122
4347784,648017cb057e9338ad685609ac320660,1274616
4348567,710987f310cd3f21e4136756a4941c2a,2074009
4348825,3c566ba9be83a213c8efdd88a1fee887,2077021
4349270,2aa3b6248ff5c65979fd79174bcc6145,1892177
4349313,5e8f44b9405a64e5e770e9c63e673dd1,2051835
4350795,297376e9b3020a2d72e3d9ec1f7f078c,2076104
4351046,4d3a8789b01a87524014d8a924a0cc0d,2077955
4351081,3c9393bfb60edfa2041374cfefab7960,1805498
4351363,9b24226d7dab12dac61bf89b36fe3633,2078125
4351627,b17cb392ad22ddfeef7f999171871bec,2073532
4351664,fc1cde0ebe88b1256e38153ab79d6543,2078248
4351792,8f2b4c8b69b49921c864a97e9a33413d,2076104
4351947,dcf7d242bd3b2b94496b083e9a512fd9,2076104
4351970,dabf35c6be6a90565204d696d3b7a3e4,2078248
4351971,4561be802c6591b4c48f770a7efa543b,2078248
4351972,bb9817127df259bd85d5b845e1f131be,2078248
4352050,bf3acdf3e21b6f67bb6ead78b332e0f5,2078439
4352512,d3b3708593a25683dc41451c3654a365,1699323
4352532,228eb9600e79dee4e8964b52b6d5b569,1699323
4352533,f857b49bd2538c3b12f59dced9f30299,1699323
4352535,369db32607d621bbf6bbba0cbba227b2,1699323
4352537,2a6caea16ce762112c499e145e68cac7,1699323
4352842,bbc99b9137f121f555b4784aacff0018,2043161
4353167,30315e4db07383388327ff3e3e1986fe,2044583
4354081,0f4287045973b76dc65f678a0556eef1,2079321
4354345,b5bff35df96bb6b865e56b2767612a29,2079405
4354346,a7ad7d4aa5bec68454b6c16fa060ffe1,2079405
4354347,0aa4c6e5d114a27b6bf81b5110204540,2079405
4354348,6b50e5cbad05f43046f4d98de0e7b476,2079405
4354349,52d3a9c57df27c98e61332dda72ae00f,2079405
4355782,b262e29e00cdd38af3a25f7d6bbf96dd,2080049
4355994,860bfe0191400c5d3b33411b9564af25,2080150
4356497,9fc6ab8a600b89f4f71bd2e3dcb0e6a1,2080356
4356516,146e87875b9cca1ccdad52b40d2e55bd,2080356
4356517,93e24c2841f0cc48c41f3897e5e57e30,2080356
4356518,0a0e2b0ce00b40ced26faf8cc2702917,2080356
4357095,cf8cc390c88f0607552340d3b5f76220,2062147
4357109,beaeb6e8b492b3451ab576caa91fdba0,2080593
4357226,33e103ace1c0603d9df95bcd09bdbb64,2080593
4357277,7dabe82629762138a6384cb34df63ff5,2080593
4357311,c827e6fe135cc66b196699a759d0d0d5,2080593
4357733,40e8a761811b3d81fcde4748003443bc,2080049
4357762,ff5e691b2ef44b874a4d607133ad0eb1,2080049
4357782,56e0c3fd26b9a3845daab5856118c301,2080049
4359136,859d75bed9135d33a40adf1f3f4a6cd3,2081438
4359137,15e4b0fa1d9e54652e9cec6e7c5c2c17,2081438
4359138,0d5c8ed31e50eb2d0ab27a330c4e40e7,2081438
4359139,5374cb9406da021a63c77afe80eacce4,2081438
4359140,9a4d7eaef2fec52af49867ee776532e5,2081438
4359455,63b997625896456903114ec8d2704373,2081622
4359456,95b81fe0df26777461810447cc265d74,2081622
4359457,1458ae373ed7831cfc0cc18e668e22c1,2081622
4359458,c7f12139f1bbd96ddb02b95dc367fabf,2081622
4360616,f09ecbcd3d70a931a75406753954391b,2082175
4360617,9cf48b4d37407009a94155a6d898367d,2082175
4361718,eb85eff499edcd1800deb865cde84fc7,2081438
4361895,240aa5d5e7f6deb60acdd684ddb14c98,2080150
4362258,85885d62ef149d4d9c83bf99fb7e5fb1,2075080
4362648,1d5b5d7b63ec32bda615fd1b3ad85210,2083111
4362649,2bce0802cab1f810535c96a5f8a46aac,2083111
4362651,36f2487f7ebc06c891f89489cd5149d0,2083111
4362652,471730d125cba076e19a4c444e38c70a,2083111
4363201,c75356ed41fdc219f80b17b844eb35cb,2083263
4364077,588947412a54a96851cd70107afccfe3,2025404
4364258,f0d2ae4910ef94368573c4b7570965d2,2083263
4364262,f3da64072f17c79a78928c17068202d0,1849165
4364263,ecddd6b0788ef1913d6d4cc33953092a,1849165
4364264,f508584abf7ac1aa934bb83f4daa2d0f,1849165
4364541,d02703931a4d891ef375253ee4e6e9c8,2083710
4364542,636bddf03779a6dd68760a3d1c20add4,2083710
4364544,e851b1137e8457a7392f45730147259f,2083710
4364545,759874d5e57ebd3e9629e7e66f999b20,2083710
4364546,e28410a69fb34bee6493d33d02991533,2083710
4364548,4a3d36aa44cc7c90e59b3c5ca0353bad,2025404
4364555,069f532409d26498796482d96590e1aa,2083263
4364628,40582606c20e77177fd37736709b2c0d,1955626
4364665,7acfca65df9d8d6d5777ae7cb09cd56f,1955626
4364722,737b9a886f398a293feea8e8da095e96,2083809
4364723,17a7662ea2fb7098d6d3cbe7a219892b,2083809
4364724,3a756c1850ae44a7c491a47fe3471bc4,2083809
4364725,0ebb947052579a22362cf40621cb56c8,2083809
4365234,3349047ebbece920cc77c89817210a65,2084026
4366247,d9312ddc5cba2f54fe65d4b636026595,2084484
4366342,43f4034702b822f5afa02907017449be,2084530
4366343,d04f0da45096ea496c424647acce711f,2084530
4366344,1041a9424a922531de7eec25f31facfc,2084530
4366392,7506451cefcc196a8d4a9f06f48d7365,2084559
4366393,76a8e73f968078c3883e45c4eecead7c,2084559
4366394,f3edc4e2bd3b4685bcd9a3349ef627f4,2084559
4366396,77daec83f329a96e72a5e04118242acb,2084559
4366397,f7f64e32eeeb469ec438e7f549642f78,2084559
4367278,4c38294395b89a0f314c17ae9cc45822,2084908
4367279,2ce067fff3f7988c5e9e0d6ba68aea26,2084908
4367281,9ef5176f115714a3ebc004558bcec360,2084908
4367282,3960b106a47a565d648529e91fc510e2,2084908
4367979,11c308bbb7ea10e2849c76add548ca2d,2085111
4368207,9b53814246d00b32806b6c5b1d3b4457,2075080
4368313,00d6c75ac764339dc14ae4fd7f126ec0,2085224
4368314,c4da9131e2de940fc996d35735613904,2085224
4368315,24970a29579392d3e6ec41b9bcf6a5bd,2085224
4368342,bfcf4ab979c5d522cbbb84b5197da8c1,2083263
4369319,6dd083b91913fa91dc02c0d3368850f5,2085685
4369353,ba96c2b55ad1ad08335669bcbe3eaf0e,2074956
4369361,55e538a1f15372d07f4c01057029e0d4,2085716
4369418,83352821278b7c3f49589b1b8f73719b,2085751
4370326,5baa2a054b7a70ce341cdb1b9b59fe35,2076043
4370333,e75de9f721eef7e10af3bd582afacb5f,2076043
4370336,0b14c74026ca44f7099a0d8812f45525,2076043
4370338,9489e2010ec0791c58f1fba0f5d5383b,2076043
4370339,dfc13d9b6e57aff928c8d490ca965362,2076043
4371033,4498362aa747bae370851cbcbe4de032,2084530
4371386,c614e1c5c5afc223655a823750b5dc96,2074009
4372415,35fc6c1c80d34a8a7606a6ca7b1a103d,2058816
4372416,8633fc92943e5386b4ba8e1790e9fe7e,2058816
4372417,96c10bea87be08c7bb4bb40f58516642,2058816
4372714,70038645d77011c390d5125b0e1583e4,1785559
4372715,9686b18ff33c9e931c1af6e1c0e67c51,1785559
4372716,0786f1df63ce94476155a14575c8870d,1785559
4373548,33cb01ae94b17325a197e7b5b2f4cd10,2019474
4373549,635d177f5728d8bdbc5004053037fd66,2019474
4373817,c09e77d98dacc647dc8d5c53c8322fce,1955626
4374377,03948b2cb2396e49f82d90e96315df75,2087530
4374753,06067a04915bb0df9fd537da7fb7f803,2087660
4374754,a308d2112f38aab60bf4a5c7c9183a63,2087660
4374914,4cff1cbcad9d3e8364af1d7f3467588a,2087660
4374915,a22c9dc9e671ea5ae1e2a45023dd8b73,2087660
4374916,25289735c5605b1a6eb7a25e9c820358,2087660
4374917,004701038cfe1f13f127b0616e72e32d,2087660
4375294,64016144fd51947a2dce71d887698ccb,2087849
4375295,819740ea60689f549cc65f970846a7f3,2087849
4375297,7703419d3ffb2f95ae409694ba5d17b8,2087849
4375298,2f07cfcb25cddf38eb71a467e0900a5e,2087849
4376076,7c8999cacfd84de77763c5d524d5de77,2088232
4376077,968388dad68c89ab5815e8995dd06e38,2088232
4376078,6e6f0247413e674114bfaef2db4be770,2088232
4376096,26558b8511f508892b5abbcc3b8a8710,2088232
4376207,767a4cf64f3a430ab377a2c46b9c6d77,2088289
4376294,eac9e6188b2d8723e83f60583ecb8699,2088289
4376295,078a78109326bd86a18eb8fd46f735a2,2088289
4376296,44023cbacfdc531e94cacda27f5c0816,2088289
4376514,6beda47fb3847485c331cff3f15bc21f,2088289
4376794,fef54a407bfbb4635005ad73f6b3ff9c,2075080
4376896,c894066b25652685fb9854ad6e31b393,2021922
4376982,e9fd18050b7640c90011fec2e7ca8af5,2069235
4377000,6a72c9c16c9bb15eb0e128b33ab28e88,2088664
4377049,ce919171fe46e504f9e29e8f655e30a0,2088698
4377065,f7551994dfd957676a2108bc1db7ecc1,2076122
4377506,d9ac688d3deecf315aef220105e7d1ca,2055329
4377560,6fc4459908db61b25a870b0cd9999fa6,2088933
4377644,a33f51e98ca9828514490b55b47696de,2085751
4377715,fc805f4facb4d95e289c4ed2f88b0c6c,2089005
4377882,dbafbe2d17713e9623c2ed7fb984dded,2089068
4378040,b1a5d3a13295b888e3f739eacae83be2,2089156
4378043,0603568c690dd363a67fcd39f9ff7686,2089156
4378088,3f73cc3b52696ea349e61f56cbd7791c,2089181
4378117,0b35a929673b9f4c3d33620767b9a016,2085980
4378118,923de83ea747e3a6b910e33818885843,2085980
4378119,030754a3196a9068e98f50770bceb2f5,2085980
4378298,15359c6370aa8fd568c13b147869b31e,2089249
4378410,60e4e92fafff8cf009de5a82b483ffae,2055329
4378501,a926cc525e9938a53d44efd8180a9c35,2089358
4378525,9c2b93f9591adcb9d129f82f93ab1c98,2089374
4378709,861bd14975c7a2c7ce1747da0030f4ca,2089449
4378887,fc397b3a900c009f7540a3b6d8d84b7b,2089498
4378893,ab2377b4bee2f36f1e71f7383ae56ad5,2089500
4378912,ddadfcbdf7bd651c730241752af43716,2089500
4378977,b9dbbeed51a58a27611760435198601d,2089536
4379012,f246ad18c6ca6ced8f6c43a4618d44a1,2089546
4379342,cfd504c82b23a07f26ac7dabd91d9c25,2089536
4379420,4e73b7510e2d47e2f961636f3df11f05,2089653
4379421,314d49cd92b4eec939ef8c62497355dd,2089653
4379422,8e3c14d9859377bf60617669a0d67dd0,2089653
4379423,e9b1fe16d52f4a66e2e14877e9a0c30a,2089653
4379431,9fef1733a9d5a4412dbf4f1e1c785aaa,2089156
4379632,bc68f491210872a7f9d7900a7848fb59,2036645
4379964,287d7117d394e46aa13b573a4c871e7f,2089536
4379972,7c0d64cc252ea961be781e1574465982,2089536
4380021,ccaf909ab0d9023b9442944bc29d68a3,1449460
4380034,7b2e6c18d7b88f289c3090388aa44878,2089935
4380035,73e20bf6924756ebd4b441a3e96c39cd,2089935
4380036,76c22850e90111fc37c1b1c64a0e6084,2089935
4380037,740eed4c71679f744e18eb5347b21a2a,2089935
4380234,50c1d2a1d3ed6eb273234dc21c22d4fd,1998672
4380366,60e7a19a39e5c05ce2ae58d83648c325,2090056
4380368,031770d68f0073b5c64212b973fcfa09,2090056
4380369,86d405fb0bb16f140402edcf287e6c6a,2090056
4380884,8d424e37b02dc2172e82f0aa2e0a06a7,2090262
4381223,6295b4008071c00f3a9d7397b3695633,2089156
4381289,20515516437d307278c272dc5f7eff8f,2089156
4381959,82d55a6a1cfed0776602a694f6e6ab83,2014767
4381960,5498b8fb5474c5f3d3509673da9cf8ef,2014767
4381961,e8f6c8bdcf31237159c0600110b98c5a,2014767
4381962,96048b395750ba0de4469f155ed08c94,2014767
4382588,57e3f3a3ac30513a13033322cd5dbb7d,2090965
4382944,6824ac27631a0326b5845ef26fc7eb58,2091145
4383161,b4b9564946527e42ad0ece98cc765f87,2091265
4383325,ae92140c84e02a889204742b50c33912,2091338
4383326,937e47a7d9e36e34e01e8e86e78b51b5,2091338
4383327,d7b3e0a03ee5502ada837b327fec1b86,2091338
4383328,dbc09469e42112beb4f5df580afcef7f,2091338
4383329,722e7f3d4c69c13e327ebbe102a03d70,2091338
4383330,68a3ba0c0155255299a9557799b93a53,2091338
4383442,bcb347f640b2c4b29220b26530846a18,2091370
4383443,fd1dff616e62229ec4663fea357bff81,2091370
4383444,b7c3a762f6570fdcfa5230c2a47a03a4,2091370
4383445,b2cc6f64ef0d857c711fa0df59c9b2d4,2091370
4383858,e717e66839e0237fcdcac7404d4a9b42,1977087
4384190,2ef8e69ca647c3878cac60b76cf1ed28,2091265
4384468,cf97c36b5c79a867697eb45b2a8ea9c1,2091265
4385251,5571853bed5c4ea17232db16a2f229b3,2092029
4385360,0e25d0a0e13b66ea89575e1cc476822e,2092082
4385361,fd2e4a4f01c98607526932dea2630c65,2092082
4385621,4602b7d02e5472b527f120c0e6dcd8ac,1977087
4385689,7cc5efa33f63743566770d5bc032eb1d,2076043
4386466,8f00dd35f2edc380d95fd8c12eb343b2,2092486
4386501,15efd22a5aaf950213d00fd34e424a68,2092082
4386763,a09264de6e3328e31cecc5b4da66900e,2092082
4386877,7fcae723fd55b98572487f2736ae1aa5,1998672
4387505,562bc78a1bcae6738f22839f6fd9180b,2092799
4387581,8a9fda84667237481df3eed6814e2d89,2092851
4387804,b4583a1ebdfcac25be3f729624ef480c,2062241
4388240,5c68216cdc11581a90746942661c1d7f,1231834
4388241,d4429a340ad0e326b9df7298eaa822d2,1231834
4388242,c32f98499408e14f059c56bf9b34e30c,1231834
4388243,5fa88d477b751b4e0f7e88aa2e446877,1231834
4388426,ff5cfef1e312b1042be2f2427c1f36e6,2093101
4388481,0ac6c7ab800f2ecbf9f8ec0de3c7fa4f,1551974
4388482,ceb51f2e08c777e8ca81df59d473dbb0,1551974
4388483,e513ff5e63af490147212d4f05f47b2c,1551974
4388484,1f56e7e678c9401d3a0cdc8f2ea53429,1551974
4388695,280fe78c3f11e8872231e366b96b5b9f,2093213
4388696,6e45e00d0f1adcbaa1b7a5241350c64f,2093213
4388697,0f61c3dca6def72fd10fe28cea7f8d1b,2093213
4388728,3a39ffd79f19438dcaf8edebf3ef7ea5,1977087
4388846,320c6b92e91263f26e459bbc74e40c75,2093265
4389424,c94f8f381a3dd64adef356c7c30a2c61,2093565
4389425,b36ac9d0d8dc0db655da4f06780b86fd,2093565
4389426,805a3230a53eeff576a1abfb2a614e89,2093565
4389545,0e11efcbabcafaf2dc5cdc0bd74a14fe,2062241
4389604,3c50b59a959a26d6734cb52457fe4f07,2019474
4389611,e73806d82705bd6a2646eb9daf9da818,2093213
4389716,393127a2ca4d5615c53d58ebc9b8d77c,2066956
4389753,8cee9bb158fe75160088a37fd29da895,2066956
4389852,553403609400dfd093c0786de29009ce,2093768
4389853,233281104cb28c63c8a1d1d9936ba7cd,2093768
4389855,36c57d9a1c67805e387bd5057fff5078,2093768
4389987,ae01b25cf4830cc66b74ef441f1d20ce,1614117
4390301,dd2224d31b2dd10f859cfbb41917d6b5,2093950
4390381,8b406c09e3e49d24c4223e37596a6425,2093950
4390439,0bbdb62464e0173377a5b6bc4d39b9de,2085685
4390440,08b8ef1b0ab8ebfecdc28d42253e3c34,2085685
4390467,7b9ff17299bf4fe8c8ca53f0db795cde,2094032
4390468,74014c159c4940db5af8b9fda8028080,2094032
4390469,44ab45b6b2941dababbaa7ce1db8b89a,2094032
4390470,9f19421a701eda7885e434aef975630d,2094032
4390563,b7b4c865e1153d0e16b529de95809c1f,2093950
4390564,832fbf39d33d90922fbd45bd97dd3b1f,2093950
4390695,c3072b01884c09c2ddf93f5e1756c4db,2080593
4390742,58fc8be9c4d4d369663cac702757fe3e,2080593
4392076,2b95260b8b2579a234301da5dd81181a,2094665
4392641,7b67ca8aabf0cd807b9e495ffd22c58f,2094985
4393253,cbb9a3803ba55fe6e5c55ba7b6cf3a67,2095262
4393276,a4c81d06763ddc7b055b0718eb0e01ff,2095262
4393339,3d3f70ced0aa45c81686c16de25746f3,2062241
4393344,d945f59755dd443be2c883e261233543,2095320
4393436,996dc3a1297a6e94f79faad3b88c5c53,2095262
4393482,022eb40ad034b7375490b1d5d171810e,2095389
4393483,5bf4d4a5ecdbef2ede585c5d795d8bcc,2095262
4393530,f66ca61e481e0a8755d34ed026a9b90a,2053476
4394504,6507c842669e77d663e546a17781029a,2095822
4394505,6921ccfeae4e4b47aef81b0fac09757d,2095822
4394506,1e8b4d9fab4bb85dd97ecec682563ac7,2095822
4394507,34256a67e172cf22dcfca2d82d257b0f,2095822
4394509,e0d79ee2f3be9344b2b0dc7445915f70,2095822
4394513,f549e0a9307b0d7d6c6614b605d3ae79,2092799
4394905,037e6887a0a1d9ac8546d805c2693922,2095978
4394906,eca2a1d1ed8cb22b098529db353aa79c,2095979
4394907,1d0c9baaf8ccac764873c661ba8ca6dc,2095979
4394908,255f05a6febd3b60d4361a0d14a43352,2095979
4394909,6246eacaad1abfe4fbc97a8a593b1dc7,2095979
4395229,97544023251dce3ca46fb4db3dd61072,2043744
4395654,c1264f343d55d6f240f25a95c0f1da91,2096263
4396432,1f797b570c9de6ff41cee242d9e2fdf1,2026104
4397099,c00b91e4948503dbaecd4eb481accedd,2095978
4397107,dd7f94b5470536a0f910ea9c928db77c,2096772
4398581,5617b7f7172725dc5c76f69316273966,2092799
4398599,315e9fa611399666d8a5aaa8b92bf57c,2097269
4399284,7e72578d199d3c6e66462b0e2ae48392,1677199
4399285,c00c4b42deaf1827ca570fa23a27453c,1677199
4399286,a06f45ded9b6a7798f5c1241901eaa91,1677199
4399287,504c47a8795fda65cb4c045e5a9766c6,1677199
4399288,8a14cd768800ab165bed5650cc3111ff,1677199
4399289,d683d96140968fe6dbd9cc143609a1c8,1677199
4399290,c38df1d58cd2191606c36fec64981d15,1677199
4399291,b3a9f6d7fc00b87ed7f0ed66c7da6039,1677199
4399292,c17b7cc557b132585dffe66d2dd58d2d,1677199
4399323,eda9c58554d7b19d0f6154e2dd8ffd80,2026104
4399508,60f9b3228427d4a284358c2ec10f7e8d,2097618
4399519,3051cb1056c25686c8040ae1968375ee,2097618
4399520,302b9f982e4cabb2385e44c9fd7cfd7a,2097618
4399521,73ca0fc641cbabc32555665b5d3acb3e,2097618
4399522,2701d61567c054cecff19b24dc8c24c7,2097618
4400238,7b2a142a2a66d0036d079b2fd8d9875b,2096263
4400420,065149e661eb8efd58274afcec626375,2094665
4400566,a0d9193f9298e34ff371c9fffa7d6415,2092799
4400580,297a3d3c12191ac0eec14a3a6c5a87f1,2098009
4400996,81f415de4be1a6a98ec13404c375e8a4,2080244
4401169,dc6d792a7e7ba518d3171057b83835f6,2098225
4401188,7011b10e30524d2ddd34b05e935c7201,2098237
4401419,d33a9673fa1ff2150b5285898a7a49aa,2080049
4401831,27745a33b3f74ceb7877f9cbb4c5da10,2065992
4402321,65213cab8ddc1f2423910a45b2116cb2,2076122
4402350,57e7f862adb22aec5703003e73d21520,2076122
4402351,e474c6128a906cdc6fbf824a9b598610,2098732
4402352,669100b5a9cd95e29f8d6807e743e13e,2098732
4402353,bb207230f96a8ccea98c70657f220e18,2098732
4402594,7fc6527385ecd1db0021dbc410d22419,743090
4402744,f8a3bcadbc0b4abcf508aa160c8315ca,2098906
4402923,72041b7512b35bbe36351233c7c9d637,2095389
4403184,965076ae4b6001a4ccd41483cc9bd105,2085980
4403283,b54959655db8306576b08a342dee00e4,2095978
4403430,4f990c41bb4fa8d16e1476574cedefe9,2060891
4403891,8d5e2bfc8dd90ebb8cdaf0718237ccb0,2095978
4403892,b212af353c24ce50f59782e8d9fc0292,2095978
4403893,1115ee3a708b0a972b91fdcf3339f2da,2093213
4404319,ea3b5a36f9f32f4d0f709d9d9c51e3d5,2045174
4404709,7c9131538cf7386357e41a40822a83c0,2095389
4404729,be2b4feacb0ee67e235c4270517ad599,2099772
4404730,442e5cb2ff9b3d92cb34c7c694e5d768,2099772
4404732,fec655dc2be27fbef7e25a4d8ff477e6,2099772
4404734,95e8acdec09905c9730860170e328e77,2099774
4404735,fd51a3b1ae1b4b453827b3ed390150d6,2099774
4404736,9736364a254ae0138065c25f3781631d,2099774
4404737,7daa54d170a33c6f6493c94727a653f4,2099774
4404738,2b3ab9f893739ed3e9a0588dd5ae3db4,2099774
4405144,1712e828da03ec18ed925372020c1848,2099865
4405145,d90f8d07dd1c1a3bf9031c010dc23111,2099865
4405146,774227d8f74d184642c1cc557cccbe26,2099865
4405147,e0d35158ad05388353fdff13955a13a5,2099865
4405148,860b2a7f01c5757a15ee4d898fc56f4b,2099865
4405149,e49ede78d755923407ac573ba35f54b8,2099865
4405150,977a8af184d1419a6e75539542bc2d56,2099865
4405151,2d089d2517f02899f2c2902f14d199f1,2099865
4405152,9298639795f98f03b7d4623568ed0ad0,2099865
4405153,baf0bbbb5797c9354352697988c3cf40,2099865
4405154,803b43f38e7077d33f9e2b6de53cf33a,2099865
4405155,5596c60c71cceb2b96baa81df089d6ea,2099865
4405658,1cd6d0608ce7ba056328120a97365a70,2100144
4406450,652d83fb15d5bce4d0d72c9ad650b112,2094985
4406910,20ac77fc614ab9c032c2b7cde721dcd0,2100674
4406911,4b43cea069e4ed34b70ec3ebe3aaa801,2100674
4406912,f797c12f2df869b277d607dd5471c9b2,2100674
4406968,35fee41f69b3e85b68251f8a714b06ed,2100708
4406969,f7120e9172979cc97dcf845766e986b1,2100708
4406970,69d2c741d89a6d9349b21c138a0654a9,2100708
4406971,a6b27a06d4f5e7817f1bd034472c0718,2100708
4406998,e8df37fc26199068affa3f9f449b6c68,2094985
4406999,15790291e52037eb5046460d63105cc0,2094985
4407098,9b72133b858801023eb044e14ae51460,2100759
4407130,54f42bd8eb48da2a5c48bc10b3b5759b,2045473
4407838,83fdb0ea357a9e5474b985ff1f1793b1,2055265
4407839,394c8159be123183b9d7bf66ab1e4867,2055265
4407881,c130ce904e6dcf5c896314645c9efdf3,2062241
4408403,416122e567b919b6b22b5d24e984c52a,2101410
4408409,3178a4bfe7f86e30b4ddec7dd12c7b95,2101412
4408736,b895014803875ddd35934bf21f501301,2080049
4409162,48353c11367f555e32cff02f81e018dc,2101725
4409471,fd2779974c100eab37b5e79ebb96d2f9,2101873
4409586,7ed290871d97c59bcbe2c3937dea0b1c,2036263
4410000,4b61e59ede0dd138fa0ba27059f85b19,2025583
4410111,31894201014a3c68003fa91b8fcc82f2,2102159
4410422,90ad2141f9f43f102b932e812a3c36e5,2065992
4410514,2ec4ba792b64acd14e1d07481b657f09,2080049
4410753,d5bdf4ea10d4f1665b40a77862f56c4b,2092486
4410913,6caa1ef538b4e875cdfa47a96593ca8e,2102434
4410980,e015bd42f5fb6e0e6c6e602ba2604ed7,2102159
4411262,ef3657d94382db7ec0a378bb841d66b0,1872280
4411815,fc8ba3d1169f9aca36002cb3be282961,2102767
4411833,0a57bf0f11ac7f428a6db768b206bebb,2098977
4411834,8cf3092d2ddcbd65af37298ce6a86eeb,2098977
4411848,6cbae8bc1ab53117cd089ff8b2193c88,2102782
4411849,678a3409bdf091063670790137131fcb,2102783
4411850,5d5ad9bcaa133acf6e1648a333f746fe,2102784
4411851,4e3f9dae2a9368eedac5311c25413d68,2102784
4411852,e8e1ea146a974f472da92eac5d4e24c5,2102784
4411853,d250a63b05228a66a44ccee8884f21c4,2102784
4411904,68e2e9d8254f9226613170f3992d290b,2102782
4411958,d947465520d4d2351097e43689fadebf,2102835
4411959,c6dcf2a880b1066938c588b8e13d67be,2102835
4411960,febd3c9e01d57b46bc9a1a116d27466c,2102835
4411977,0575b4caa85d5d4c733266e6701bc51d,2102783
4412104,1b76f791efeb1f0f6f5fd031a490b712,2102902
4412466,5fe2362a3c86f019435b96f1d77ce3eb,2103050
4412692,1a7b7b907a1fc6a95063ddecaad0ce4d,2103133
4412693,c2358b1fab295a0e203fae31efda2587,2103133
4412739,6a012a8ea68b9d0b9f41db1f165237b8,2070645
4412746,0a53a4cfa30e62ced26f6b3829bc3ef5,2029816
4412939,6085bf78b5686f9811201e9d03f1e1bf,2102782
4413357,86d84c67718b785a44a4544acee2d26e,2103133
4413756,1c5d4c688aa1f1b6e6769e18da3c6145,2103634
4413763,b62dde845526add2ef458292ad30c0dd,2102783
4413767,6e8e7c100597dc41002fccf9f8ed66d1,2102782
4413827,26fc26da0c85f5c0d10705f3ff114b82,2099772
4413953,cfe23b1b4a13ba817565baf9fc3bb122,2103722
4414082,56eb797dac1b4fac7abe0dceffdd6cc3,2102902
4414083,12a059c45ba9db9d591e63e0b10c80da,2102902
4414084,2adba15d869adad75236792ed73d3507,2102902
4414133,2cd5fb4f7c913390b4a4944d44fc1d49,2103787
4414134,e3841009d2e92ed1ebe7019387babc04,2103787
4414135,8222d5b73392e63e0d1446ad99cdb68a,2103787
4414173,56fab9e78d159c406c9d8799d48008e2,2062241
4414413,382f7faf347429f9695d5903f4cd68f1,2101725
4414414,3482707dab29e7d7688294e6c4939c14,2101725
4414415,cb05d41d06221e86bd7b3efe3ba79ad4,2101725
4414416,37e63d1d62309bd3c9c3b84fcaa2039e,2101725
4414828,5f573839a0196ca4b80941c34d7240b3,2103133
4415039,f97f41a387ccbafef1bd8263d7cecb45,2104205
4415133,0d53b3f2119108ce2a52ce6701ced6cf,2072833
4415134,1d34b54c31344152852c281c7a9dda85,2072833
4415191,8180563e5a05fba7187924926b63e916,2098009
4415337,e3b8a89dcf25d3a0bb97708cd77cb262,2104289
4415338,ccd5760588990e2284cb218350058183,2104289
4415339,b3a6f72d36e16dc7c5e0e1b4a6f77e01,2104289
4415340,d19b8b515a359150677253c6e2a2936e,2104289
4415402,41033109de499b6491645f13cac78df2,2062241
4415572,cddf5c55a87dfc2f1f1aeeba9bfd2507,2098009
4415573,c81fc252db2bfe4220aff17c907ba303,2098009
4416353,a2a3a1b657bf1a40d58ad27880297010,2099759
4416375,d9d3676b6624c17f851a3d9b65ed0463,2089546
4416431,fd2114dcbf146bf6bbd206ba3b6f6625,2104830
4416596,e433d29bcbc8c785bc76b944cecea0ce,2098732
4416623,4d80940663aa5d40932b973f1f42f943,2104931
4416845,6e5143ddd60a2d6563001e0ccc94330b,2105011
4417423,126cc207cffa4b156abf83cb6a98d5d3,2095389
4417574,6a1061287138dd24e9d0279497aac3f2,2105369
4417834,0f9c1ef9a987b84465b95c9bdfd7ac77,2105488
4417842,0a2833caf74e855192073532de194a49,2105496
4417871,97867e1bbcb0415f87d7a1928b0e2a38,2105510
4417872,1144a1032e387c9dcc2196bd851bb1d7,2105510
4417873,98ee59eee2b8a19baac569768a8ebd26,2105510
4417924,2b220f84e39627d3c8078439594b71e3,2105540
4417925,47dd2c0fc91ee62923b0eccf1109eb19,2105540
4417926,2b0a2c6fef8ec109eb66fdad0f819124,2105540
4417927,39088ad5a9e1463cc0095f370fbe702c,2105540
4418790,8a1bfb3bf5254651a7f408e42d393c23,2089249
4418823,365438b57eef02f8f96427980b2e042c,2000308
4419089,db8e510c6e7fba1844c1bd9e91ae8895,2106008
4419122,6316ce9242b0415a448159b7c6aec7fc,2105510
4419435,5731d05829e34083b7a7fea68e981dc8,2106143
4420283,db24abb2c18e5f86882e6dee7e0d2582,2087660
4420379,5d08b6ec583317ffcf72f0e80c63da0f,2105540
4421584,04740b5312d421c4ec9828006b03ff52,2107018
4421585,1ebd56284a903ac6000e5d6633d4c8af,2107018
4421586,d97b12355db70538d8bc0abc99b237fd,2107018
4421697,687c8c4d7e543399217549ac7479e8e9,1275606
4421698,728acaa92054dbe79521d8b8a3277eab,1275606
4421699,6755cefc25e1578b27881a9585ca4d6f,1275606
4422240,2b3a21e3c7849f10545d538e0ab01fef,2105488
4422477,d0a82cdf48717a3e219f8eb7b73c2aa1,2107331
4422604,f3205df7f9cccc7de731ec1cd7e8f209,2024432
4422738,b974331ad43d4f94b9be319b5d402556,2098977
4422858,b181383d2c687c0611821ee98ec0a616,2107491
4423076,af10fa9f89fb285708bf1d8362d27c4a,1905818
4423241,7c2af17d6040ddd6c97b9f4e52f7c7a9,2107667
4423338,a8303d880eab302989145babb7a324ad,2107667
4423350,6f2dcc773217c40f3fc5c287a83fd6d8,2107722
4423630,b95694b6842c240db1e86475e49c265f,2107832
4423768,a0ea9a845c698de954608bcd115cf646,1769310
4423822,584a9373a3d5f8e2f460ff71339bdb57,2107942
4423823,58df7a4c2a2f19dfed6ba26cdb507993,2102159
4424039,1cb55c5b01b5dcf0b7632439508c85ce,2107491
4424063,2e90425e2dae0abcb4dfb82d173a297b,2107491
4424064,8a22e8bc14eebc39b9643dd552a831a1,2107491
4424507,2b1929303a7f911cb393f907f82b38ad,2107667
4424771,684480f499e4abb5c618f25c4ab525e0,2108323
4424787,0c6f47e8f8b1c2ab4b59899ff355c2f9,2108331
4424871,433cffae7f93f568f04170f2eae32dab,2092486
4425079,676ac6f08a900675339fa3e75c191cec,2107667
4425365,dd2c09d3c2cc4b9392d51defa0c33eab,2107832
4425426,895fe73ab24eb1320c24b54acfe3c439,2105488
4426277,d494be867bf913690816e2dbbcc18f26,2050400
4426327,1cb57ed975d80cd598109aeb309f830a,2108862
4426897,93060ae0566f9710d22896b1c3899177,2106008
4426917,81a67378aa04cfd7591f0bdfa73dec36,2109114
4427043,7ca8a2a28944d6a8ce412f776208e139,2107832
4427859,7a5a3f7900fecdc8e68c61ab484f1c46,2098225
4430169,0861ca81bea91499abc0b0f7907e23fe,2110486
4430170,baa5a469e757be073c4992a3d189fc7b,2110486
4430171,19286c9952f5355f944d4a2d068f3627,2110486
4430172,d19598906c185466ce275df5bee4a960,2110486
4430244,24a0a3990c91b2bfe8909e1ff35617b1,2105488
4430965,c9b8f84af46e4859d1af07a48efcc51c,1270762
4431679,23f0811b697185ff3343370aab6902bd,2111098
4431680,bd8d3ca231a758030907c5700b1d75e2,2107667
4431761,eaa176ed0899cf488cdc6b70c52c461c,2111149
4432062,f33de737ffd77802bb1f055d574f74c3,2111300
4432141,e344a879cb096b5b16accdc203115db4,2111343
4432298,cd6722a063a9a6d5227b58231c528b4f,2111429
4432437,548e2fd3217af4f881a1b15472543616,2105369
4432766,e261d47d8169df258a4bdf4cff68acc0,2111596
4432767,180f0532170c5c515c1e2ee6c08daacf,2111596
4432768,7b0bf7a32f23aa7302cbb6279fd5c12f,2111596
4432770,da91303f104f30a112948498837ada00,2111596
4432886,9b735ae1220d53eee2ca3e25d4dd49bd,2085685
4433129,f6839cb12434c2b9bafe5bc1f3d5fb7f,2111596
4433834,a63d730b7b53cbb6d61c8f27db74c3c7,2105369
4434105,19ac703f70469e9a02f9f57ff058b4be,2110486
4434780,28bbca73edf19fed2d29c9339039e3c9,2112405
4435094,8696eef5cebe84486b652169325b58ff,1916718
4435571,6d1fdb27c3f67d00013033615711f49c,2112649
4436011,67757852d4219d5c0c871588c9ff5b93,2087660
4436050,62d6a4dbb450022cc34b2f9d56faa0e1,2100144
4436534,7b0291ff4f9962bf41ae2faee394d3ec,2113045
4436537,89c188613a91e43659221c02b2a75b63,2113045
4436699,8f45be0929a8e4e30766b2ce03b21360,2113045
4437067,30f4af9a5a0d52ad9b4a0cddef12efeb,2056100
4437134,1dbc1f0563cb88fe2c8ba78e987d9909,2113313
4437590,b27e5a70eedd207fccad2e2aa9e8a3af,2113494
4437591,0a8bb1c231b4bcba94617b35c440d761,2113494
4437598,fcb8bc13fd8e6862545c5cd743270f7a,2113498
4438412,44020a6cc128f16e0d0538c9a4ef58aa,2099759
4438415,9443f48a4922304667f944c0ae3b80f4,2113834
4438501,beafba5b65a2f98f3baa004c386a7703,2113494
4438619,c160a6d9207ede0d006ab4d6f5a47428,2100144
4438664,2c64e01f481d8e71fdcc7b03e0466049,2109114
4438842,120e3359d924b6394e1ad66ff766f1fc,2114044
4438887,8f6320b919d997a58fe55177b46c5150,2114057
4439178,bebc31ed6dc0cc116441edd0692d262d,2113313
4439179,2c7dfc77bf27919dca054cbcc2591136,2113313
4439839,b98dabd0e6207bdb95459c80be29e57b,2114428
4440091,56103dab325691df878b37b0426afd21,2114541
4440102,1890d1f6b001500e09b805b78c875813,1457877
4440228,aea2c0108894a23a861196c37910c04a,2114594
4440612,b464c453a30967718d7ee43e47def1ee,2114716
4440613,6639a37aabb3a6352c7344e8f2f3dd11,2114716
4440614,0d867883ad8f9b0d077960919c95a691,2114716
4440615,1f1f7b62eaedcb645deff6b434eaac17,2114716
4440674,3fe1d14a1a5724dadf974ba133afa047,2114750
4440714,be4bf0077188a26080fd135544e31355,1961829
4440736,314db5dbdaddd04484d809adafd7175e,2113834
4440737,38a2a7e7a54c696ac170c76180587746,2113834
4440862,78046d458d7f2a16061aa777079cc24b,2088289
4441141,2f3db0a760a7a240d9ecdac093b62760,2114955
4441463,f90092a56b0439e4f3601948eebbf4bb,2113494
4441625,0ff707d25083fc2c8f68c5be20ffdcee,2039123
4441637,ee47360fdb9d7db7b60d237c1785ba55,2021203
4441930,c918cbeb20adeb904d52a586fcdca766,2095320
4441948,4b9612f0d42e5aa9c26f6ac34e4d095c,1961829
4442192,f97b2d8fd5bbc49fd94bec33247a4be9,1968286
4442358,5e730321085f3e5e5bb4d7d08f5db067,2114541
4442595,62f4822cac7440957757465ad1dfd6a4,2115566
4442719,0a4bce0e03b9e05c27fccee61f44075f,2115566
4443215,92435e0355266baa423858aecd95210a,2096772
4443668,76229c31d96357b65befc9a910859549,2114044
4443669,f84546dea2ca587a3b614fb7857e53e5,2114044
4443670,969d9f9798561cda2baba8d795da5ab5,2114044
4444353,5e178bd94e78c119db54da45ed555e3f,2045473
4444402,d1e9a031965524445970ffd76beafbb3,2113313
4445093,9691bf01e193cbe45c515ed2517c912e,2116670
4445094,6a4770bd2adc007361cefae7fac2452d,2116670
4445095,a03c58504b7913c99584efc19683605e,2116670
4445096,09c1ec3c7a21278a247d7cbd02fa8798,2116670
4445097,9b7d3151f31797c8b23821a123cb7d04,2116670
4446335,be30829434d05e7511efc8784cb9ad33,2117211
4446468,bf0adac3f75fe30cce8aedafc783a9cb,2114541
4446585,0672d5240e731d16a332fb976dd1d213,2117308
4446586,67d2c7ba4b0d1770316bc19a0943b479,2117308
4446587,ae8ad1167ae8473a56ccfbd609af9db4,2117308
4446588,27dad07c489d9003724aadd40baced4c,2117308
4446589,756c6220a173e247d2c499f2f1200ce1,2117309
4446590,9824af8f198e988dc1eb49893e0a4205,2117309
4446593,6f3a08b28091db7dbfecc13885362a66,2117309
4446609,e479a6a4e39ded88d2da36cd805ddc9d,2117314
4446610,41b83241c5c19d2337a37012ba182e44,2117314
4446611,366c8098630eecf5fda74e17473f3924,2117314
4446678,45828a6544a30db79bc296081813c417,2114541
4446741,c8d35d45cb02a661075089b495aec0e1,2117380
4446753,938a7526531e3a4be6bda23811091762,2117386
4446754,939694d13d0ccdd1e66518551be50060,2117386
4446755,47579be277297006fb45ef17a590b75b,2117386
4446756,8296881271c77849d8321fbf9adbfc47,2117386
4446768,c15b5512564a19d834df6e19c739e53d,2117391
4446769,fb7a9d34674f330a868fd4477e5030fa,2117391
4447314,12930d992203e749d40e74b21eb4e11b,2117622
4447315,9dc44bbf719fbd4114b8afb65eba7a09,2117622
4447316,6dd6dac23d5bed94fef25babb3860d87,2117622
4447317,e77c94f54ea9014207102266906c9f8c,2117622
4447374,4ee449e24c7429a141b92ad854fc8108,2087849
4447956,d89a8f3363bf694b91a573b63a392614,2117391
4447957,ae356a50290f242750d5a9727635f7fb,2117391
4448195,2436a5e1c4d86721fb9aa7baef8ef0c6,2117314
4448608,29e549fb374f22dbf925c96a5d0b2c0f,2118120
4449026,2244dac1cc0953aa23bdbcafcd75d15e,2118305
4450047,41f627e45e083735f0ca8a885505c5ae,2109114
4450672,8c3752abfa8a8dc7b5fa3c7a95e6723e,2107832
4451306,08c219198b6e7aa8514eefb1068c6d65,2119098
4451356,05ec92f8c3deafeae20550bbe6fe5704,2119120
4451357,7d4edb6db0a4e5551c547cdfa9811cc7,2119120
4451358,2758b54842bfd529300a9e4d68c6b9ef,2119120
4451359,c735328500957267f4324b8a3750e622,2119120
4451360,0c7119c3dab68257f0232282ac658768,2119120
4451483,bb7d1a7be56f6d561f92666cfe326924,2119168
4451576,b73d259cee517e339a4596e64c0c61bf,2119221
4452258,0601be306124451ad28763e279b140b0,2119483
4452260,69aff5ff16044f503a097f69f6ed6bd4,2119483
4452261,73368ae18decf176f5a273dfb8cafb4d,2119483
4452403,33861a5a12b38d8ec9127759cd633dee,2119559
4452855,19aa8a31b29bcb270acd3a17e932d25d,2114044
4454269,9722ada388ec1f8208e29a669ef27131,2120143
4454358,e38b245bf6d1f93b9aeee82627b794ea,2120190
4454359,f3235ac9784292153e01256bdc7cb5eb,2120190
4454360,d9e301a369a142ed4762eb4c52be7c97,2120190
4454361,1fb52f9b2c763e333dc44bbc0fba740f,2120190
4454362,66737c6843473447cb6e330e14a4b2b6,2120190
4454363,e231890c7ca6128ee18eccf122d400e3,2120190
4454407,081056bcb01c992056fa9d5a93e600fb,1984831
4454408,f751c7aa18c5628cc39046de3d83221f,1984831
4454409,09543a7672bdacc69e2ab52027ae5aa8,1984831
4454410,41cb24db01043701075e496d2cdfb252,1984831
4454411,3daccbe287538cf3f09f3c4ba1d998b2,1984831
4454506,603fcaeb4cb679958b42a6d1eb962cca,2120250
4454656,2a54f50b53dc425897d5f719ce8fa327,2045174
4454724,b43c8caec73011a4a5e483acb1adeca9,1961829
4454775,66b301be3cfa9ede43fdb126dac19eed,2120379
4454779,b01bf8de4308684efde2f0f02c51535d,2120379
4454780,d19e2aba6dbcbd8e6ae8bde3dabed01c,2120379
4455057,6b5d611307554d881f0539ac4129f1bb,2120472
4455239,38e976d3d4f6f41a99bf83f80c9e892e,2120508
4455382,daae7f65a0fefebb36161d72e8cbc8fb,2045174
4455422,283ff0c5b800ca6fb4691e11efe0cade,2120597
4455448,0d6ba662e683c15d684546db713b0146,2092121
4455557,5f70f751858fda55bd46f9b8794a0e9b,2120661
4455606,833785ca76313720758ff24aa75799d9,2120680
4455607,fbd214a63d016eb8474ab5198b040043,2120680
4455609,a841d44e9acfc5f3e052315643b4d711,2120680
4455610,110279c71de926e6bd1e0d94d32d50a2,2120680
4455936,bc074f906064e40b2751c355e38ab358,2120841
4455937,b1350bf923a4abd3422fdaa3c5c1fe2f,2120841
4455938,7a6a413d432f3b98cb2a5587a1593a3c,2120841
4455939,7defbfab19bac76ce02c9109e1048672,2120841
4455940,4e730dad090da2f1b5771009b27a9432,2120841
4456079,221a804ee683aed19c281439b3478f59,2120822
4456136,6a031acf058c7975df0c0fee70f6235f,2120822
4456147,a6436f63650b89e810ee487003b3c256,2120822
4456237,e0d5b8939d779929bb321f738156a9e1,2120508
4456252,598633daad8bbae273bc0e97f9ac7a87,2120508
4456275,d83fd81c92e46521009e0064481caa4c,2120508
4456979,9afeff9c08f1d6afd5580192c50e34fb,2121167
4456980,aedfb5514fd960df3729afd09797c81c,2121167
4456981,5b9b0fecfe805cc82fdc8f22b30d4e3e,2121167
4457224,cf5ece43153b009bcb74f2c5ccdf7980,2085685
4457403,0df2b5153a0a1c7f5f9c9d1937784b26,2121315
4457404,886cd0e298385c82046b6c724709319e,2121315
4457406,50f5cda9ffd2f1725eacb9d25b996585,2121315
4457407,73d84b05ee818959997701c884dea05a,2121315
4457676,ffc63e8938d54254246f64cde6003f40,2121405
4457677,033ac0ae47ceaff90a456c1f9b6ab423,2121405
4457917,7cb1117660d4d100873c671249054623,2121522
4457919,ac8bbf994ac42cdcd7ed1328dbae1b24,2121522
4457920,534cc079bea1d8f7c322ab058b481d49,2121522
4457921,1e173daf01a2b4f4e26cd2621444426f,2121522
4457922,75ef37aab1530639d004b977934d79d2,2121522
4458107,77cab4c31d83f8c207d55e9863d2609e,2092121
4458262,ebf4fb1032cd06330b369069ce8b5f7d,1961829
4458622,d6fa1776d489c9455e572a5af0ad5ff4,2121836
4458836,6bf4dd7e528ea351eddb1894576ee7b5,2120661
4459382,222a9b12346fe22482c598be57977427,1653160
4459598,588ded6dbf6c6e0c358de68d0dd25d65,2122261
4459599,03ff3b2941f3ca69265251c08ee25c23,2122261
4459601,b162e64d5048bf2138eeff21715a10cf,2122261
4459602,ffcf6faaf3f5babcc940c2cc1832670f,2122261
4459603,01540902e89084b1fa8382233958cef4,2122261
4459740,47961a89605ac55b95fe8587cbe23f15,2122318
4459741,3cf426ced4719652efc42a1206aa7423,2122318
4459742,6a4f79438686be07ddfac933320913cf,2122318
4459815,5f750a5372c0d98553a30d52b7fdfb4c,2121315
4459831,93e1bd1c85a59ac3dfb500810e345f99,2122363
4460379,b68ee9565a352425589515d991a541b7,2119483
4460576,e39b760102e8ee1380e265d71761e4bc,2122738
4460578,36297a66de8214e85a9c6e6e671db12f,2122738
4460579,d9506a2b8c16df52e193ad0e3eef3fab,2122738
4461536,c68ccd93a60bded59d3e14baac09c5d7,2120379
4461702,59d82aa1d009b0ad2d65cbd36830c3e2,2123098
4461841,097b1498f1fc06112a6cf2e35426db36,2123184
4461842,87317579ac8277d78dc28926459dd5cd,2123184
4461848,3a2eab80399477b301cf416a72ec119b,2123187
4461890,c59f5ba1102dee1f79199219ec8b7441,2123184
4461892,3a98755d04acfb7350037fb26ea5cf0f,2123184
4461893,247defc3571d556c0f9307c8914dda8a,2123184
4461916,b20bb5794c6874e3a202e8e1229fd72e,2123184
4461936,6b608aaf770cbb9bb6349066b12308b3,2123187
4461937,bfe38bd015eea2e270f508f8f4b46d6b,2123187
4461952,ee6650f3147d60ada722148d0425a337,2123187
4462079,ea0dee451a13fa6a167ca69a54defea2,2123290
4462335,c51c346033ddda10710b9a1b5f4e2282,2123356
4462479,282567a1410ebda5372418d19ae07ccb,2123381
4462488,451c260145e95824fec93752e933edc6,2095320
4462490,6a065454c62f4ed4493c492347415fef,2123381
4462701,3fe07e32866d54f3d8fd20ebe3d240fe,2120379
4462754,72d57cdfe6f6ce310a2fc2b68acb1e98,2123543
4462755,1721958cca1088feec97e62a68550382,2123543
4462756,9639191846258d02baad93d7fb97248d,2123543
4462757,8128d739372b4e692961322821bc98d2,2123543
4462791,99536cf52cb69ace34dd5bd5a53daaab,2092121
4463651,810d1de50e3e255d3ccd2cde9760b623,2122738
4463671,fc0e717139332f04481adc084919033e,2123381
4463747,906202334503e652e83034106fceca83,2095320
4463798,46b2bdc63b06714440be8fd5a7f99ea8,2123996
4463799,149d86c63dedcc7f6e062c6bd1ac2e1c,2123996
4463801,3ab019d1e760c22c67c23f0c60ba3c2e,2123996
4463802,16d4cca2459b8fbd5ffb3c058a5bc221,2123996
4464229,f7d46ea638483e6c912c8232f091282c,2050400
4464312,6ac55204329d3d20c667a1345c9869fb,1196399
4464978,9adb6e86e23031b5a96181f93a1c0594,2015361
4465531,48cc99d703a894d01eec6981b15fe132,2050400
4465595,13af4a19d7e2ea65367e3e59a0456e0c,2120527
4465669,993f46495fc6adcbbaabeca442f18ba1,2124747
4465672,260798cadba91d911176a1a0baa33833,2124747
4466219,bc66e6d6643f36ac2ce7c989fc11ebef,2087530
4466716,142d51e9f8f402463d32c6f63ae79cfd,2123290
4466717,a4121458ba5dc8b4b3f48860e68dc593,2123290
4466718,4ab7ed67f0b0a759710b18d218299320,2123290
4466719,bd2e95090b4cb2b16ef5394813075061,2123290
4466813,d7c6b312f3bb90d486bf2debb6304c1b,2125163
4466817,044ab8250530ed63487746d18783a491,2119221
4467495,ef980770b7f46e7fe0903ee97edf2cf8,2125497
4468250,f10c74ee316c180c61b64cd3a4b873f5,2125740
4468251,a6242617d5e9e5b959f57b71697ab3b5,2125740
4468252,a8a2d6b8b9923e925aef289d02936ae2,2125740
4468253,a46d7c0d2a64bef26bb9e3514388f702,2125740
4468254,13fa52696b542c74f9124c52c597458a,2125740
4468255,a19cd41ef6acf3e1512632fbdf9be874,2125740
4468537,b6ea95e6a4b5e0cacb36d1da3b0bbeb2,2125862
4468822,67c074e5ee400ee1f4911b58011842df,2015361
4468909,78c311429857aa990c8184da2c04b6ab,2126021
4469257,439422ba8b5cf1b6bbfeaa440139e2b3,2015361
4469297,c5dfaa8f55cfd1cda91c2882009b7fa5,2015361
4469360,6063a4022afc039713e47d07e2110c40,1997605
4469593,87636ced46af666bb268cd1a353ca02e,2126282
4469718,c5533c21c06ca5623d0e0c51af3f6622,2126332
4469719,88cf73b3eaa146be9042db894b1e1dc5,2126332
4469720,eb2307ad90330ffbb9e432289f6123d0,2126332
4469721,49ce01bc8f8080b8ec955130924f8475,2126332
4469722,084148632a69bd89e48e8e2b91c5e7db,2126332
4469723,33ea2a21a6bdf9e7b6de6943f73ba77d,2126332
4469767,6d7648c4b891977764c00c0dd9a10f21,2126332
4469893,c1d0113d499b5d430c5793f9266eda95,2123381
4471128,23546a0bbd4dc33f6f450b3e4ef94126,2126878
4471536,b3bfb1b092749095cc773501dd514fd2,2127065
4471537,c50f7ad42f5ba737c6519d5976c6424c,2127065
4471870,7a6c2f0c737525dc96a0291a5b2c1553,2063427
4472245,24079d6d74dd342e4c274092d385bf61,2127405
4472246,767fa5f6b4148e3f08ac44a39d667bdf,2127405
4472247,408f6191ebd5d967b3416eb298a1fa83,2127405
4472248,b8b932a78d21f0456dc30e9337aa275b,2127405
4472433,37cf7a2eff1af597abb30a3c3e2ee856,2127480
4472434,a292a5b3b6df6b3aa987ca1d72170eca,2127480
4472510,ffb357f6e1b4e9b6759cc71df0d7f3e8,2127527
4472511,5b0d038b7069cae99eeb44ceb2abe7fa,2127527
4472512,e1789a22d2278d0bfd6dd5b4720660d3,2127527
4472513,6712384697c5b9d5103ad5908b3ce287,2127527
4472514,1796a346b7181dc9862c4a2e5ebc679d,2127527
4472556,7112dd6d93a6f01f0448a28b4a4a4757,2127552
4472557,6e73f7e64d35db99a93e17259db9a831,2127552
4472558,e5d33b32b2613929cb3ee568eab1154d,2127552
4472559,807fa6cba9e9077a54630ac2d6d06851,2127552
4472728,cb424028eca784b4199feaeebd26a2aa,2127628
4472818,dbb50b1e0aa45627d86127f0bafa01b7,2092486
4473576,ccf6b5f31ad4e5c7daf0d2b9520e7fb4,2127932
4473744,86dea556e3ebb33dbc776add346f4422,2062241
4474059,118c4660ae080e0ac1171a3fe4d343e2,2128147
4474060,342db5882b20de130dcec624e1ca61c9,2128147
4474061,ade936d339a3d234c35d90266098fa4a,2128147
4474062,0cbd1af68d215308761485cb1edc731e,2128147
4474063,af0cf9ca8d95f6e4076812dec3b0664f,2128147
4474064,56501f698aad75050920dbc5c287717d,2128147
4474117,36b95b7515cfd0d893c1b91890a8b7bc,2128157
4474288,9feb7219d919f5d04bf226c30549b66e,2128243
4474289,812a4a0e685ae2312ba3c6d1eecaf5aa,2128243
4474657,89dc42e01e69f96d05f8347964821692,1961829
4474834,188f62c852894f3f69ebc897739eadd1,2128378
4474850,f4708271d2ffcdf49ea2986af99d1877,2102783
4474968,789e1121025e1625ac424e1dfd611041,2066968
4475039,bdc5c13b44c354e4b6fa7b3fbc073e81,2119221
4476060,3f74ee21276ff56d1cedf4b7ebd3fd82,2128816
4476885,df0a4324ed68f9562e09e19a125ffe2e,1926113
4476886,566093c120c09b813c657bcf7fb2adf8,1926113
4476889,dc08733d4cb53632a68cda35a3dda4e0,1926113
4476891,5b7a037c352f2952c6d16510db0d45d4,1926113
4476893,d9e1aa8c8173960ac480225249a259b5,1926113
4476902,2bd9469fb7a48346698a2f27bce43e71,1926113
4476903,de1014ce313091d201e13cf62ee8c6b6,1926113
4476905,c3b52b67c4607652374bd708d622a006,1926113
4476908,21dd08cb68ce2812ecacb840c1449936,1926113
4476919,bfecfe341d98b7b844a5fa4eaa8c91a0,1989254
4476964,cae7616d41f67c10c6fd86edd136aeba,2129161
4476965,6bf51817a0df4db33a795d454a064a0f,2129161
4477414,b8a3f011559f039d7e29c86657332f21,2129315
4477426,ae3135e79285fcd891148535366c4804,2129318
4477548,2c002d27bd211e86886430c6fabe837a,2128243
4478000,1fb70ac85382b3d95bf432841ffaadb2,2129558
4478041,ecf43295ee0db475be273c151fe4d1ef,2129580
4478042,06c8394e8f38973989cedc777b46d873,2129580
4478043,788af39fc95b2c675dac0ecf4d4a8ece,2129580
4478177,5d3a0eb1efcbeaa3c956076f06c793a1,2129623
4478179,20ef7d4114b5f1738cce38fe0c3aeb82,2129623
4478285,5ba250f12fb69b8f1fa2c2f3f2743cf9,2129674
4478286,e607a168b8f0bd15bac7070d864a6151,2129674
4478287,52b5ccc1985d14c94664cfe03999b0f4,2129674
4478288,3ccde9dd039ad0aea85e45bab891cfa5,2129674
4478340,e34cc81ea3f672ba4222764e6d919b6e,2102784
4478862,4a0f8e0212ec95c0cb5919ee026884ce,2128378
4479852,2e4f345afcfe8a0a7b90442ac44bf093,2128378
4480167,5861c9d86d3c5a9c74d5d66abbad6f93,2129623
4480206,10f5472fb9dec689cebc56d1e9da8bdc,2129623
4480466,0eca94df613a51bd14092d98a951f350,2129623
4480871,88ae4cb22ce11863ed41198c52c7a449,2130598
4480889,3b7e65f4bcb4c69050a04bd63c4050ca,2130605
4481214,132360e9a3b89026b7970c288ffb8052,2130743
4482072,63ce74ea7b482ad7c6b3bc010036dd7e,2090965
4482073,da93311c2c3812820630d42439334623,2090965
4482074,cc7cf24f607a423f4f98ad14ce1755eb,2090965
4482075,63878d7c6c4fa34cc2ccab55e80d888a,2090965
4482095,c3f8f7583d2bdba88a2a3288bb53e1f8,2090965
4482137,a0c7da780453f19bc799a3986f0573b1,2130978
4482211,6bf14fa736b13c0eed71c8ee33ca1374,2130978
4482212,4332ad8a1bf770eb86e1d773c3b30ada,2130978
4482216,4ae275f83625b58536c41d1eed266632,2130978
4482217,4ac4eb4dfcd5deae6baab67d3c3c04ea,2130978
4482930,7205c5151e0c9c45760a8af78c9a947f,2131311
4483142,814c244bdcb1f142f24a3e56bf5bf074,2128378
4483234,8758208fd77a0754dedf389787d8afc6,2118305
4483235,cf4b5aa3bec9a03d49e581a2ab32c294,2118305
4483236,ab7763fe7557c8f372512577af417fe9,2118305
4483237,bc5243393f47a6ca008b3b78c9617ec7,2118305
4483379,b83042986331b7894df4d794a0ce14ee,2131507
4483488,068cc89f2ff77878e95ddadfb03fc03b,1461767
4483855,fa4b863591de29c2a82ab226394b7276,1461767
4483898,00458e631a2554ef19547c43c86da9ea,2126021
4483952,4748f21103c6d88d1392925687ae84f0,2131778
4483998,4888ebc31f667908df9b3d41ab47ff0d,2051835
4484076,a2e51c724b66585657eff401b0890ae2,2036300
4484578,98a38d0386ce038b6480460ccadaf31d,2132017
4484698,6b761e9c789f6de3eeab637c9bd83c23,2088289
4485050,02cc81155573f1279d75950308ceda1e,1900403
4485051,fdbcdfcfe7ec66c7d2a30e6711fecf23,1900403
4485052,8556a188c61848f126dfb852a47c640a,1900403
4485053,936e9f7b2b4c895dce21f0da317262a9,1900403
4485054,9af48a61a9ed55abd658ebb3f81aeec5,1900403
4485276,067e2515101185a7d14d09f649ba75d3,2132288
4485294,b52c8e1199e3d3ae0d511a6efc3741f1,2132288
4485295,0247f8d3456759a87eabe1d2ba24411c,2132288
4485296,a2cc584cd7a2c3ba1680ba3f4d3938e8,2132288
4485384,d2a430a9d83eccfc038e16f5efadfd57,2132346
4485696,d1ae3a42902b064a56d00c818642ea33,2115566
4485747,e627f5624e897fb967c52f4fc34fc4e3,2120379
4486008,d46cdbcd3431a9fa95bc88ac9ea4c0f7,2131778
4486009,a66aae388372681929f33c1b07339b20,2131778
4486777,5361976328b5fa92d387d5b532ab3658,2132890
4487838,110a9b258d0e7aa3ef2c4c76fb41c4ac,2133338
4487875,e27a3a557a41266b4b5c23151ca79d71,2113834
4487949,bf94f4d7bf07bf0b751cbc307369a53d,2133390
4488332,7f866eee3f67eafabacafd5873100970,2133548
4488333,e041b3ca3dfeaec2be63b4ae412b111f,2133548
4489221,7b329c9e777a0e1b884539380300228d,2133873
4489222,0cabaa94495d7d005147ec8bcb11149e,2133873
4489223,496ef093fd39d876f009bd779d219a33,2133873
4489268,97c201dc9d432b754c645d6d2c6a1126,2123381
4489441,956957c1524786411b7b6f5a16f76c28,2133908
4489699,51a65956802b26d4ec509d99838d81fb,2134011
4489720,cddfd434e75f3d2c78ac2d83eb221753,2134011
4489721,ce274499bfdeb8c779954fb89f1c9216,2134011
4489723,5ac473f255d25f3d004ff9f749fca148,2134011
4490359,dfa1feb4071d10dace1b638a6473a2d3,2134266
4490409,a8f34203dfe0bef876a90c41b59e2ecc,2134296
4490430,934213b3181f6cfb36253fc6a8372245,2134306
4490698,588b92c8efa83e7bae1dfeedb27a6309,2134372
4490762,d74a4aaca46df1b2fa9ddc925d5ccd11,2130743
4490763,b15d599d87f6c135c667fc4d1ef06862,2130743
4490764,ebeb78afb4d2b7dcaf7d93bc7f153d9d,2130743
4490765,574876694a00323354ce4c1a6f9e6fe4,2130743
4490923,8255c1373cbdc90fb15b8600b0b4ccb1,2134460
4491159,e79cfe1f8d0c12fd9a3851fc9a36bff4,2134545
4491197,898de65f728830a878c36d13f5cc913d,1248173
4491236,56f57664d7e928f2b8a84ad4bcde81b7,2134545
4491298,5f80fbd795a052fbedead522aa6b0469,2134460
4491373,f4f431b5c7d952e4798baf03a9cf1bf2,2134460
4491478,dda29e10fc5281b33a4f3653be14444c,2126021
4491694,7dfb5d10b05141cf99ddba8aa7b2de40,2134791
4492035,820135b88ff53740565b61d8a58c7d21,2134903
4492214,8d84be0ed32e75e142611a1f948cbac7,2134993
4492215,f1a0ece33d66902a154fe58d8557fd85,2134993
4492216,8a70cb3d6cb07c3571f6d050511f92dd,2134993
4492438,02f03fff0d78ccfb2bb8158ccedd6d12,2053904
4492448,432397652920337a9ab960a1d5f108ef,2053904
4492449,6796bf1fffc98b464c9174eb5e847920,2053904
4492458,c3c8c2ec3203b2d5ed8ebfdfb4646fc8,2134372
4492459,e0f0f6f9eb4e6dcbc9e331863d50614a,2134372
4492484,512b3a06b178c05f4d8e25af7b7ca248,2134460
4492612,b6a14a38283fe5b56483d926eaada6db,2135137
4492613,9af91b3203a7779cb26924846cc63285,2135137
4492615,5891f2f66f38fba66f89388bded55db9,2135137
4492616,0c47295c544bc9b36b5d32429dd45915,2135137
4492617,f1b29ccdc4dbf3281d0fc8cf4b3296e4,2135137
4492618,3ac3f3200f63da1b23a7969c9c41c4f9,2135137
4492619,d9f68e5670b0a6acfa2fba2ef5134c1d,2135137
4492620,6b2b12d98a475f4302d1ca2ec7206882,2135137
4492658,fecba4b30f1c962ccd29f8ad7d39b390,1248173
4492661,4c6cd3db4a021fdcca9e06b2c4af3410,2132017
4492898,9abddbadbad916d743e9dd77073ee533,2133548
4493163,12e763ec5919b9ff7998a31c33f8bd4f,2129318
4493170,30336ad3ac805746e1c53367ef3ae7d4,2134791
4493242,1ba07478b96847a8b7726e2ad762d514,2134903
4493243,96fc67c724129b3cdaaa8908761953d0,2134903
4493244,83ba259bab0c5e6501334415285895cf,2134903
4493294,c17375bd1d6bfbd27000bae7a8ea0c38,2135401
4493298,6c4b3d4775cdb75c6b17ceec21f4a004,2135404
4493528,2412b0f5a9c330cad8469c88b1ef81ec,2128157
4493727,48fe1ac38772fb2182bdb90d90f90b64,2135137
4493858,1585c1cfe2a9dae8357a8c8879ae9e95,2135686
4493859,cd5d036e5e3c51992ed5096a5c47355c,2135686
4493860,3d5efe9cef4b70781e7ae31aad2f9caa,2135686
4493880,ac09b32b6a36e4f87cc715d63dffd5f5,2135686
4493952,1e8a85928018c3b1d94a7c5012bc8434,2120472
4494025,56fb294c76b01e9bb5e6d74e48db082f,2128157
4494026,4c4ba0f588aca90f49025ccfe0e038b9,2128157
4494037,cadeb75c60176efec24b4d22896d3676,2135686
4494113,a460171c867f701be581d66ac0729673,2135805
4494114,80085147f8f0d5af88cf895cb0476936,2135805
4494115,c014cc4ebda5d7b3b40d20f42351bff5,2135805
4494116,3c8b86b7e6810b27d15680ec1ad9f52c,2135805
4494445,fa96b0370da7f5d4651a271bc71d2e47,2127932
4494790,58a05255d4b376be57d104770ef14ae8,2136059
4494851,b2bd4ffb8008deef508dfe1768b95871,1988996
4494947,35a0eb724b459ba69a78750b9f81acf4,2136134
4495065,7fc5b4d8be0ff94192af2134707fc62d,2136188
4495155,94bf37f6fe5b51ecbf396772bd9b1a86,2136237
4495646,9f4906d51a062b0da001a807a877525f,1986088
4495828,9072067772bfe0c644b7078526ce048c,2102767
4495829,55169afc32113dbf7c2e313db078aa88,2102767
4496055,78320652e09a027b18946877505e812e,2136548
4496056,5cf08a4d60fca47ba80a7235513c06ea,2136548
4496057,7f1d078bb689974b581252c69a06a09f,2136548
4496058,b6f55d6b268084b612fdcf59005691d4,2136548
4496289,1a4f7be72a63d021c07d68743f55d4ca,2085685
4496608,6a0fad84dda1c9c4eb24667b36a9cec8,2134791
4496717,1027cd597cea3635d7ccb217632a797b,2123184
4496827,65dfb819b6982cc9d304217f3d738c7a,1900403
4496828,006d2e9a54bcd4398a77e1fb75c6a006,1900403
4497022,68857870c7a505289f928ab6b7f3aa9f,2136972
4497593,a864e9975d1db4e8e15f959232ceff12,2137194
4498255,c45746f50892cfa08b3e306a34b35cf7,2061214
4498633,e6d70b3c4f72fc89c689e9ef78a8498c,2137625
4498832,ee0255405e47985fa3a1db732fe30d36,2032982
4499539,933a358749a6c8bed0f214b5f8edf81d,2138012
4500094,2e714aa2de4c50841d9afa6bda982571,2134296
4500095,50e870a345f8984ca064eb60b0ceed0a,2134296
4500096,a00f8276f13778217e548bf4cc9529e5,2134296
4500097,8542094ced519fe7ae95c7c2d3762ec1,2134296
4500245,4df8dddd9c238149c011ade85bf0811e,2138193
4500284,6a7833da562b698cee54118cef80de4b,1930030
4500766,b8000065c8f3a874473ff1c9d0f79615,2136237
4500832,1a173c7ce9aa71044f8e7ec840d8f522,2062241
4501132,108c41686321e0af93983dcee37e7fec,2138751
4501511,acbd43abe81edfc6d547254f187baf89,2134266
4501512,40a125f5c8f44f671302469577b7f434,2134266
4501513,710157efc5d6e6d8001cc5b48cefe9d9,2134266
4502623,4cf02be9132cffbd104fa5458d9b1c4a,2134460
4502624,9919293499e15f7fa71ed5da8d60216b,2134460
4502702,55d52ffeffaa332ac0db8f137e762b83,2139451
4502811,178b66389c32e3ebce3678ea8d5fb108,2139476
4502877,2d0408b66f42d3f9d38c5ad4f6247c30,2089249
4503198,bcd7ef05fc62c4cf92203da7772bc9b4,1979588
4503497,5917db221c2e7abefae6a290c3b725bb,1880259
4503954,d3e6354a1c238d410200ad21721342bb,2140020
4503956,d9bfd88ac39bd849fe4a9c8500943441,2140022
4503957,e9ca2987ef8a79bb16a073121c68da6e,2140022
4503958,c6348b957c4ccd91124c6969aebde1d9,2140022
4503961,9589ab7494ce9320a787649cbf516fcb,2140022
4503965,ffb91546754de9387115369ac079b672,2140022
4504377,b1f37e8deeaac32379a52e7aba3f5feb,2111596
4504732,71f6241101466108e44f5d0546147507,2133390
4504765,abd53a00be134d10666cd3f4dc2534fe,2140392
4505031,b2edbe045d9f0ec391319b972930d625,2140498
4505034,290223b627569a26a4facb963b15d12d,1246436
4506107,e8c6dc6e9399e8517f1dc3fc0a68c56a,2140932
4506691,4ed59d50638e1a6983d890a938d34765,2138012
4506695,4a96ae0ed996d33d7a9ae0df06c338dc,2138012
4506880,ed1fc42c25876c8dd8ab69b64fbd8b8d,2141261
4507190,478a805789412fc4f0c40743902a24fe,2141394
4507383,635cc44d8b520778604854e2f455b9fd,2141496
4507764,ab5d36d42bb4514d126b4d5f98496478,419012
4507810,dcfd676f63d8a6081951b6731e13c506,2128157
4507899,8865bef918eb51cb2c532f16fc58f1df,2141740
4508038,e13c32c9e2d427bb434d8dda3a009a4d,1246436
4508105,68cbf6941ee870a0428e1398d2fbf5bc,2140020
4508106,3631ff626c2f0311cdcb90af5f1d22e2,2140020
4508107,1db89a5dd0301a45f7f336d760838c53,2140020
4508178,12d0b5e6cce92ac857bb818620482aff,2141866
4508510,c8c852ae428f6ba906a60e8c345bafcb,2142012
4508731,57d2bb94b112557dc7257b2cced28a9b,2141866
4508732,9f3b089560ad4fe88372f8acffb54a49,2141866
4508733,ad72250ad434f4373a97b3bae6df3c8c,2141866
4509266,3aa30affd0fea73375ee16e09b7ffe33,2138012
4509469,49cb6c2ebfb7df6d50959da925dd05bf,2142337
4509627,147a9afeb1748a5436a2ce39fa803e97,2114819
4509845,cc27c12194d76eea6dfcaa4433b12480,2136134
4509920,fd3f1a15caf1142d3c339ca33a0c300c,2142549
4509936,ca10cebf71af7cc6a3f705fc480c7198,2142558
4509965,1e23ce8bd9b41c46e87dee2dff96fcc3,2142337
4509966,ba67835d3c9c52ee847cfee901913afb,2142337
4509967,d3163c960a7d82964ef40b8127c8faff,2142337
4510048,687a6558bdf5d122ce35f48feacb08b7,2142549
4510433,8bbf1c912fc837b097c869770f55f5e6,2142723
4510453,02098165a36e52fc12fb9af895424fc6,2139451
4511121,56918b8ecce9470574fb7998e8a16b9a,2142558
4511219,173520c56f7b7550175ef743aadbe1cb,2142558
4511237,04deb768e0767b1dc93eb8aafe452796,2142558
4511259,b30d82f06ab2fce46d9d4c486ea80305,2142549
4511312,9d4a33e764aaa0f4156acdabf0feef16,2142549
4511603,f24f3b409dae679a72bd34fdeda83b39,2143103
4511604,204954674adc031e3d5cc9654286a954,2143103
4511606,0f27576d1795c83341ed61a2d4f4473c,2143103
4511607,1b3c7a91e4e3ddb08d8a3b829ee43e27,2143103
4511904,fcd0519dfd857bf7cc0b1500b7f63886,2143210
4512168,a696224d8d62fa3198f90d5e8fe9dea7,2143329
4512448,8ec7a9f284f8f2c481eb5f90086c7710,2127628
4512542,015b9648384f8086ec18b7ccf4e54569,2143329
4512543,f9cba7adbe342999a8ec4f5b39cd8866,2143329
4512579,4e3da9838852290d5136b280ffbeebfe,2143329
4512886,53a03d4c2f1a919e251b12eb746445f0,2137625
4512887,a379366ca2c8d94205b587b5e8e35a98,2137625
4512888,8de2ed927539f171fd5c1a6c76911e6c,2137625
4512889,46eca3b6b6d083944c3105754d809d87,2137625
4513088,b65656094e5a6e742e6207fb4b94494b,2143679
4513089,675308feca648acfa36872affab87e12,2143679
4513090,4b691c0d987a9361fc88fd440149b1a9,2143679
4513091,b786d869484caf812cf0a040ff71af45,2143679
4513673,852e35561314117b9b49c8a801b3f5b9,2143839
4514518,a3aca91995e8d1e781a57b997dc49ba6,2144122
4514601,a16d0cf6f385eebc14960055c2de93e7,2144164
4514844,387cfb970793bc9dc48575d45ab43040,2132890
4514885,23f61a83e47ec9f46b0e550bfa189699,2133873
4515191,a505ef0ddeae9d30d8bfd156b2fee5de,2144426
4515192,ebdaf2ecdef08a16e705d220fcb073af,2144426
4515195,9693e9f97a2317191a2fcc4550a08571,2144426
4515196,2d64b0bf57ee8a80861c891296af1bf2,2144426
4517051,ef3eb2054ff77604b4931f1ed15db7da,2144809
4518033,0b490eb98ddac34c9a716bc3d8d6f7e3,2143210
4518038,d317ae48302ea02a8a8072c8cc002ba1,2123290
4518046,44fd71490ef560f72e6d2f1c79ac2f6e,2007857
4518047,17d2674385724e47461d1fc1fb9a5d3c,2007857
4518048,24eb6a0017ef74781d4dd6bea3486199,2007857
4518945,a62378444d9194e36537dbb15d8eac74,2145485
4518946,5808127f4d7414704ade279afb7c7b4c,2145485
4518947,20f90a4c9422faffcb03ac1328ea0e84,2145485
4519445,c20968e8da9c4391ca63fee5891c5c70,2144164
4520033,934b7cafa06e4f39223d0ac28e39b0fd,2145924
4520034,bfe2232711b8061e767b3d0da8ed5052,2145924
4520035,9fb38dde0f1462389fbf2daf9a7743a0,2145924
4520036,d3829e3089180e8578e2bcff427ea426,2145924
4520037,c500624ab22f966896e56ca89b10711b,2145924
4520044,5c424b799371a6ecbade8a4a9ac60719,2140534
4520305,367c1f16c55af28b9ed54883787efdfd,2146039
4520306,3e941538f413da5e01b02dac4f9b3389,2146039
4520544,2055197725d46388daf3536f1f102ee3,2146147
4520602,5cdf6a39464e60fea1f93efc32edd9ce,2146184
4520623,2bcfcd134ad3f8bb9e3c60d7bda4e823,2146184
4520637,2b48f89ad6ccfa3495d2aa1d1af68cb9,1894051
4520991,53277bb43701e67ac7999728aaff5d73,2146336
4521015,c70b47700ce1920c9adc3061075aa423,2146184
4521090,fd277fc94c9454823a6be6ad689a3cf9,2146383
4521226,93557cb0b487559c76b76ec695244803,2114819
4521312,2980241be7cc45c6332b00bf68889362,2135207
4521530,3c63f67dc380111d04ec9abcf847ec0e,2146559
4521532,04308cc77bc6d1a2dcb49eb7f9770f4d,2146559
4521571,ceff3015a6ed3476367eb88dbe0422e2,2120379
4521731,771694ef64092be8c0bd9741d49c525c,2146336
4521765,b87376faaa7236cb36914fdd0552f94b,2146659
4522007,8ab364c05363143d97d3993f23560fbf,2146184
4522008,ddf0547f746527bcb5b8669e1aef4333,2146184
4522009,69a60ce1a734664833dbc8db880cc1a2,2146184
4522010,b70aee8557596d5c56bc265d1b9d5611,2146184
4522137,076ab2a8e2311b8fffa1517648cbef77,1979588
4522507,b7b57d52fe98268acadb7cfe156cc2e1,2146559
4522618,c74ef7ac586b7953818ef43d330f327a,2147047
4522653,882b330130cee680901a48c7b29007bd,2126021
4522826,b308731456b7128953755a9108f61435,2120379
4522920,58463cd18f6cb2a56ea5776aa53be21d,2147193
4522921,67f5190ec8790837b91302151caf5b51,2147193
4522922,f5ea7f22b168bc674e3e73d447f8c9a0,2147193
4523007,bbe64ced6ec8b97bbd6149c2f15bf6ad,2121388
4524017,18e6905e17d788ae972be8e626834cbe,2126282
4524018,9b38c03d4d84d156ff4257a6310e5878,2126282
4524049,263030c5be18531f57113954e03d2d55,2144757
4524050,cd3d0e9cc7b0eb6c4d2e431293bf780f,2144757
4524051,621b77149cc8a4a19bac924baf3fe7a6,2144757
4524169,66c3f0472877b9392211985da161d279,2136934
4524176,2af42cc8a3a2fb9839b2134cb8133105,2141261
4524177,991d35ca64b4a2ad80079d0bdd010c87,2141261
4524194,3c9a94d58923a75bb095d3f2032a43c7,2147831
4524195,d440d7aa6a3ab434a25f2cea2418cc4f,2147831
4524247,87caf8045c2b7fe134c560bfaff5391f,2136934
4524248,48a7e9948b8b0925bd6389a7dfb10e06,2136934
4524455,5a7a4646c03005bf6e23976f6c05bc3f,1998672
4524654,e02efdd42783a3881978f7471b8b3d2c,2114819
4524888,d636c4dbc3ae4d8541900dfcb0f37562,2112405
4524889,e33d8e3cf72f25c97b9232e05a33e090,2112405
4524890,743672109ca43bf6ec6d23e86cc52f14,2112405
4525074,7b1e58a1629e0fb412fb4c74ad354500,2066956
4525206,c9a482840a148e545d172e9d1f40ae1c,2147855
4525207,7f2299128c86e2915591e62525dd0d4a,2147855
4525271,c786e37a3a53779c8fc1f3ebaafbb116,2147855
4525272,2e13f27bf0b766312f697422f3011298,2147855
4525318,849beca867527d98fa0f5495bb7668ec,2147831
4525341,61fe1a91cedd247db4c30cee77ade8a1,2147831
4525437,70bdae3e1290777998119994bec21b58,2148315
4525461,d4d4869562a10c22ce5cfbfa3930f0c6,1954482
4525578,a2710d4a1ce4c122975b61c6814ddf86,2090965
4525605,b0a30b55dc362c90f79b89feaeede075,2148385
4526457,8bffb978730cb8e6202094b01ebdd6c2,1449460
4526499,39c28b0b65d9461dfd51b87e11f5602e,2148082
4526724,feae96466ec321f86aa1860e8c407edd,2025583
4526775,29fcd3b43aa7651dc573b78d4ff65409,2148865
4526776,148f52c13f1ac7ec1413d6a82aa0e079,2148865
4527019,6a536e544d01c6392fe87452f8c3ec3c,2053476
4527284,af9fe119cb4ff93ae5c408d63a99e9d7,2149080
4527297,62f6ba1dccf13c6c9b52f14fdcf7e819,2149080
4527298,a55a70c39e42624144f0b4e063d0b959,2149080
4527636,d126b7f91de6b6125a4a2654a3514932,2149242
4527723,2fa43bf21beca8a374a1a428a18a7050,2149266
4527725,5345bf70e73b6e4948313f6b8aa8046e,2149266
4527726,73c58f69cc87134fd5cbdfdcf5e3f3ef,2149266
4527727,3256b3b8f03db96edf9675e0c4958ee5,2149266
4527729,812aae87befff7e480988cd577495c21,2149266
4527730,d1cc65cd3e1e8c07f824a301e54ad4ad,2149266
4527731,7874fe6e99b417e84bc5e227fdf62533,2149266
4527732,689d052179d04dbf18a2e56f488510a6,2149266
4527734,99bacfc365356299d8dd0b243c278679,2149266
4527735,f1d0c278388addaddba31a1da5e21c3a,2149266
4527821,c593cb96c96f350147a1a84278b8f86e,2147855
4527838,df7a418b3cd5e25694de423997eb08da,1817816
4527839,58a4b966fcf5b81127800de761e73e1a,1817816
4527884,19ad347d28a19f83d751033cf74a6e26,2149313
4527959,71e605e2815b13cb9f526735c8115413,2147070
4528094,d116adae144e913545a3e8641ac2b8aa,2099772
4528145,dc7d7451d1ee8c86d8a8c01d55b11b13,2147070
4528151,fea58599f25b79667dfc37e1c04052ee,2149438
4528152,3020391e9d2c5ef6929f92820d720dfd,2149438
4528153,3a71fe319bdc6d93ab649a93e8651120,2149438
4528154,7572e24a30f47b9f12d579e1f7a6a3dd,2149438
4528603,1833c91593907e88b1fde5e1f5d12474,2146559
4528682,5c20a31f1dce3474d6f36a10a8df1013,2149313
4528757,8186ebcba71f5250fdf376fdd9072201,2117391
4529123,286ef8fd1bca1d17d733f67a18ce1d8b,2149840
4529125,7047296873a69cb7deea93c3f7542a5e,2149840
4529127,f71931db5ad71d23bead4af71e848fa4,2149840
4529676,b43d0b5abf017651474bb99c8ab9fa0e,2096263
4530205,532716e289d41e14f2a5931c6809d7e3,1989119
4530422,0554f725ab9c0f6beb9931de6ad55e51,2150376
4530425,c693d80c3c37f5201aa1aaaa430b7f72,2135207
4530427,7d8dd014213a6dadfe92661a76497fa4,2135207
4530505,0e130160ce4360961b65161c1168ba0f,2150411
4530794,82d1520e9fa656e51c39591825f410cf,2150376
4530795,5b2d5571450442e2f49be50f821f7024,2150376
4530796,29746680d80b8bf0bd5d20fa5ca711d3,2150376
4530890,1b18efe46dc56e0121ee5de0fa8ba689,2134993
4530943,f9f4b82ffe878b49340596a8c2c81359,2150616
4530979,567a9eef7cc394811a4418ae7be0a28c,2150631
4531020,62ac2b5a397d2a6dea7ac7376a2e19c0,2143210
4531021,2ab992cb2f946c90348d7d2df3aed875,2143210
4531073,a0ee36941d9b26b6a81c1814bbe839f6,2135207
4531400,d24c4b70c18b3587b5081de49799a503,2150807
4531417,19bced7eb6ad804ac7b6f4066c585bd8,2138173
4531469,5350f2c90031df220c955e0099c2358b,2150831
4531721,c914aab76cc3df880f8755fa49f7378c,2121388
4531722,94cb639e72929d55f3a34950487752bb,2121388
4531841,757d4aafe3cd2fac2f96e786b84a40d3,1860298
4532086,8bdc682f26ad662934689fb815911ff4,2151081
4532267,dd401e017e3130c923c4608e54cf09e1,2114040
4532320,32be86b78782cf03f59a3ef7c93d9ec3,1860298
4532321,cdda374d66efa2c81b26580ae2dd0f40,1860298
4532420,5fd956468a7c65b7c8989e19ee4e7497,2151081
4532525,ca42d86f77df302cce942bdcf909968f,2151270
4532526,b0611395046eda8fc5b531222bd465eb,2151270
4532527,381d9bb382d62916f4fef46376dccef2,2151270
4532982,52560e18dbe745852aa2fec37c1de9ee,2151081
4533082,00ed592a99352e01c9c141a239158aca,2151520
4533528,a28fc87cca0c0fbfc8a7cbf8cbce033e,2151081
4533676,4d516e438ea3d88551d56386ada62122,2151766
4533695,9e0e89ecb1fee6cdacd84b2d7d60db9c,2150631
4533840,9ad6843c0086ddc039a05dde9b4f43bc,2052074
4534428,a2297660ff4054f5a9a28cf47ad3d274,2152117
4534558,c22b98aa357710842127a519e1833173,2148082
4534589,6a616735412e16da9f69fd887900fcf2,2149242
4534656,a397fcff6d55311c24b0ad7a02ed9945,2150631
4534657,cd9dfdda4369e7488143ab189297d699,2150631
4534658,5d5ba135359e0e4f51f2ecfafd2f5240,2150631
4534679,6e6b4bc0c7a58345885adce88ac7c911,2152230
4535043,a65c0cd59db2d049ff91a5c50a1e75ab,2121388
4535763,ce866dec5b5034288edf2f27f0180f34,1860298
4535923,b56bd039ea5876f2f59fb53006e76ad3,2152752
4535924,daf85293d3e532497a8276675737d3b2,2152752
4536010,f0ccc16216e55378edda49f16109ebad,2145485
4536576,b9d662f67aacdc6e6d724c21b06c8160,2105467
4536641,a3651323243af2a36ef2c5604d72e1af,2149313
4536681,ef233f9a9bdfdcb6c24fd8f644c96e5e,2153097
4536726,224bc6be0e5e20a9d9f4397a5b08ce47,2153107
4536727,fad9ed5e41d25229e0fa8271b191b534,2153107
4536728,e389cbb23232467c89eb9c655d57b8e2,2153107
4536735,988917a595810375918f37f2bf5f3f5d,2085751
4537000,e30cbc06e1a6ef09b97d80e71ed04871,2153231
4537024,8940f0199a6527c2a6358a606ffbc0f6,2153247
4537154,007ed5e686a104bd34bafe8d6884da37,2005066
4537155,31d327126486f1f087585bc3df4d1c8c,2005066
4537156,b98e1068312976e235f9e2095ee2e321,2005066
4537498,ca49b176fa20df4614b6d4ff41100b1c,2105467
4537542,116d0129a0b76321747a765cb0ed9423,2150807
4538260,20f2672818e5fb2c6c45748f4af5add8,2134266
4539112,70d944de1e41387de043bc31bc73345d,2154135
4540283,29dccd72a837864ffa5539b8dba405e4,1997929
4541461,4bb6f4267ae75a25f6bf30571b068762,1972310
4541462,ae36430ed3b310673865643ffbdfb900,1972310
4541819,c53847c1084e9cb14d903a996162d314,2154920
4542047,0dab4b8bcf39db8ff9309ef6f3c7ae5e,2155034
4542196,d6b9cd31e8af641816406fc9450c7143,2128147
4542212,bbe89efef22274c8ea7999a422215dd5,2155115
4542313,7bcf36f6b3e260e32ccdfb636769b5d0,2155115
4542314,387fdb36c2144df97aa1987a59bc957e,2155115
4542315,efb0f6229fcbffa1fae7b83760bce5c1,2155115
4542678,012f7ad53be4a854dbb41f1859affeef,2147070
4542758,39efe7d8255925ac1f7660a9053364e4,2117391
4542990,c13b43474b8df0af6f8bc1836fa32d4a,2155314
4543046,fa74935164c09134b068214a5b2d6054,2155351
4543047,7803367d44087dfc9063ab1063b25be2,2155351
4543048,147d5ed64109e391ce12b4ba26d121c1,2155351
4543049,555f8886a9bc4e2fbbeac320c1826968,2155351
4543970,7af47eb12935178c236caa5267207232,2146646
4543995,28fc94fc912f1f11de84694c3f8c69fb,1005234
4544977,48ccdc50f306923c11ab663a30519522,2156061
4545074,824302e3feed884f03f47587307a9011,2131311
4545075,8b7eb7da4b8aa01cb5120ede50884a64,2131311
4545221,f260d78dcd658638ba6706b8f2ae1290,2148082
4545247,7ab32b2baab2ad89a3c2bcb81d2d1ea9,2156166
4545358,7b4de55feb01dfb3e6c198b9fdb4ea70,2156216
4545359,ee8c992971e9fd8bb3d2d25925ae7e49,2156216
4545360,3e8e10b432d5b36eefb1f28ae06e6b9d,2156216
4545361,98349c42a0a8f77bbbe94c9aedce2a5a,2156216
4545447,ebebabf60c1d83c76d77ea91b5323ed5,2156252
4545494,fc2a7ea86cf788ae120136cebf328e00,2016497
4545496,5da076a96b0b70c12af190f9b19bba23,2136934
4545620,64a3d161d70c93121929f110f18de508,2156061
4545621,846c3180aca7af45ecb0e3b531061f30,2156061
4545622,55a1a68d94ca469684d7f093f2927f35,2156061
4545634,77279245449b1f3e4b020061a5770756,2084530
4546217,147d608fcaa6036326b2538151f45d27,2156574
4546969,a475162fd69999162e1062093697a192,2148082
4547321,587c9f909ce38f6b51962cbe30cdb970,2157103
4547842,1d4302cf7307990ac12911608f09fd01,2149242
4548093,e56e3106a168f1ac9e8cbbe8d5fc4fb8,2157449
4548535,f058fb9df4042f9a2885f1943d124963,2157670
4548657,3add8a2f7d2824aa7abb8e77d37714d8,2157704
4548783,ed3e622489e4a8ca900e43521b48c001,2157751
4549168,7b9cd98c3c9c455621e1f6fbf44a6d42,2157900
4549223,8f3156cc349f5800f59f568a3fbe0bfa,2130743
4549685,a4f9f19658c271c793195b2e8ee6e9d1,2153229
4550077,d19f0ace65887a0bb35832bf8516869b,2158318
4550078,96bce2f3b7de5242fe881a932b2859f5,2158318
4550080,ed05e2444b086231cf3ec0ae06e60ae9,2158318
4550081,9c72e02c85f6ab172104e1c81df8fe7b,2158318
4550083,1aa0b0dd2c671611af5f2f7bb205702d,2158319
4550113,17b97873896d0206b2a633367444dc32,2158319
4550428,c09d56b26344b6fdfc8231207b978e55,2158418
4550429,34e82eea5acb13073d721b2e358a79ff,2158418
4550430,a7c962a3bbc2984c6ccb8c984320f09c,2158418
4550431,0b06c8acdf35b158a541290c4dfb8722,2158418
4550433,339636edffe6d23fe05cebff9b48e6c7,2158418
4550576,0c66666f6fd1509f42a890f8f25cedf4,2158268
4550577,82ed75156150ed9c91bfcdaa838f6cd5,2158268
4550578,6afb10e94f149ff446531c86185a8111,2158268
4550579,b8c90349578ea58294b400bce2d8f78d,2158268
4550580,d71ac5ad983d17c87602c572809413a6,2158268
4550717,3ff02291539e377b2dc325aba027cc60,2128157
4551171,a3cc0fc3f37d1751811b5bafe3157249,2150411
4551324,efe412f7bc3c075990e9def2300a4a8f,2006856
4551328,c03ccd4a65d3fca4b18f65051e91d261,2150411
4551520,468bc6a909377124927d241d31f4211b,2158889
4551521,2156b2bda91e747a70e8bffd7cc09b5c,2158890
4552247,42f4ff920930e3a052e7076a15441e4a,2109663
4552248,576682f5bef41fd035405c544d3fa7d5,2109663
4552250,7eec23a608ba13248c27fb0898bbbfdc,2109663
4552251,72d1f15d4efef079604f4cc6c88eecf6,2109663
4552516,145ebf73a04d61ddfa28f150760f8073,2159101
4553025,fd746c0babc48b43f1f9c0ad9cce5b32,2134791
4553054,f888a726959a8649bccf99fd982ac9cc,2159430
4553055,5eaf23fed167f7ab89b9878fbb9d15cd,2159430
4553056,e188ae08df32def742bac60c1a36cbb3,2159430
4553057,0be3b9f253f9d8a66cebd94cb2c235b9,2159430
4553929,c41517631a6e768c0db960e86b0f7009,2159817
4553958,abcfbab1332a79798e9a214dd39bb136,2159829
4554321,393f1dfad4b0e5a10136c66a6d9199bc,1747998
4554369,25248910fc207d3ab96f1fc140680281,1747998
4554408,1363d9e8822cb1bf981a258cfda6207d,2159928
4554409,0eea705aa7a63d9c22935ff539e90674,2159928
4554410,d64100cad49592c25e9aa7edb1492672,2159928
4554880,c17bc6366103933e28c986af5b3bfd39,2062569
4555057,1fc16f0c0c23a906ff53c00bdcec4f73,2160120
4555218,ecb00f5e24b81b1b345d318b5d47cda0,2160180
4555714,4213bf9f0c63dea4fa20705c33332ee9,2160393
4555715,74dafb8126d99131a633c9fb59992acc,2160393
4555716,e3e72e075d0436e0fbfd4e8bd0b7e0b6,2160393
4555718,7ccbf7cf844b0c66ca3c502fa38b246a,2160393
4555772,0974b121dba7393a526bbaa29398d530,2160406
4555960,93001105a8cd5bb199b9237a2b8e1bde,2129558
4556100,3dccdd63e50fe0490ac1ad68de463e9a,2111098
4556315,8b937c8d44658e758a84f6c5c3da7aec,2019474
4556355,6435f2926d0fa570f19cc72eaf171765,2062569
4556361,6965bdded7623c98b2a17ffc88ed9e24,2160681
4556362,120299132fedbb0aaa813e1dbe92dc6b,2160681
4556363,c963d8077b3b703d4e4637ce44f29977,2160681
4556364,ef744184f36b1e7a809cdc48a770da11,2160681
4556377,ec6fcef6a2b87e838adf7b129c65fb79,2160688
4556500,252a58784a5f907a13c5e32c8e998d63,2107491
4556836,6231c7dc2c0d986bbc85f258c9152000,2136134
4556994,a1991512edf81e7ff4da817c20fa9af0,2129558
4557087,2d6a9726e9eb742edffe1002666ff703,2161003
4557088,6a74eedabee80c692788b87f18781ff8,2161003
4557089,14fa1b7002013a324235bda0340fe83f,2161003
4557553,45ee035a5a102513cf2bf2a9278fcdb7,2161198
4557618,7e1773de2f9e054d0dfac0e25ba2b874,2161198
4557635,c86eb59c19ceb986c92b51a9673588d8,2161237
4557932,7d72e6fae05325742db05fbb0510b702,2161360
4557933,e80e972c22fbe1fed81b2f6e2b1f1ec1,2161360
4557939,0b8dc40ca9ecd2228629fc725dfbd710,2161364
4558475,a7f593f079a9db2f4f5d5d11bf694e4e,2161198
4558622,00b00b69c4a58716fdbf79879aae01f4,2161669
4558623,346da1a69680891b3450deebebd239df,2161669
4558624,f643983d384fb89443a8c5cc6ab2b08d,2161669
4558625,921d242d2bb55dd6fc376bb5cdcf1b71,2161669
4558643,3957f48c78a8a5d6eac76e2bc038d234,2161680
4559092,4df956682c5b5e88e22babb72d6ad273,2161861
4559188,7b1ae33fa8676e7e035d97910644cb2a,2159101
4559502,f763c145cf2913acf0853fb4b0034fba,2162065
4559801,ea11cf2eb0d6c43c1ec3a10c52150b9c,2162219
4559944,7da0aa3e3f4fcef2574d6a8e37b6ce90,2162283
4559946,26cb1262b1a415a1da3e1e699b90ad94,2162283
4559949,6cbe0b7141310949020fa71d717d3e7c,2162283
4559950,5f7238535a9afbceda8f5db09683654e,2162283
4561019,77cb69242460cc9ba0e08b9dec922514,2134011
4561020,c5dcaac9372a0054b4038f5b542f2e98,2134011
4561160,6a02f7141a6da706fc38fd83d3c9c2d9,2162800
4561162,10c6d296ad04284af7fc91f4ccd7561e,2162800
4561163,cbba71f2ca17f2551a4aa98887ff6444,2162800
4561164,c9648bd8dc445705bd3471060dce0e77,2162800
4561165,5b4bcaa9d12dd72dc573b9a2bb08e9aa,2162800
4561367,439935073c7528be196fd42b5c5a3790,2157670
4561368,0843783dc33607184c496cad612dd97c,2157670
4561592,29a27e125631d805e6bf8ffae80732a9,2162976
4561716,3a65170f01bbf6ce125f8e006ffc72be,2163039
4561778,51eb67920c07a5ea5bf701429dcc9ad3,2163071
4561808,5f657985a1324d029d915e6d9e37f1c3,2163071
4561809,c59fcf1c786555701be0731a54cf13be,2163071
4561810,6ce35abf422ecd18d3623c5ecad8ee6c,2163071
4561811,17011b019785b39e17a2f3a73ad4a955,2163071
4561812,e227a99d1a0f18b14ba35d2d85a780c6,2163071
4562249,1773a3a78ccfda3688ec5eb135746d0b,2163301
4562684,363f26c08fdfc2633383cfd98f34ddef,2153231
4562698,49bc527bbac11cba204176d562063587,2163071
4562756,b3980fc55deb954a3830b620c2528c45,2153231
4562772,8374ae516f0b7627b5640209dc8a0614,2163456
4562874,99d85238e5dd0221cfc8068352a7b3f9,2153231
4562980,69b802693b7d464a9fc226c127216347,2162065
4563810,03907e30c0927c998d532f98bb80fd3f,2163859
4564762,55d3aa400325b5604a61eb4a9458bca6,2115566
4564814,071ec022bb9f8eb25f4bc5d790a6b61f,2164249
4564815,3e8f76989ed17510d44b5285d66d467e,2164249
4564817,1d6c0e290ee4d1f6653dc7f1977913bc,2164249
4564818,04afa52cd3172c9499d5ae465a25fbe9,2164249
4565026,3f6325a82b5479e3ce467e2fe5741640,2135207
4565115,9d18c41df6f33bc5900ea088da165563,2162065
4565271,a8b1c9b3f6b7a9bf179a21231d018f88,2164393
4565272,d8e18226774c4c48fd8cd710765e44a8,2164393
4565273,20b5ca5f9296a6caec79d94215118578,2164393
4565274,3d2f4e84af4cf23237e7c6be82b5ae99,2164393
4565312,ae416321130e058f0da843f5d8bcae80,2164405
4565313,883f6e534f1ccddb361333685d9ac458,2164405
4565315,8d31f6148c83d4c9937002a0222a3ac5,2164405
4565316,ffce4565b5bfce76ef64b83e367338bf,2164405
4565430,476b93dd076455ebd93a2373d1348797,2140022
4565844,7db6d51aff024186d29b4f4d727ba066,2164584
4566770,98ce0a12c70f08348cca093be137d2f3,2075080
4566920,097a909b0089e8329bb62ca288ceceec,2165022
4566921,79ebf4a8c242bb75f54496ac0e4197d5,2165022
4566922,05767e0dcb08339c503ccf576c3b7077,2165022
4566964,776717b8396f60dad198908d3c9d0510,2165041
4567110,f2d5ad068f76af9fcf02f88049232938,2160080
4567132,e0a479dc12254af6ab3fa79259ed24a7,2165116
4567229,34d4688c24fe3545884bedaec0823e8c,1758068
4568143,b531cc4a384a418be351c2d39a30c477,2165501
4568145,8ea07fba0eb610218dbaca675bc40d39,2165501
4568146,0610fbec4a9b4f9262153848a5b08112,2165501
4568147,11e63b7a4ae33c9b0c3377336e61f5b3,2165501
4568176,474bf414f434ba854ca718ec4cfc0347,2080086
4568531,966b2b0c14da76cd75ec7add15223bbd,2165632
4568555,2482ae24ad49d692c96100795c564c74,2165641
4568556,2edf613ba96f66657053a53f354befbb,2165641
4568558,0dfcb3a875304a72c17c07cd172c9f13,2165641
4568583,274786db9e70a18fcd8d74620a807a7d,2156166
4568584,2c401fe3f92717d7fc75a7f3ad4bceec,2156166
4568585,fe5f871236cc99a9e4711c2526eadf4c,2156166
4568586,e24dd3a5e6598f59a2ffccbe17d077bc,2156166
4568587,9cf9ca6fe8f71996e2bc8f1351deb516,2156166
4568588,ff9c5e21463ca26787a57afe0dbea96b,2156166
4568660,d09dc25d3851fea7e5469bc661280196,2162065
4568956,3dfb97a9abc303971b4681083e21d232,2096263
4569100,28caca9c9ce0c3417aabc2d09753f09d,2144426
4569241,40be6af9511c98f20169af52b3d228f2,2165863
4569530,334b8cbb2b1f7f996ef8aea383492a18,2138173
4569617,c7472108d4b657f979131884548fb6e4,2165501
4569830,507b6d3cf8c0d191413c2b91cb71d6ac,1986822
4569957,b07b5f86efb3ff56513bea37141b3755,1758068
4570030,73cf75ead813cee9546a101778dbc3c1,2107331
4570035,1fb16520c08a2df2002339d1d92ed6ba,2166237
4570037,2fef32ecd73d3b19f3ed1ff1cd38b4b5,2166237
4570038,caebe3a480eea477bbb90f8808a99524,2166237
4570039,85a2ee9a62b8f6026336a49949bc7085,2166237
4570322,7b17e5872bda6aa4db1fe8d1e5221adb,2166316
4570323,06bb98c41a6a0f7d154017c18a487b5f,2166316
4570324,5417e8741fd6b17026373f47c2d95353,2166316
4570325,a9bf383e0e02d73f4c603da1b64abf95,2166316
4570895,cc9858837e94bf07e496d06d9916c35f,2166545
4571122,a9e3ce2c82036706a2306eeb78c1a8f0,2166655
4571123,c69aef07f1f8b1d8ff90ebd054aed9bc,2166655
4571124,fc412df64913a6d9c4e4c909cb4a0454,2166655
4571125,2b8b6da9f85c7e223ae175982dfb2d4c,2166655
4571277,c31ec288cf1b4f764375fe1fda5fc562,2134011
4571306,68bb929652448f27a60f5e310b921981,2134011
4571560,3d092ff6eb5a7174637048268844714d,2166852
4571588,9a8c04a368ec36a483c21b120302ef1b,2166852
4571589,65f16f8a55a3018e55f3676d329f5b3a,2166852
4571590,c80110256edf9728e4eda7533fbb27ec,2166852
4571836,6dcf480252872d8013773a60e180c03e,2089498
4571837,1beadeeb2a224528653c3974028fe249,2166981
4571838,3775761e9f041a06da482f3e01930ae4,2166981
4571839,8706dc04e9a21ef58db30df49ce1cfbb,2166981
4571840,7eaab425fa4e8c20b8ce7a695ef076d9,2166981
4571877,648712522fdbf31c9bc77a3b84e7d42c,2164405
4572165,539870f6c3eefbdfeea9a693a927dbd8,2167128
4572857,6b16fc0219bb78f77895ff571f5e9a28,2167128
4573067,85106abb9309b45ceee7de0bfde93b60,2167548
4573182,c9c55fd38cbdda0f25c56aa94ce44429,2167608
4573873,9e55b9112b62a48d2ee69aba8913096f,2163859
4573874,7b19feb210ee02bb9e9197822e0da4f0,2163859
4574278,ce743ee6e5e46c4a976532d24f192218,1921544
4574309,60c41d170bbd6ef6455350dac4418eee,2114955
4574380,a06af3f254f5eec5ff1476503abd5389,2136134
4574657,39ecff9fac8d5bcace3b1d8049ce4b98,2080150
4574905,251c4c7ee7395b6508b774dfc2f1aad0,2168317
4575484,1a14a126a9f561ebc2b5ee361b250ea0,2168317
4575545,9ad5e4d4ff06f0d83c3b6dcbc73f87ef,2168474
4575684,2e825fa74e627f8651d2d79f3f60a48a,2168512
4575871,78611bfd6a258478b05edd2286dc6210,2168587
4575872,2fd886f1006f7b908f1b2f981b091ec6,2168587
4575873,4279a2891c422ca02c54699230916a51,2168587
4575874,96e03d3fa89134e44c84dfea50f80dee,2168587
4575939,f2144b21484a9f1f3829c4c0c1a131fc,2154135
4576224,d009c21ad23208235dccd274cdf3cf61,2160393
4576391,99346cd835e81c07db939f57bfdcb617,2168317
4576392,09283b50e7dcbadb9d860a7ab3fac69a,2168317
4576457,01e03c6869363f036679fb38a15b06aa,2168811
4576480,743e4604f91810c0e340c6e3ca7cd203,2168317
4576585,f3999b30e74e1c3073333faa0c966e1b,2167128
4576704,a656d2024279374d0534e1f6383ed545,2168908
4576839,28b6d36ef31a1ada4742c9cec9410e6d,2079321
4577149,1501c8d84f8c8a6e7d23a064f9b4f989,2169074
4577621,8acb55bb8033c9599cd1a24aa6f833ec,2168908
4578050,4dc38b434d735954ace00e7bd23efeda,2169409
4578051,e25381fafe508df0b589f1a8931fa667,2169409
4578524,d9541be028c6aab45b921f046a3da595,2154135
4578950,cceff19db743dd4172e386e0767254bf,2169793
4578951,2820353c6bbae59163d42ea3552ebe71,2169793
4578952,29894ca4715f11ff0716799dab89c19d,2169793
4578953,195d567b3e3eded746d1de1ea9a3cdaa,2169793
4578954,c020c16b369c84a41a24123cf7fffc7c,2169793
4579006,7e29272bc19a03b644a9fe8a2537fbbc,2169819
4579395,71173cf1571c6605931736436a4f92d9,2168317
4579643,79de1ba599d6dbf271b2dcb7ca4cc48a,2165555
4579793,e98e4246e2355817862e7616305191dd,2170099
4579794,50fd1bd451351d32c44fafb775b1257e,2170099
4579795,497ee19a1c72870c4a436d2190095832,2170099
4579796,6a738b5c8dc6666bef0f8cdc6005fb4b,2170099
4579838,dfa8dd03e2685f91e06954f5d2ff4606,2170119
4580024,19204da32d708d8d654c730a1e0b8b26,2167128
4580556,7e7ae97cf233a0445e6ad8d77820602d,2168908
4580605,993a220d55c90f68f4800a612df2916d,2170463
4580642,a904eabdd2729defecaa3e83d4558889,2168908
4580698,44b42e622eabe470530dd0df1d8d6fd2,2149242
4580839,6a86a0dccb33e8f067d3d4fb02de4b06,2127480
4580853,98a568ced79c740013fef3ff8bb8cef5,2158319
4582754,28dd3a200779819539aab3084c33fec4,2171297
4582755,65a8baa9464fc3a9fdcddcfd2e5ce5b4,2171297
4582756,3a93c1f7365a0ab88e9b956f14e1c72b,2171297
4583388,ffd29f45f20a3965256ebe46c27fc88f,2171494
4583407,676ea9d6f0ec8ddd147ebecb3ccd6709,2171494
4583413,a2e12d663f30fd77d991b545f310c8f1,2171494
4583414,bba8c7e93da76dba0da73dcebe3634dc,2171494
4583614,aa36870542fc2a20834ff2d5972cad2d,2171598
4583996,51b52cd12f2813d51e75ec58e518010f,2112405
4584150,4c337b31a55858555addc113e0b3a50c,2128816
4584946,8ed698e5c4fea15f8f95d0078acf0944,1964340
4584947,b4dfa24c02c72c89f874bb951b6d7fb0,1964340
4584948,d55ebab3a7884db53064c0c043bac05d,1964340
4585346,52e13e1a651766af5203f2152b7316e6,2172347
4585381,7621fb8039e43b451c1a3b7374071dad,2171598
4585385,31d90eb65f74f6d70776cbc4bc36dac2,2144122
4585674,301f5ff9434566848dda32a8055aa8a4,2171598
4585708,75634c7f69692a0099701526cf1b3d39,2138173
4585726,1b599680679aed2c8b91dc1e78547431,2165632
4586924,653e17ac870f80873f10a8e425347093,2172856
4587042,b315acff117d50f4c7298ef0fa30f7a6,2172903
4587043,916a1fae4fb83275b6dc1620e36b9ab3,2172903
4587044,1290e6ea15ba462e1b895c7df2d62f03,2172903
4587045,7978528957e9d6217600f545a802bb8f,2172903
4587046,523ad6aa2fd593b63486e3170407d18b,2172903
4587048,51b1783471ff52a19f29fda319e90c86,2172905
4587051,e99efa3c20c8e5a286ee4b9e234c8c1e,2172905
4587052,73d889bc443bb5fe69a252a8cdd96de4,2172905
4587057,43b82dad2180b0f87db002b1d936f28d,2172910
4587077,828bde52471671ff233593205b1e1a0c,2165632
4587082,06f23309625cea6660591cce3a4beca4,2109663
4587167,bde50061e8f61ab80410c4d71ade023b,2172951
4587180,b4b92d90ed728e7f4d03122f1f31bfda,2158319
4587220,b8acef605b7dbc817b36f845d391139e,2172974
4587509,20c56c00b5da05cabbc3c4aea97b9251,2173079
4587510,88e14e01e48a5a14d8be73255699d634,2173079
4587633,9299cfabd6d642d7fb2300e7b387b9d8,2154135
4587762,a45f23d7e5ce12910a0b0cf76e7249d6,2173214
4587763,7cadb4c7e13022745dec5da7dd245f53,2173214
4587765,07733aafa0298c4f476ab4908ee58a0a,2173214
4587809,d42f37fd09b81115fb2021981a4a7bf4,2169409
4588021,e4f012b1e537a15f64ee612c07a18d3c,2173319
4588168,41e0c26dda7bd423adbf417c506d9bca,2173396
4588188,367d9a087ab7a43c54d49eb7a7160263,2172910
4588275,e0c44001076998ce67011e76f444aa80,2172951
4588327,2407510269b7108660b1021abc60d8e6,2172951
4588398,77acb37beab7ac5dfe95569f678816ba,2172347
4588745,6f05d74310f93841f640da09ebedd28b,1680345
4589260,1fa4c604743d87e52c5f5ebcf230f2ac,2173832
4589261,029e684a2df8b1fed08239ac339c95ed,2173832
4589588,5376eaadeaaa144b8016f21494685ab8,2173999
4589677,839266bfd082d1ae0a8a50c5762e6681,2110867
4590811,6c342c02a6b417143501a052c2a86194,2098237
4590925,98049df924476630538bea313104cc53,2174468
4590926,58836fe38cd368980305404195147820,2174468
4590928,59aa116cd8f74dcf38c0c9369e0b2e0a,2174468
4590929,7b367fca14b7b1da9280f35fc323bcdb,2174468
4591020,3f72905de3d1ed963447239db06e05d6,2174509
4591056,469e1d4a8b64952166fefab99f8dc0e6,2167608
4591061,6da8ad3e1b5eba1abece993c17632833,2169409
4591112,d63fc600b79b082064ed626afb8945ea,2174565
4591249,23a274d98acc374ad079d40c8eb19732,2174621
4591692,7a6250e989fb9a62ecbfe682fa0168c6,2174796
4591736,62426d0150c7905caded830e99fc5033,2174817
4591951,ab3cda5df50aadfff2b2ac5d84d7aff7,2169819
4592165,1a9909cfc4ee23e5cab5625e7ac350ba,1147599
4592170,fca0e7b0fb7743217590506cac2fe202,2174987
4592171,98b1a89418bd5fa828d0c0a38588e1d6,2174987
4592172,f8d89b54f642928f2a1914066ede3af6,2174987
4592173,2401d11317d7354b0197dc59e086997d,2174987
4592181,bfc9427e65ff7bfc835c9acbece3df74,2173999
4592599,dd16258700692d24cd9e9f2522b468a4,2173214
4592614,6cab1e69dab7c82b278209dbe19fb421,1858055
4592726,f4870f359ee7568ed8a48b8a600e4784,2173999
4593034,dd311a588e01dee905be240652de845e,2175251
4593511,f9d4fb82ae738e094d158d7550ad73d6,2175431
4593527,0dfe860da00d026e658c2944b12c7e35,2175431
4593548,00abb9b7c3d7cdd42e7ae85ecf2d94bc,2175431
4593656,56f348635e540e9b4b5176a1effac6e4,2168512
4593917,b1005a5e874f93b82b14af77245168b4,2175251
4594075,966fa48f3eb1ed3bcfc371ba96f8d3e9,2175251
4594533,989005f7de425d7d43edadef0dc3f936,2175865
4594903,9836fa0f6ce93389c40fa15ab2af66b9,2144122
4595082,75814f4ccf0f4c78703feebfa6ee7398,2176060
4595171,ea2c6a65baf169d35ff5d2b626e4bdf7,2165641
4595502,768684ddf6f3c92fa969629db5ca56c9,2175251
4595519,cb481050f9cd0fcadd6077029f1b2a10,2157704
4595520,125cb2fd01c211bbcca6109f678a2b10,2157704
4595576,28ccc30fbd8f7bf176b7028021604b5e,2176266
4595606,16f92ceaf824a48a66d132115d86c040,2175251
4595791,2e8c1cb020739226200609bf3ddbfdfc,2175251
4595853,72e79a71ca74a100438bda2f6d191830,2175251
4595934,49b2e146c032a67aa9d040b265addf2e,2176413
4595935,5e189bca9fea0be76c2cac59b7f97623,2176413
4595938,06343d93c5c8eea9a12621177a601c0b,2176413
4595940,fc758d41564dc8324d28fdf0c5d8c76a,2176413
4595955,44629d167bc665ab5b72a797e7e3525a,2169819
4596365,eb427d814040e9d30eee9a7b569007b4,2176601
4596393,608ba08d0a09ad018e8c08ca343cce2c,2176266
4596406,48b2d7800980291b3a4ee91aa95437a9,1988127
4596416,8f5d814f5e9d5f4f38cb3fe58275a79e,2176060
4596417,b3c41aa7a49409d9f61545703bc2718e,2176060
4596545,d59703f3a15201dbebefce74bde825ea,2176690
4596547,3b4d8ddfa3e3ecab130c9a33fd17049c,2176690
4596548,b65e33ba940e7fe7119ef7c05a169dc6,2176690
4596549,dbdd1b87ea89e54d7cc7702426256b7c,2176690
4596560,5e29b85be23a916f73e63dbfc789dbad,2170099
4597315,fa046e5d7e018306e720cd25f9abe10c,2177058
4597727,e5939d0504027f9d7aaea138de27be5e,2177219
4597731,8e03fbc2e0fa06b8e91c9e40f0d805e2,2177223
4597754,b2817c116c271e1c53a5d3652f8af4e0,2177238
4598363,8005e9a9a4d6da8cc564005a47fccc91,2033977
4598688,342a1345c95353ae0e44789312b2755e,2177582
4598689,caa0cef26248821c70d31161e68f7b54,2177582
4598690,406fc1d81ce528ce469592c6d0fb0153,2177582
4598693,7352479a47a7af6497728c78edece02c,2177582
4598855,bb79bc1420e9252be5369056eaa4b285,2177636
4598856,92b4ed3e9890ece29da03e2dd4985ea1,2177636
4598874,0b926cbd3b1ae33ede81ddadbe43e1d7,2177641
4598919,9151a1ac6358f89b58f653f28bbd7dc7,2175865
4598920,e5d506f9aaf42a32a4372e4a8fa4c294,2175865
4598928,b54ede66091b8b1224e2776c2837d10d,2177636
4598929,0e57735caf22b082ed79405224134c41,2177636
4598930,a9aa107a804c4ddce59da33388b9c7be,2144122
4598975,657082458ba6b4d9b806f368a4260b1a,2176266
4599061,96acf8749ae9c5bebe90fdee7be2efd8,2177689
4599439,987f6fb62b770d606d7866aa78db474f,2173832
4599499,b3f12a0dc94417aca38ae813634c686f,664924
4599505,2479a207cf41b7da1029d68bc34fc9a3,664924
4599657,15f7bc44011e91351c4f235e920a5cee,2177949
4599791,7870de0ebc9309aca3bd8d6714593923,2177949
4599792,b23cdad4041d3ba6e80b3f9cec9f5158,2177949
4599793,ec7290b195c0371f82875f4a52b1c6ae,2177949
4599917,a715000d74583e10fe7b57b9fdfe6134,2178068
4599919,28adbb7422e639c1469188df20c9d578,2178068
4599924,774eb6304b008ad8c7ca5ada2381e954,2175865
4599957,0e5b46471a028454614d26f803caa868,2178089
4599958,894ed7a06ade40d2a37f0e942dc50c79,2178089
4599959,134223bd4ece0d7ba74bcb3225ccf882,2178089
4600574,2abb50b9e699faf980490c143415f553,2178361
4600575,056c33846b0124f3712b17c78d343f66,2178361
4600819,a664ad12b2e8c497b70e0c370601bed2,727417
4600821,6dab18f53fb7bc55a54d519c3ef5794c,727417
4600847,8b53d0aadec1da4b4fc65f76dad1afe7,2178469
4601092,e73983f2db3a1ee2958c2888687bfb53,2178615
4601093,a4d2365087633197aacd81ebb98e64b5,2178615
4601115,ec35c019ca8c700aed10db0d78cadb44,2178469
4601232,8deda48ed9142dfe932153471a95b884,2138173
4601881,852d75691e750e7fa6cc9cf86fd4d3bc,2178876
4601990,92f3a6c0929d4a92fb5e270112c31cf7,2178469
4602161,68702b3cb5425609909ae55aa54d0974,2174565
4602259,4beb12ca20cad15e840b7052e5c9cf2c,2144122
4602664,1bff4d42c8edd515fb9fa57ba14c4f68,2179231
4602825,c250c52ad80795b7c14659c33ff8b6f5,2179290
4602826,9b01388217d6f9e127c709f6f91fc728,2179290
4602869,6baae8893b286bd1900a6f6e00741eb6,2179290
4603020,ee8577c74abbcf370a53e8f5b47d006b,2179395
4603021,c0d7b70f71b1f310189296699153cb9e,2179395
4604010,907daab6b91ed63f8dfb7fa78e997e0d,2173832
4604071,c212777d3a51a30834661b6901ae6757,1988127
4604886,5e46ef52b2f656e9564165cef3602ba4,2180051
4605006,8070c8700ddddf8276068e746e25fa6e,2180088
4605343,635d6d1563cbf4f9cb354ac5c056cd27,2180235
4605813,21f16c96375238dda6a9d23df248a45b,2173999
4606316,fa0c2731b21a186b9506aca665517736,2169819
4606418,e90e2fb21ea585fc19f712b3e568824f,2163859
4607059,e4e73a8068bfafe865bfb81588d2232d,2180882
4607062,c6d9ac2c2900c1f294236da02e3f5665,2180882
4607064,a9d158df6f437125bd64a6476e5fd338,2180882
4607318,b593b121881558b2ec4998ef20e9a6ea,2178469
4607886,4901b2cd584d3ae04c04d6fce8cf4bfc,2181168
4607887,99e26c0eac418e774c693500e2a9ee31,2181168
4607888,8c02ebba5a237f91e1071fae366e015c,2181168
4607890,8c594eae04e80b799ec982583f17d4e1,2181168
4607926,1547ce9f8ad91f9740529229c2d52e34,2181186
4608228,dfd267e39b8110cbf66e6805482aa4d5,2180235
4608824,a66b89c332c457d4bf377df65df6ade7,2052341
4608988,0978a51b846704a91a2f1fa892b437a2,2052341
4609365,f99c18a2031a62252e3e6b5f4417be78,1341759
4609366,0739a41c6a409db445a1ee152275e158,1341759
4609481,3b278a70a03d6ff94ee310cc62d8b46c,2181733
4609675,274e7dbbeca1c2596d6c2ced591cc542,2181828
4609679,0bd6239d1ab0785454b7a937aa352c5d,2181828
4609942,d6b1857efc0f900108201c55b894bf2e,2181933
4610626,9a0bad16d3fc214a4fafa95097a298a9,2087530
4610729,b780f033c9e5f2662f466773f581855b,2182214
4610730,d2a50a4fb127bfd3d6d463283c74da3e,2182214
4610936,53647ef13aba58ba107198632e5667dd,2182334
4610966,2fd0581450cf675754c2a28b4b6a689b,2182334
4610967,2bdb25f5f6b1c6e9ec50bc5ec148859b,2182334
4610968,3b486d49048e060663a5ea09e5d41f06,2182334
4610969,2369979a90dce1d7b2bb6cc007807991,2182334
4610970,911bf3d1f658e5d63644d1cfdc8ac8f4,2182334
4610971,5142e6caaffc7db40c9b227a56b59a20,2182334
4610972,7984c034450cd6377044dd8968e8a540,2182334
4611012,647c299032f087eb3036a9e59f0f3317,2085716
4611014,a8255304230861a433b49f6cebaadb47,2085716
4611075,dd64d894f444b1ed13e4384a512dff14,2167608
4611436,4a27222b6d3576b258203cbd2dfa078b,2182464
4612162,5a45e047faf17b288592c64cac754d08,2172974
4612775,abd63d0cc2f144255a65ba62032db191,2183002
4612780,388e9ddef6e45c3061df313d670600ce,2183006
4612844,63f3e044b3b123e404a901e248dc221a,2087530
4613062,bb18bff9f2041669dd2bb453f6b7852b,2183073
4613063,9b2e2cc65eec3fad9e66d59396981e81,2183073
4613064,56988daf0f3925b696afec4b30ea578f,2183073
4613065,05af3837b884a0dcfe34a90895a2cace,2183073
4613181,5697591159fa71b4d30cdc9abad0fd12,2183107
4613506,11ab7f58d91efbbe9b9384b3c0ed80cf,2182334
4613551,994e1bc9de83315db5e4907853daead3,2183286
4613552,5add65c8ab730a86c284d8c466c85e66,2183286
4613553,d3655944e1bfaf36f8b88e19fd3d0612,2183286
4613554,c987f0392e0c583d7efbe6cc7c210054,2183286
4613558,86549de817ded12ed5f123762e994c72,2183289
4613718,44a6d44c6aee34ce37269a1ffb6d6d62,2173319
4613772,9661e312ffe26b153c536ae829bd0a98,2159928
4613773,17d5f5a6ec2a8aa9bf320a0e48e7bb8a,2159928
4613774,32d3236f33001915d1521e41836d3c6a,2159928
4614367,dc298f24e676b860c20e2fa36228d29a,2183684
4614522,b8404820cafaeadb5c323936d711f126,2183742
4614933,8886041b0698e38b840c444d7fa05b13,1341759
4616622,bdc8560d502dc92a07c53f0821a5feb7,2184241
4616656,e30ddee6ddbcdb196453cd2109e28cff,2184250
4616657,67e5bf56eb4912ed8860d1bf9185f29a,2184250
4616658,9098d371b70df5b297d32c14e9d229b0,2184250
4616688,9fcbf89ccaa7dc26b504234d5477cff3,2184265
4616690,bd37e606063f59b3dc3263ea25887e8a,2184265
4616696,0d59f096b20884d57a7afd4b0277740c,2184269
4616856,83864aeedddb6af62caf25182973adfc,2181733
4617700,b0ad66339ff2614defb912e20ed2f43e,2184597
4618233,c4cfef397bcded491925ad78ad1a689b,2127480
4618416,af84def78860c19b4a73382d758d5ec6,2184884
4618417,6c06928a57bddc97c01961f9f5056896,2184884
4618418,2a99618a74158f6ad600ad8e51e2252e,2184884
4618804,8a2985ae8cf52f332a831440a98029e3,1766255
4618982,b893a2635161980a86de09868060b68e,2184200
4619105,687ee1cb444f9133d802222a5e92dabc,2185197
4619106,9f9c0356439aa6610bb10aa6bd2bd864,2185197
4619107,4398c56aada3693927216f39fa5564d1,2185197
4619108,ad2cb52fc7c4c8b3e9e6462146af611b,2185197
4619463,6d36f7d2d5de1315e471d019cb4272a1,2080150
4619596,f0a2617657845a9c009d08016e71363c,2185362
4619599,b3769f097774943e6e1421696ee6e530,2185362
4619600,f392c87deaea3301727c6b2fbd0d001e,2185362
4619606,22ffe69aa44750b2e96a1744c6159c31,2173319
4619664,abb34853babba27b7e798360e62dea45,2185399
4620246,a1d93468f275c844187037ae07e36d52,1688622
4620310,11cfbb499e37a1fadb8f5cb2ab0b49f1,2151270
4620413,be5365e21a0a3fb09b40e881bd0ecb18,2148315
4620414,fd631265a689e04108785f0972400106,2148315
4620415,2b594d0bbd3f1e6807af3141fecd784c,2148315
4620550,d22db818575f8fe9f7286059d0f2817e,2185785
4620554,9189391a57966acce165076bf235212d,2185785
4620556,3b70b9bce8f94c909ec15a9d111297c0,2185785
4620557,9e75a38dc0f26b043af73ac550f2f033,2185785
4621571,d33e2f64f5c5d15309a0f3733ac91062,2186066
4621572,33c2cba7a25c7326b1fc5c96537bb23c,2186066
4621573,5a4210b2ec26f4a5e4b49f54e722ee8a,2186066
4621574,fa0200bebb6bc8554e85ebd5c3069537,2186066
4621611,4d36dd200af44d20762655bb0c67e190,2164405
4621934,accdbefdf4bc9daf304867cbc614d574,2083263
4622525,dfd9e4c42b610382f76a4063c32a482b,2177238
4622526,e125d2c754889dc50ab568860f0238fd,2177238
4622883,7890ba157f086bf8f4dd322c28651ebe,2129558
4623025,2163221510216f4ec4c59528a77edead,2177058
4623026,28ca44267f65d84e65d1a664791c65c8,2177058
4623027,830be214b566dae765f1dd338f2b2454,2177058
4623047,d7e2386918537c60db877e4c03f03f41,2186584
4623123,ba37b152b5bc0846b641e4aa4b97b382,2105011
4623124,0302ad135e64bb6de3d9f1c6fbecd747,2105011
4623125,df717e4646d1e4d6f365f7cf76e1ba3e,2105011
4623126,81e30e5f85a16d26a764da3ee0e0c56c,2105011
4623152,e46d45d9846fa4e858052081e1e087c0,2183726
4623153,b76f28577fda4c9418f49e970010d70c,2171297
4623467,4029b2b0fcfe03c96d981e3c38b80677,2186562
4623472,bc1e6c9ed4b822255d322d434dee8933,2181733
4623740,e629083e9d1804b3f930827b08e5aaa7,2186926
4623741,1559cb4fee83445b47b9e941bf027161,2186926
4623742,572b8496c02215b7cc37cae1b308ac8c,2186926
4623743,d3443b6dd4581bd7062c0122a1b257b6,2186926
4624212,e896962148fc583c0128d1c0c726edfc,2132890
4624324,4503eaa0ba3798789436fe14d7476238,2050400
4625537,750010c67e017faf6200e258853cbe15,2024734
4625799,f5586f8b1596ff807fec5d157c10c17a,2187770
4626130,a10f797a3852dcbe16ebbe08a183cc34,1726526
4626132,0c92a47d4b14024de1d9d4f03f6e456b,2187770
4626133,4e27b75971f7ab850cc6572c333ec8a1,2187770
4626134,93c3359285ec7a877d41578fa2745987,2187770
4626135,41e56f50bbeb87508dbdbb5e798b1d02,2187770
4626136,d44b7b3d1697e5c9ce2854d184954893,2187770
4626581,9ac349256a67152a46ab6862bf3858a8,2188045
4626582,cdcd795729d3a82b0dd6c7e895e6a41c,2188045
4626583,2306a5ece87734ad37b66e87d2b372b6,2188045
4626648,cbc932fd9b33c19a31d71d4dcf2920a5,2181733
4626822,a1ff6e6afd7e04c5eca01f4e6fc329c2,2188045
4627154,5aa49f5e82cd6f5f97c29095463809fe,2165641
4627253,99116595dba8f3206669cd40836dbbad,808703
4627266,785677019d721161db48b38dbfd74c9c,2107018
4627296,e8346713a63df18903d639dc4013a0d4,2188328
4627426,d0d5056d9ac7389b7f539cb7d4e6f7d3,2177238
4627467,7982d46c03256d5634cfdcd3086a64f7,2181828
4627586,ac0dcda732d4b4d9c00c7d418b47b5ca,2188394
4627780,b66b2226ec1cbaf6ed923715efca0e33,2188045
4628711,950c4a11f3b7d62248e8e3d3af061c63,2188045
4629728,c6d8eec12e891ad0347e5a9a469d3fa9,1688622
4629836,a9190bfba38ce46f14e0695655838a15,2189113
4630418,20683887d0372c2ce8c8ca13e8b2a924,2181828
4630421,fdc3f33ab7c3b7df926310cfed730a67,2189267
4630422,63154ce7bbf7650753e038c76c26a48e,2189267
4630423,6fc35e3b3b88314b8590cba6848419e3,2189267
4630425,b6d517e8e95955a0bf72c50cf13a3294,2189267
4630441,e5667d093f68cbe86e65c2b0776c199c,2189113
4630442,8cfa80b2f8f133d3cd95655fbcd6c8f9,2189113
4630523,19ed206aafdb1de12b82e88aac8a3f9f,2181828
4630714,0ece33235cbc569793c88506e8c00a87,2181828
4631479,27d7eda39cb2d04c3b6f77cff3e2f58d,2176601
4631595,f76fdeb7909a64ce3c82fffbb3a2414b,2180255
4631597,633f6ee0e07c245c1d713c19dff3e215,2180255
4631598,c93559db5ae7fb994cd1909bfc218d83,2180255
4631646,a4c242c7cbaeab41ca40d53eee66c38f,2184269
4631990,9eee2b7ede1afb2ba4845fb4dbbf9e9d,2184269
4632106,5a199ed27f5ae50403220dcd0355e172,2190084
4632552,c0d94c8a83b236c9a07f88833bc81f5c,2190293
4632554,999f4d858c26da3bd8351da524e66ef5,2190293
4633157,8f7109c922632a130332e7f7f7a6e4b8,2190556
4633353,4d4885cec56b7f1ecb42f1038b93393a,2190646
4633521,3142528e8bb2cfb33ed37cd02418bb72,2169793
4633901,e94f497dc5bcfbbef17f1d488059dee6,2190885
4634353,95836e2e17d4599492862f769dbd3a0b,1817816
4634390,27f457b1d5503eeb5f7b2b88c9724338,2155351
4634404,1bb1b19cb20330d9dd5c444e94e1d29d,2180255
4635363,7aecdbe148e8c3ff2569b2acf9a167bd,2191414
4635425,ed765b7c326189753bad0d081774379c,2191437
4635426,2ca96f3d3f96647b4f1e1044f1abbc02,2191437
4635427,f87a2145af60b4cba2312b23b0f537af,2191437
4635428,a77be665cba4de84e76e71d89e4d4487,2191437
4635589,e777ec5224bf10665f0c3860d77232cd,2177223
4635651,c033b456b9f93d9efdee91ff4569e6b6,2083263
4636764,88bb83b76df78d277d1b9dc114bb07df,2165022
4636775,9c1498038c8783dbb15ea4015a77a67a,2052341
4637131,e5dd6d0cb1f23c21f0d4476c901deaf8,2173999
4637186,e67e136f84cabfb4e3b9fc0ff44b9474,2180255
4637187,c4a5247b1e8f67c683b4f812a392eebb,2180255
4637188,7fd669d133a9d522c637c73c01d2fb1b,2180255
4637190,bfe9eeab724feeb313f6bf4c31f036ad,2180255
4637307,28e7a00e88344c998dda93e55dce1875,2150411
4637825,51559e30d51a8b76d1474d0199c87044,2192438
4637827,8a41bafbf0ef62b2cb5a828e13aa3868,2192438
4637828,c733132eaaf93738d7d930522349ea12,2192438
4637829,9f6d34875a49f4e980bc05d3cd9329f8,2192438
4637849,501bcee8c3b30486e2a8522f21c60ccb,2098225
4638068,b5dc02910dc034d81c5f652bbb645b79,2192542
4638160,76b27c3cf0d46eb322d99006bf804ccd,2192590
4638161,75d2d1c53a7c958d7838bb79d22fb093,2192590
4638162,b6d215e607f76ca1f586d67f30b2cb71,2192590
4638163,7d734f2eb96c9a57f19a416badd25dde,2192590
4638390,7b736d52d05ea6cc0d88eb30299a44c0,2188045
4638676,6d82be2a9dbe96d42a19f10967f0c729,2192796
4638677,4925bc4594e2d986aa12323d30746569,2192796
4638679,a022ed1471e90317b3daeec9eee95209,2192796
4638680,a499ac38974f32d357697f9474188b5a,2192796
4638681,0058284ea459aa571177099610e3b11b,2192796
4639239,6fa76830824f2bf5359229adc7f7fe0d,1954243
4639338,bef474c336b36a9dcb4cea62108de306,2190646
4639339,85506c873d5e6f84097aaf69a09edba6,2190646
4639340,faa359f3d7157dd0554b038575d2e177,2190646
4639408,f1c6b15aab9e5511782ea5347afc7936,2192590
4639470,d5937d9664c05295114594990e6e4e8a,2193107
4639906,0094bd9a535de00566f546f4e0ac5170,2187480
4639907,c0a619ce6ac3664ced8e3ac01a2f81c4,2187480
4639908,393078183d43e388d5b6c6c7e8923ae0,2187480
4640093,f7190f42cdecf77f4cfd782b83c4f944,2184884
4640472,a5329c639f1efa77c587d19ba6d90d5b,291778
4640473,9f5d297f8f7f77c9b27fbe38d53330b3,291778
4640474,ff99eebc385fcbc1ee2ec22fb90cc5ad,291778
4640476,e4bb70c2f4457650d7ed419c44d5c741,291778
4640638,5456901c11e97b573de2990dac63645f,2193529
4640639,97d5d2d9e44065fe39cdd9ed7a05ad5a,2193529
4640640,e6e601e7a70b65c2e170de3cd26ddbcd,2193529
4640716,50b06b6fa1dd3739bef356354dd52d2a,1680345
4640855,5a80d98cc843cec5ab52006e2e162fbb,2180882
4640913,a26fc475573361205b27253ed61788c8,2187276
4641596,61bbfe977b333544207bfe2ec9628ecb,2194018
4641611,80cababf586571005066a26c398fe896,2139927
4641612,920b07a439e4db68b7ca6910bda53b10,2139927
4641613,136418b1d35350bd68d4566904c2d5c6,2139927
4641629,f632a727da94f0fe81a0bc233a2227da,2194037
4641630,ab970d44b12dff2948bb6db06bf05024,2194037
4641631,e539c72a0c771fc12a72c8609554f481,2194037
4641633,27e34480f9a900ca1450632656ba87da,2194037
4641634,01599d91a3a3e825b031f3b6d131d406,2194037
4641882,fb10adffb073bbd8d3a904022f0a9c80,1341759
4641915,16fba8c3d3146e09b5697f5872749c80,2193529
4642343,0fe1249e6009475cf283286233820612,2194306
4642366,45e3ea3358b579ddbc594253e0da198c,2194050
4642519,d5843018600607972605d491636d038b,2194386
4642520,2ef29f28a3972e3511241b142cb9ec13,2194386
4642521,e49c13810b2f4763f22eb8b9bfb92607,2194386
4642522,eaa10464d2d6d2bee56c54700d67d6d9,2194386
4642523,ac87dc91e6a765a7eacf006012dea81e,2194386
4643343,06318a3dfa4c29ce3548bf1286b5ac23,2194620
4644593,79cf373ed19c603058d49b9549f0934e,2195192
4644594,b650a4f3e96bef22fa4a3cf26b93bddc,2195192
4644595,b60b2b70ee1cac1e11feded0eb64f038,2195192
4644596,4a43a8fbcf1ecd646f9c12f8cd013b84,2195192
4644904,05cc58b48964ca19acb6e3066e8bd603,2194018
4644967,e7fe2845e135b422456b4b7473ce1b1c,2195327
4645305,3fd939bb12199a03f4f88c81ffdb815d,2195440
4645306,d729375f9aef9f28ed4383b7209cbbaa,2195440
4645307,07d80de83adbdb9add7ebd0bb8167324,2195440
4645421,554e241d70ac4f5e78fa850782e1ea73,2195440
4645537,b593815a6dcae619496b87de296f44e2,1680345
4645544,4e45217c83f987db0a76a8351a1bec4d,2195531
4645553,214c44ddf0897f84a80dd0f628feeb9d,2194018
4645633,eca591c7c9040b41dc46c55db1e861b6,2194018
4646688,6b762d6c2a38de9db2b9814a045a5afa,2194306
4647654,47cd20eb99a59ff8fa6e664bcd113a02,2174817
4647816,866a383849be5fef9b162a362b71ef6a,2098237
4647849,21a468466ec539d4f97aa737075de70f,2098237
4647980,4b5e1dcd9576f1ed8c374c179dd2f305,2149840
4648562,b2c7555403b9635f763266c5ce44064a,2196828
4648688,50353cf9dcbee2d9d7e282145e568487,2196883
4648828,db8b98740893a3d2de561381fc591712,2196929
4649021,79de24073030f50302b59071bfbbd5f2,2196929
4649152,80f2e7e60bf66e3336a93f939e2529a8,2197076
4649167,f38bb97ea4ff08729b90d81886237caf,2197076
4649168,772be9ee9309ca6a226f187b5443680e,2197076
4649169,a6691e1cb01311a49b6b7ad1b4a87fe5,2197076
4649466,b13904a970025cc992ab8be0068c2309,2197162
4649487,33e314515b24f676b38d576429406441,2197177
4649564,7f0008effd687896aa38ca00039a529f,2197205
4650327,f61a8065754a49628370a3ffdd32d66f,2197536
4650340,0553e97d92eaafa9cfc848c7e6975162,2196929
4650341,d6f8f37dfcb058bb8c338ef3c6785279,2196929
4650342,cd0e6287406dfbc3ab53784ed1fbadfa,2196929
4650470,fa0ebf6a5e8cd8dd745ffc9595ff67c3,2197600
4650636,93d7b1fddb4c96e6d1b4ee1cc86cd865,986990
4650640,4c1a18449754ed07a45d4e54e35ece70,2180255
4650799,bdb2560b941df5972982d1f7b99170ae,2193529
4651253,a41892a484633c3529216170b2f2d7ff,2197956
4651260,90e33c48f875a69386ba82372d789915,2119120
4651359,dff808ba93b9bf1dc7af9bb77ae10ed2,2003143
4651405,56ba0e3b2072f467578528c26988a29a,2196929
4651449,c4a3520717436907882f89548225926d,2183107
4651747,a4722b69997ec519636b9dd80fc45408,2198166
4652146,cd2327e247cea6c0ddd0418833f7874d,2198312
4652408,b45ef534af70a0459598cb0e89aeac55,2198420
4652571,aa7ca4db00792683803e1184e49c03be,2198509
4652600,372df3e2bb9aa3fe8fe55d5ccfd7a06a,2197940
4652601,ddce4f658b588718f8a0fd3dc578ee42,2197940
4652602,de7a358e3e18b01335cb9a894abb9ad5,2197940
4652705,83b8fbcf31228e4bd479be01fbf38be3,2198573
4652706,2d882f8ed9a9277efd93290a3059c21a,2198573
4652707,ee4756cca86f5f639c13b4813cdbb8c5,2198573
4652885,29812756434d9c6b869314aa386944b6,2198662
4653183,3daa0808f464786a092df99ab95c58fd,2168878
4653633,060ce93222a39571e54d9f22f6afa43c,2198998
4653692,8563c9c6c2012df773bcbb5cf8d956ad,2196828
4653729,960a0cec212006ca53b1c2dae46a792d,2199031
4653941,1961f538598051830d70ea7435d6b106,2174509
4653947,2e416317cb28858e7777b4c82c482224,2199111
4653948,f47cc6ca5cc5d5196143334ad664a537,2199111
4653949,e6d0b5196985e0ec3070f480365675ce,2199111
4653951,299998d097448ccff8a2715c8eed1cef,2199111
4653955,80f2d04555e1957fb278e6f01d748806,2199114
4653962,4d7e76d193fb89818c3b9b629a73f6c3,2199117
4653963,a3ea4082e250dc231d2fa3056f772636,2199117
4653964,fc52f913e4a9348f352dcdb86f4e6e4e,2199117
4653965,f2ca6f6c22b3b40d02e083cf67e99bf7,2199117
4654056,dee42cb4ed063ccacaaf23fe7b8c8557,2174509
4654075,ed8e707af99126d3d757238f9afa9b94,2174509
4654160,f6f3a4a9b6dca4da3c968d5cf9ec96cf,2199227
4654161,71d7358f53b64c73c890851408958aa9,2199227
4654393,064cbc3d23bbf80752af073b0a6d91b4,2199316
4654950,a93c567c4be8e412296a634bcc15806f,2199033
4655061,e3ac9d343ccf1710f90cf1e966138275,2199227
4655062,0234cb24b6252f90efe827a240aebe4f,2199227
4655091,5bb370e9391ad8d5bfb0ac4f9df5b68e,2199634
4655109,2cbc753c193683172c7973955e45b0f4,2199638
4655361,dc3d31e4b0f2d07a22428ccfe4b8797b,2199114
4655363,565763266f20c575b7b127a8fc4a6374,2199114
4655364,ec1478c50229133d9ae177385dd9b2b4,2199114
4655477,c82f657d79b44a679c083441543c6d2d,2199114
4655643,2540c80d31bb38bea5d3d7b42f717f12,2199863
4655803,90bbbb9a43e12eef7f42e28a56fa241b,2199446
4655841,ab8343fafd7af99c7427fa546b8a55ea,2195440
4655981,0ef246accf2e221faa490dc97ba50ce3,2172974
4655991,dd2c44eb98321381d8c40776840f3eb6,2172974
4656240,8206a2247f60699653962d233c3e8f01,2199638
4656541,e03006b9b75f0783463d36e0e09959e0,2200258
4656604,7b3662b0cafe37e169514d87c7b9d632,2180882
4656848,34c21721553c248b58b2ad4efb54f118,2199638
4656849,7fa3686dc475bb1ad41b595daee11cf0,2199638
4657062,0667e1f7a870a8440cd49e3e5d81a498,2195081
4657364,cc19cd3c55b49efc8d97acae8fe0b4a8,2199638
4657447,d7bd3d9272d41aea2767413e1434a134,2174817
4657513,ba554fd54fc1d6906f8b0715d0e6fdf9,2200733
4657535,6be2ff375efd08fdead56a9b3a90e6ad,2200740
4657574,7e7053f6569a683d8b876b379a2a14ff,2200740
4657598,fd30a5660ac1678355681b82c7d2ceb1,2200740
4657619,569fd171f966e4aca4217c52e8d68b67,2200770
4657666,c9a2e2d33056ea39a766b1b0fbd4b69b,2199757
4657695,b4ab65e88c696c0bb16c3f38d227f247,2200258
4657696,3b9b2f5f5f9923ba2c855ef8fd5b109b,2200258
4657697,f474b2e8f780853bdd862cdff50f9f71,2200258
4657698,e5bb8564defd553302b76194e70ae770,2200258
4657699,0fc8ae2a775089cd307ffe2d3e6a1412,2200258
4657700,b435ed868358efb1a913813f211d4d95,2200258
4657843,9c764c74d9c6cf110acccdc4a0e17845,2200847
4657845,c68beb0f331dec81410d63e9cb0b19dc,2200847
4657849,b05863e79e1b505345f000755b69b45c,2200847
4657956,3252082e685c7dccb31c6cb5062d8347,2200847
4657979,3af63930ef61d40819fe71a9b3c49c05,2200258
4658018,e5cdbf74df667e99d204f5f4d282b811,2191414
4658380,a652269e6b2fea45198ae44da79fda38,2199634
4658381,3fb1e7a57a26e44e9033d12245f4935a,2199634
4658549,c97cf21f7f70fb1d0614b7b66232ae1e,2174817
4658679,17ce6b197e0fc54d5ecbd36a78494ade,2200806
4659140,aab6a7c7b6cbb30df4c6060dd5bda43d,2201473
4660002,9f1d780084aff613885d1cc7284f15b8,2201820
4660038,9bc55fb0c616fc683433e82ab6b7fd5a,2201840
4660121,ce14f5e45cce6f0a61ab792150780bc6,2181828
4660186,c722c1552421e1144f5cc98494ba62f2,2198509
4660266,9ea703e716ca0dceb987df54cb40496f,2201820
4660314,aec03e414c46d610e9fc1716edebba0e,2155400
4660364,530fb57bb9c3924e70ca23fcf02401a1,2202018
4660381,0104e6a7146762a5ab85ec25476bc576,2201840
4660382,1f7e8596649c9468e331ba236f47112d,2201840
4660383,f144ab58ad8e3353ca5f5999bf9296f4,2201840
4660657,77758af476f131c1c6ab4d47cb8f721e,2199757
4660729,76cd55ec1b45cca3a29c9efbac3e592d,2181828
4660810,5abb5350767c7b6f629249bab2fb11c5,2202208
4660811,18f12236fbe27dcdec5af593dc37bdd7,2202209
4660812,6a088a482558c9e2d1239fcb9eb55a71,2202209
4660813,6eff971e88c4dd264e0d89ebf19933e0,2202209
4661276,dbfd1d98f05c1b27652823bd9aa9184f,2201820
4661316,eeafd06308924ce82b9249a2da81e440,2202018
4661703,c0b94a90ca40a2bcbeb513dbf5b2eb54,2201820
4661716,e5e5b551b771a61a70013eb8767e1c80,2202551
4661738,2448a253f405021a9203f657565665e3,2202560
4661739,6252a69e4008a468bb47dcaf1a933849,2202560
4661744,9cf15e45050f1650f3c7dbf97e21f406,2202560
4662066,27937e8116eee2b85c238e1b45f1797a,2202688
4662067,1fd69b2546bfdb3a1d90ecfb991c5d03,2202688
4662068,b1b242a64f1dacdefd42e40deba6325a,2202688
4662391,1a10c16e7e3b5476a39c516ff9488952,2199638
4662428,aed32cd2e8c19116320431eb3ac4980d,2197956
4662429,71030582922281109f17457087dc340e,2197956
4662798,e37f41dfff2086e4c54d2a2247ec0615,2200770
4663015,74631ff79fd9a430a91db33c349c94c5,2202208
4663017,62b65ba3a887d56b4a3e595c7f641f56,2203071
4663057,04b632b05ae05a7774789119eea7c38e,2203087
4663216,b7fb73861fcb5146bd1cc5db7f5e03b3,2203155
4663217,ad7a091c424db38a1ee7014dfe34366b,2203155
4663219,ae8050193e7f35f3d0abaa557f75694c,2203155
4663220,546ed808e0a237ebde2eaeb76033ac00,2203155
4663392,d0dc55aa71dbc45e89b387ce6ba51468,2203245
4664051,c3432f8890faf47e6415e5f932c57265,2200806
4664082,46cdce58cd4d5e9e9575efe2aee5d4b9,2203534
4664301,5259b326fe45cee6823fc7543dc44055,2202208
4664764,aaffe6d653b18c4f1d624a22da26aec6,2200806
4665193,dde3983d8c9e87a5bd8e731ce72bc36d,2199757
4665542,2c6a762284d32d7a5ead4b122e668c1a,2204139
4666230,8bd8280af596a0f505204e32afed3e18,2201473
4666231,7d37537a2cef7840c3f4250ee9529497,2201473
4666232,cd303e3cd9e776037eda6370a09161ce,2201473
4666594,84fbf9d5b28c51a12128f385a52dfd12,2202208
4666942,28d9d57ac5a2eef84b53e3a6438388b1,2185836
4667037,18ab5099c6decce4a1149f9b5ddbb841,2114040
4667038,669df0d9adc14248c17f9380d8bf8c16,2114040
4667050,d2667be7cd2e0358044aef8e9b83d757,2204705
4668107,114370182c11aa27f6ac16d363294add,2194306
4668108,2784d9b9c820cc54b94a4a8366894c1c,2194306
4668148,df32a66c6a30e39f7d2b1fc3ea7bbeaf,2204139
4668251,b9c2cb8ae40c5a3f3cc1001589abc2aa,2204139
4669270,4e73cbfe8ffeca4c011cf58df7867605,2205553
4670005,a3b18f16ac6ee2002a3776afde6d716a,2205779
4670147,666fa4624d56468a2ad0130eec32d82d,2204139
4670148,7d0ce498c5b19b01a0109bcdea100556,2184200
4670327,1d457bddce21dad6092e6b7f1a84a4ea,2205899
4670329,7c5378d032ccb4ce7daacb2b950edff4,2205899
4670330,b5a66bb19e6ba3a4ade9e47384d6dbeb,2205899
4670381,2e506cd33d8b7798b768bb3d3975cb6b,2202208
4670700,2d2bb73cd947658b3e629d987d017e46,2150411
4670793,e7d09d3c07e1a61dd17adc73fcf91ebb,2165641
4670881,92dfd689d1c0aaf6a4c5802559d3fe4c,2206149
4671027,93cd41cbce0f7c480df9d1ce83f37bab,1854144
4671837,8c99e37833ab06bd4482322a3a69dc48,2206478
4671838,1d4c0d5a4bc92f9b4c051001d0afcecd,2206478
4671839,0b14d291815eb7ca660b837d44f118c5,2206478
4671840,f8bedb7ce8b2eac12adf52ca6954f9ad,2206478
4671972,28863c2491ef5bf2bed555387ed2d844,2206480
4672198,57ff7fa49b2cdd81b3b720f49ef764c6,2206539
4672230,6c870ffaed36567d7dbbbe44f0e50825,2203456
4672231,31b3f36319614ec027f114677b1a4883,2203456
4672232,c82ac45c357ce104f4890b9ceeaddee4,2203456
4672779,8c1bb8314b50dc58c90f1a551c7dd589,2206788
4672780,9a56c3a399e4a5ee93cd2674aed1c29a,2206788
4672781,bc5353ffe7e477a01383c978999a4cde,2206788
4672799,a221fe884d69cfed8b36432387054eaf,2206786
4672898,3e6016b0f39747ec3b986ea0cfbb19cf,2206847
4673023,f8a172c13a482245dd540ba87a4f3535,2194620
4673103,721133f56273f9adee542b4277f40795,2205779
4673484,4cd513749ebd2b1fb616451fb619654b,2207100
4673485,404a21b004837ebe518762a9aee721a4,2207100
4673486,d1bab85103d1973fdd3d9d75daf0638b,2207100
4673558,84d4b5373d651bad8cbdb456936aff8a,2207100
4673727,f8d0de61756adc8584f5723269984007,2207220
4673903,f37e54198308a7bd9b5a4778f6f1a1ac,2084909
4673904,c6aa7bc07e321bd48cac09aee702dc0d,2084909
4673929,244ad094973f0df4a8400331983be08e,2207220
4673967,4b4a8654f5eab36ea947887f085c69f6,2207305
4674105,41d68d59dd479751e088f582e058361b,2200770
4674264,255ad60ad22f333b1fce96ad08958a08,2114040
4674299,3ef4b17a8ff9f0ece971eda3b78ce35f,2201820
4675346,b0b5cf36e9d2ea77932258080d47cb2a,2183107
4675450,32aabc590027c61501d0c94bffdd4f29,2207932
4675451,85b12f8b51fc70d8c5846d71b00a906b,2207932
4675452,7e0f60ed1e0e918807c40fd4521978e6,2207932
4675453,a350c68338ba3d83a77ab60056845a2d,2207932
4675454,7c483276944408770b94855c4bfab371,2207932
4675550,3fa6a8e0413dd47bf5ffad55bb79babd,2207952
4675551,20f98196c0d599617b27259cb09d19d8,2207952
4675552,d27a1fc0ad493e1cb5e9a4c76522c563,2207952
4675688,05c4ba3484ddc5bb5e7484b01edff3cb,2206478
4675885,13b1b77767fb1e7f5f77e5463c223eb3,2208105
4675886,86d779e9cc362f7110c622ea964a8df3,2208105
4675887,9ea73dba1aae52907ef26fd347a0cab4,2208105
4675888,a5a7ca2ec3003972f05c9d87f7e01b74,2208105
4675889,da378babf21f46e49834a148b98ef216,2208105
4675890,e3af6dbe7b502594124318fcee977518,2208105
4676148,183a8c2345eac5c79e1f2578124a2109,2206539
4676149,3a16b75e3a436ce84cc5cb941544f349,2206539
4676161,823ad2215ca920dd2c389a0e2d13bb69,2199033
4676162,fd01cab6e621791adf500a0a75c9009d,2199033
4676163,a63f2bfdb2e4d900b23ec4671e489eae,2199033
4676439,6795ff686927455be9f89d217d1a15af,2173079
4676440,1efdd909fe5e9f33ff1d05e3d26648a5,2173079
4676447,5d0c163bf3e3f945cca75da46318ccd3,2208331
4676448,439da5962df243599e33c12eac4867c1,2208331
4676449,e4a0b0421a95a26ab67c49d4b2994c1f,2208331
4676457,fd241100585f006faf27e19f0888c9b4,2208337
4676458,6541615f1a804dd95adf383d7c646de7,2208337
4676459,d30444395227992970cc413d24bbd1a3,2208337
4676460,c2a9c9187d9fbf3a12f01c1e8fa9f1cb,2208337
4676621,21365dd0f366273580992eeb423f707a,2180255
4676715,cf075ebd0a2c6a20cad91de6d30025a8,2208435
4676716,9c5b2cff076a50637027c6557876d08a,2208435
4676717,8406219554655b6aa44caea737f065eb,2208435
4676718,65113c8d96e56ddc9433f9a545cd17da,2208435
4676719,6afc26ece21f8e00a86feef93eba2450,2208435
4676937,5434d87d01af13d77f3cbd36f904cf13,2183107
4677119,5de7026afba669ec505ac72014888f4f,2203456
4677169,d8831acb27faaf4bfa71fd968a0543b2,2207220
4677170,898e6f15f6c405b163c7804612c17370,2207220
4677285,68112f960c339c7752ae7ff1f9bb587e,2208658
4677288,e407f812eb260f7f55b1c274b9e516e6,2208658
4677335,aa45774f0e083c2c0601833a97b7c751,2194386
4678124,17219433e4b2224a434c81e61766278e,2208975
4678150,0db1aad5759fa726a6441c2887250e48,2208975
4678151,07630182d68bec92f163f6870798563c,2208975
4678152,e23b7f2fcf18aa3d2cc4a2b480c664ce,2208975
4678180,68a7c0f0090b770e4d13af65e6e0b61d,2202208
4678346,6976ab11ef4180fddb64e96124307050,2209085
4678988,dbe8b2414713cb5fcab96ab35745eff9,2205779
4678990,40fcd9432b11a314f3ddf973e330f19d,2205779
4679047,13fb42070f14610ebd416f9042fa83b6,2205779
4679219,b946ba87459e046edeae69346b9b2245,2207305
4679261,f23ca662e7b5449397b4dbba0f979338,2209444
4679262,19e7fc59e170941a8a70c542fb2d65d2,2209444
4679263,4c8000924dc230025b6fad920f8d54ff,2209444
4679427,b2a3016772986473d6459ae449b7029d,2146383
4680778,ed136b1f131a995eae5160c08f8253d3,2106008
4680796,9d276414bd36fd07782296dc74690576,2131311
4681133,43e4391ba1f2b6133f0fd7bd57721190,2210015
4681136,ec4505ca286fb7e94911911b9110790f,2207100
4681157,c0ab1cbadac85d88be32d3982757a725,2210030
4681158,c3c30ec12a9c94eecc1e494e32fe74f9,2210030
4681173,65adaacdac213fa8bd2970ee0dfc6df6,2210039
4681174,0ea0567640240585ffbabbd6e00bb6c2,2210039
4681175,c7ca2654f1c8765e9da2fba753cfda05,2210039
4681176,38fcd83f797f0e3114f489531dd72487,2210039
4681177,ce4134efcf12980a2b35e6ea4e40215e,2210039
4681207,9ebd904009c44e3afd660834d433bc89,2210057
4681251,ba6aa0306a8b7384cd126c2bb046f400,2131311
4681252,4e7c47094b0f16797830b7ee6b38b45c,2131311
4681525,a580f0b22382fa7e1bc41e926c3c62d1,2131311
4681526,9bae584c878267c21185b38c3e0a7c5c,2131311
4681953,b844c6b6785b7474f91c20cb5f9a1969,2210365
4681954,d34f1776e0dbb6a8131cd7b4ac9eb4ae,2210365
4681955,dfc06619dec60adf8b625d297475943d,2210365
4681957,bbee9b6120643c86d773215b5ae363ce,2210365
4682566,fd51067bc0c1b64fdf2221f6b1ba093c,2208331
4683511,7877d4b61939584449f7d5455934874b,2146383
4683855,d7052c89e37b076dfe5f32ca664e6310,2211127
4683856,056409a1e9f2940e0b18e8d8f250e9e0,2211127
4683857,d0e260ecc43a57641bf47e2bfaa376ae,2211127
4683858,e8ead1394be788ad83569a057ab4ad21,2211127
4683915,3711c8f1d1a8c6bc50986c9526857a52,2211147
4684358,3b58b51043cf1cb495ac4a17d41fcf14,2211311
4684360,4bf99f1eccc84263883c212a28d88d5c,2211311
4684362,160d01045ff080abff3aa80a84d26b5e,2211311
4684488,7348309f67ee3a10bc2e2172377813b5,2211365
4684888,cd3c015e071ac206527c8680182144bd,2211531
4685027,5c797760c05ac4821fbb313997fb40db,2211610
4685186,a22af8362d8d60f0b7408686e9c1a383,2204687
4685363,33dde30b6063f3038b12b63454ee2323,2141261
4685416,b7f06dfa29954a9b0c9da114ef1a55d3,2211735
4685429,74fdb5b86c503b1c30a6adedfc9845cf,2211742
4685474,818724dd83c51c8cff93fce67e386e48,1175057
4685762,bdc391237f7f7ffc6855b3f076256147,2211868
4685862,03a1d8fe683168d4112d09bf45001373,2201473
4686162,1fb11a0b0767d773992f1d9f967dc4df,2029995
4686194,45ddb236b931c0c305f11ca09b05c139,2212044
4686436,341b9ae0a65215084f391c453d9a3348,2212131
4686523,6ddaead091ce2b96fa552e741e040239,2212169
4686608,bd99a7ae5b45d7c49dae08d7a090fb61,2212214
4686854,b85e5a80ec91d6aa5a1459b8624fb0bf,2212354
4686929,0453620a093e4d41059a0a6252bec560,2211019
4687638,22929afe43048ea96d3d007710fb25b9,2212044
4688002,6283e3d27a45cb322c6187fe92f1c9f8,2212704
4688003,bdf213df9cd41994790ff37143d451dc,2212704
4688004,3007f1bb66c69fb54f610fa748f40282,2212704
4688125,8a8f06662d4828dd40c99e46546b3761,2212131
4688272,5078a7d87c9d798641c7a7e817575987,2208658
4688274,558d371f7c7e70c8862830356ffa0faf,2208658
4688755,be4e95b23fb0a8210aad4a92ccc3d45b,2084909
4688912,bd03abc9e3d30f20b63f7d65bbe65e7c,2211868
4688918,682b47bc5052d9e6019d749cf0b74c08,2212044
4689123,5adfc2336e8b82996805495c056ba940,2213181
4689189,de832deccb40d3a62867a8065cb4c63f,2213181
4689396,cf058d4cb2baa123c8c8cbe029431d8d,2208975
4689425,89bec55094b1b6e51a913f73543408da,2200806
4689477,1c695e5094e54bc1ca46209e01a21ec7,2212131
4690127,4c119701f3f191b4caade10a241f5ff9,2093950
4690520,891030a49d84dd3c84b17a959fdf7114,2212131
4690649,7bf1f534b8c5906474035991d44d39b6,2210015
4691165,2b25cd81f9867b01bb89769b168bafa1,2211868
4691178,fc650aca73564bb7bf045bb7085b12f3,2214119
4691301,2de628711c32f6bd099f6d37d1227184,2214176
4691518,e9564a14e92cbd02f61321c84a6fc274,2214269
4691628,fa8e4d184680994e743ba4f0cbc5ef71,2157385
4691659,a02b54ea5372d6171e81aadd3457c8a7,2214345
4692372,53eae8d837ee4c7e9143507bb4ce49f1,2198662
4692373,71c1722732d92b376284e9ce49e0c45b,2198662
4692374,3eb61e39e556302e93ffb522fe209d0f,2198662
4692833,67ace3ff72d7c7ac44f1f4eb9cb219d5,2214814
4692834,760a009d61b2541f6560c3f9d47b5ada,2214814
4692980,74ab92e62f4f3d8e9357e4690cb19e70,2214895
4692998,9b8a59bed1b6744f9e2fdfd772d7d06a,2214906
4694039,e2b1ff8568f6d059d9f6a7f9cf249715,2141261
4694291,5b283a869e35352680bebfe7fd115483,2215608
4694569,c8d9e352b2dd34039f648c760c856ea5,2215693
4694570,024247cda133bc84768f2d7994564863,2215693
4694572,04f75c800ec7aedccb4631345762f19e,2215693
4694573,fd6798f3196e23492e20bde023321f25,2215693
4694574,8cdd4c15fd12c333b7ad79fa750f3bab,2215693
4694585,25e70612b718df5a65c6c5c88769903b,2215608
4694641,0455911418066e83445e26e75d8d2f94,2215734
4694785,898c53e6a19544f12b45c88dc80d3d53,2146383
4695329,45d1be4a845e1bf83c25156291bad2af,2215969
4695725,d2633d8713f8d8563fa69af121f40f89,2216088
4695726,1d336d7afd2daa5208d7f2e4cf429c3d,2216088
4695956,bcba1c4e2e4045a91c55ca7ff30c95b1,2208349
4695957,b1368f2d762b2971a24c064b88055596,2216111
4696496,c58246b8b942dc934dd532b4b2ef1e6f,2215608
4696800,d6f82010145b6c50bcab4c1f62ab9e89,2216356
4696801,1c6dbb4c0e1e1ae72b76141e308f4531,2216356
4696803,1635f90f3782ed79b9f9147ca7e0a588,2216356
4697328,632c320385e12790a085a0f7d363b6c9,2076122
4697366,14688b5b3ac9656a1e9f9598b6321809,2076122
4697571,7aaeb070d61371add7af4d178de3ea28,2216672
4697572,1209d3607d2fec8a0e1dfb7514aa42a3,2216672
4697573,1340f8927c71a74857b12e43be8460c0,2216672
4698034,f2d744e7735be49dc6018eafa3f95195,2211531
4698035,3e7642194f776093f1141b74730422b2,2211531
4698036,d0b903cfe8617b4c950a66d0aab6e1e6,2211531
4698339,c3bfd134655bc390bcbd54d77897f1b8,2155969
4698340,7dbbc5a9eb4b2ef15e313155e84f7675,2155969
4698341,c9b83872832e3f914cfa9a949f5e603d,2155969
4698694,138cb2fb9cbe36a856ffad84801423ff,2217144
4700769,e13b159d07903f8575b3bcdeb0cf61d2,2217776
4700770,dbca91ddad7ccb787ac65ce32e81ec01,2217776
4700771,f9d7c97fda8238f3c031a47b4fa668b5,2217776
4700772,26839d5b9c44430622f0f1d84eb1bff0,2217776
4700773,40dd53eb333ebfcfdda4e647193ac30b,2217776
4701205,4c9e3aafee182bc889734321201c5388,2217940
4702143,94290d1968b223ab2bb0c3bd28963652,2218336
4702180,10d201bbc66adb6c215435afa641c142,2218360
4702181,18fcd6086692430fa9e754fad5c8869f,2218360
4702308,c865f280fc9fbbe4550dca03d29ab11e,2218442
4702309,5d77384f57985ece61b3fd6bb531c93d,2218443
4703175,235ce6d62c444b3af6831c270210c1ea,2218815
4703409,1936b6e4edfa115b2624968bc361bae0,2208349
4703410,8ae5825aaddde952e1794592a5860474,2208349
4703482,eacda2e8ef66ff935ff73c2ed835e53e,2208349
4703654,ac986b19a9d41f68df30b1e90dda020c,2219032
4703655,1271fc5bc9af7b3350164fdb36b36cb1,2219032
4703847,c6bfeb15882ed50f2563f74b64ac450b,2219140
4704017,3c3ab75c2a60daf8d388587756e17f53,2219230
4704160,affa19541202d7d9f85c79acb5e764db,2217940
4704261,4be0e110a8db0cfa4ad6567a25a3a67d,2219350
4704262,def89001b777bb365636a85d1c3960b7,2219350
4704263,3bc66e9afe475091340a6b82378230ff,2219350
4704264,86e444a3d94515b29377645636901154,2219350
4704265,37c4262060b29ef74c68424a3de53736,2219350
4704266,14fe21be5f5b57079299b46841a62766,2219350
4704405,bc32c3bbbcf371f3b4a70e238ac5a089,2219430
4704406,f9abd6fcf5550e6080302de683b41a26,2219430
4704407,bcaa8f08dcecaedd00237f7fa0c3ddda,2219430
4704408,46d3683836b93bbe2927392685d37243,2219430
4704409,e33ebb95d0b938364a396067d4ff868d,2219430
4704487,d9ba5a3b3dd79108d2d5ba3b7cf2d3eb,2172905
4704527,bb17af30f1a8c9447c3f2bdec86741d7,2218360
4705090,3ec9d5508bd86323f866cc5cbba4b357,2219679
4705092,4f81b53c4fc417d7707a6c6895e69d6a,2219679
4705146,92aea27cdcce7d00ecf3f948a819e992,2219697
4705572,eb37a05a2deed0788634dc5c4ba0a4fe,2215021
4705573,4fdbcf0c81f4d71fe2f33f1b3848b829,2215021
4705574,d9fcc2c6330d4f8662c4ed92a29be408,2215021
4705807,aa03616d26ce61f152622cad904cf65c,2199033
4705808,da3f4c2f2ceccc0cf9f18eea1d2a2ffb,2199033
4706130,15a2ea8bd89ea524a60dc503158859d7,2220140
4706248,bde40c5698f364db27f01399d8b0ac8b,2213181
4706252,a7f85c0c1f96c53dbedad48863bccab4,2144122
4706643,b572800e089bdf84a4acfcef6da39648,2220369
4706840,ec6fdab6cba047b48b24a156ed9db383,2220445
4706942,989279963a52e31a7ce352bf0198d110,2220445
4707542,fa3ac8a906c4e8379655fa8c8375e3d3,2146383
4707700,ea0ecc91b58647a6ba734de1037a14df,2220445
4707701,316e6925cdb98191fe22032e2a607eab,2220445
4707789,84c8aee60200c090ab24afa6129c01ca,2220738
4707790,567eaeec03aa644813e905301afe6162,2220738
4707791,c99360d64007d72146fd3a3ce6e60d6e,2220738
4707792,1daee5b158d65acd119d90b8946cc237,2220738
4707793,d5a85691dd9ea73fa1a4ea453156a009,2220738
4708016,986245f72d2b87443782404c0a9de06f,2220829
4708018,0e0025a5153533f0e00716d214110de9,2220369
4708037,fe376975b81696cfbc6e285ff8b72595,2146559
4708319,a2c1bb542dc3905e3e037c0be6bf57ef,2220369
4708341,a3e7a831d1523543728ad32957600c91,2220369
4708382,2041b2f0b70a702d9f1c51653b540766,2220977
4708531,9545f8c9bd35ffc870fcc87335026e0b,2172905
4708632,1761208338127e24136086598b0422ff,2221093
4709202,5c79f5f086c1d55c67823c5e66e05457,2221283
4709348,fff59f746d170af6cbb3ff18e4fb4f4c,2220369
4709403,11a529c461f04df938f74dac2dd9e781,2220369
4709458,70dd5255aff9cc50ffa0b3e7e64a9c1c,2220369
4709468,3ef942d43f107e6c4d01540224638eca,2220369
4709717,2ba9d50954de9d9306519a327f0cc43d,2220369
4709741,cd4b5e3a1a1b98736d9c5b348ba31d66,2220426
4709920,e260acbdf33589786c7c18a848100e56,2221034
4710280,322384856de6fd6c17a4e88b0431716e,2221620
4710544,4cefcb08767fa2ba284a9662662c300b,2221720
4710568,c19c66ce41b4b42de53f2b6914bc40df,2221730
4710569,23eeb026cf1b95faaa52db014d2bc334,2221730
4710570,1687ccf239f495b520a6d8e7ca9e68e4,2221730
4710788,d748e19854200106a7e86a377eae1a07,2221840
4711895,2c4190b09ad841380384441d5323cb7a,2222223
4711896,eb9284e84e06b4ea47cd24adb5a50069,2222223
4711897,11bd84e9cc49dcf809ee832299ddc0fa,2222223
4711898,e740902fb11b456c9b4d25fcfcfd990b,2222223
4712270,d989ab5fd0a74c84234de751776734d2,2221720
4712350,95acfaa5f462bee50213b5974ce2a8b4,2222380
4712535,4fe409d252e26576d43b2cbdf18a7faa,2187770
4712641,c2428c669d5e4175688e9b1330d40780,1842152
4712852,424cf835de952d2720ca3e20027587ce,2222536
4713153,8a80adc562285b3010e010c74c770712,2222680
4713243,9f0484f75bc4fa54290ab668ad0f4a6d,2213181
4713413,8126531d387ea4e8877f68b983ab5306,2222809
4713678,86bfa1bb61c30a537ee29056b05a8907,2221720
4713750,1579935e5a081843cb0c7ed327ea67b9,2222971
4714092,b5b28af84b7a78003ae7235fc1eef821,2039336
4714503,61d939d3c4885a6cc4ba290123bf4989,2142723
4714534,9f8ab5d8b3e5a1686a9d26600e1aee17,2181438
4714698,2ed68371d7b7e3ac1f6d961e1e48656e,2025706
4715075,98f55130658a850e405b52c479fb9c3f,2223535
4715077,db7f7a9e0698ca9be4c87af699f34927,2223535
4715108,5d36c094ec47d41732f74f5f8b6dd2c7,2223535
4715215,1a4dce1f321733961450e2cdb994e165,2223535
4715251,941cca07d3d60b066c641335258207ce,2223599
4715252,ea1b9954ed6d3d9c89a7dc06338e5889,2223599
4715253,4147ac6484486c3b54bbf4816b1c9e42,2223599
4715264,2c2248db0154edaaa63b7a2c27c0a232,2223599
4715511,10430fc267c113c470051e36f575574b,2223694
4716022,1176ba747acc3065ca11fe64f87818a5,2223905
4716098,e2e8597a6ee12d231501a429cca36081,2182214
4716309,c35e034895d4ee6d1725871cefd6d26f,2224035
4716310,7776206e0e8737b83b0e568c178c5816,2224035
4716311,ab48fbfcd720fc8eb02db26ea1d880a7,2224035
4716312,9a30c0113f5b46778104429865fc0361,2224035
4717136,e0900abfb0ef95b54046c757b8655a37,2224218
4717391,4167e72f6b300c83894baeb3728eb55e,2224325
4717422,f2117a74ff921cb9ee8f838e843bb65f,2224325
4717423,5304759642d6a5e9549c789eb35ead78,2224325
4717454,882ef52424e063e78193e2553c7db1b5,2224358
4717531,39cfcc4d5d4ad8ae37a2f0c5ef9130be,2141261
4717664,73b96243efd6327cd52fd77c55635374,2216088
4717894,6fd747ba5854840e6cdbf3d8c7b41706,2224538
4718052,c1d4f1ec84873ad345cbbfb9f64a887f,2130605
4718053,980836c822cfbff217d60ced6aacc0c0,2130605
4718054,d601708ab06cb2d841e41d1dff7d3bd3,2130605
4718055,9a5d91e0606158e38fcb7ac7f6311be6,2130605
4718204,48f9a2307ea67cd3980881b61cb7a095,2217940
4718826,2f30710c37573733367fb260d20c004c,2224883
4719171,ce7c534f997ac9228f8261ee0a104b2d,2219679
4719462,c8c08e3f7ea677041354b806668ebf73,2194306
4719761,52e766ba0dd727384fa4d82b5efeb81a,2225091
4719981,5ebfb7c219d7d0e90484e0573f4c080e,2157751
4720169,4d284b584f18e8b19d113695e0755ac2,2218336
4720170,8527418bdd6d3bd0641660181045b595,2217940
4720220,c0656178f4a510781cef0483db09bf79,2200770
4720274,81cc913fbe9eedee2cb96303b9668fce,2217940
4720275,856ec3ac6f52803996c1070b08daf340,2217940
4720308,5a6f894bb52d5fcac115a86d249cf40f,2225367
4720310,503e348a687ea19fa13ceb9d7de676e3,2225367
4720315,da66246980128a75e17f69bdcc3710ef,2225367
4720372,9d3dd85dfb11749d69480ed6347c5d25,2225397
4720373,ef322bd86fd058186490e4433d8ff02f,2225397
4720374,8268166e7465272c9d17861e3557ada6,2225397
4720459,7dc1e45f6b682f4df2bb9aacea205486,2219697
4720906,6e042ee06fb7d5dffc2309d764366916,2225599
4721036,3775f65f8c6c1405558b23943d156a70,2225660
4721968,31e676b9dabd668ac309c6f5675f2e0d,2225660
4722348,cec0a94f86bf12f82f470db13350ac41,2219679
4722994,77d9eab1ca765aedf881a55ae42776d6,2216088
4723159,6b687f7ba57a399305020702f7c81302,1542320
4723363,53d7ed5d6fd4c4aabf5fae51003abb27,2226584
4723364,662c42d114d1b8696607e81c37647e94,2226584
4723365,861828aec37e4281a3fe8b15f4f908f3,2226584
4723424,aefdddee3defb21bbcb2bd212960e6f5,2226603
4723957,d9f58eacd6a982883fd1c21485d4ff8f,2225367
4724902,3a6415ca72014f875e1a9b0ff81f78bb,2190293
4725481,838b5be7eb8dc8cdac6e89e8c39f3208,2223694
4725742,7017e1dd4ddc92cbafc7aa7f1a072b08,1854516
4725743,1cbe0dfed478f2f5ceee79d54c4c4f58,1854516
4726145,2be183ebf77541e7ffc30d8aa5c3915d,2227714
4726146,9637ac1d72a0460f0078086ccb3b24f9,2227714
4726147,709671de173fd0930d1e594288982308,2227714
4726148,dcd30493366ad953f9efaa51977025d8,2227714
4726277,ba8bcde6689d4b0c330a6573501bd523,2225653
4726446,50631c957581330a09051c5cebf4fc27,2222809
4726997,25450ebf386da72a8bc8e04a80313bda,2228034
4727792,a5d32549d98f4412f28b2a8345e8d88d,2228330
4728482,0205590a1c4c8d1290c7f4cf38e99a62,2217144
4728836,67824831356c7401be5e194942bc7eee,2225613
4728837,a57e980f13207e7b00fd7cd558870845,2225613
4729444,e8d4c10a6567b735ef6653f14eede4ea,2228992
4730418,8318c2c357b25743bd07e05c2d4d87f0,2222809
4730592,9bced68812fff5ce1d0e4384102afd20,2190084
4730593,71ab840a93c8e8f76bf3b13424403151,2190084
4730594,67673fd5b7b1a8312d0cb1e1b70d380f,2190084
4730859,510398c69704d67dfb0e0c623c9f9cf3,2190084
4730900,a642832b1f3671bf2c4fbb99605ec825,2221787
4730901,38d98d1bad27381f8f747a466b3c9113,2221787
4730902,b04ae852394f3721b9a5918a2629dd91,2221787
4731780,31a4076fb726ebeaebe45ea616b948a9,2229913
4731813,ab33d965ac78aeb57059cbe1b5f3279e,2225613
4731842,af164beb4214a3979e8ff933e7a9297d,2229950
4731843,189d4eaf4d07779445ebaae1b083238a,2229950
4731844,dd0057f7a10b5a083b20b04881d2cc78,2229950
4731897,4f8b6efb9e3eb413105e58e6ccddafa3,2229971
4732089,96965a5d7ab7ec742ca04c316427dafe,2121893
4732488,70ceb985ea1afcb27bdea6f1aaff151a,2230124
4732521,0f24cf31fa775d0631280cbee3adcda3,2230145
4732545,d5c89da31a59299b5859bb536d0928cb,2165373
4733445,bea226ea4742e433f8880a1571161124,2229913
4733736,66318c05d3d76e55137196f3b047a1c5,2219350
4733737,caaff36305ecb4fbcb8f960cbb2b0c7b,2219350
4734881,034e5935cb239c3ecb691d5a476fa7e8,2052341
4735108,323abb2101df64b21ea9c2842c478ca9,2231037
4735379,443729bfe3ef29383202eea3492a230e,2231151
4735903,bf75c9776b766adcf858b778bda4ce35,2231331
4735904,5047ac2e49fd0cfb6fc63477871621dc,2229913
4735905,2ea80d3909c0ff7f997d8bd6d4c4c418,2229913
4735906,dbea62492b7a64d25b91bb4db6f825ef,2229913
4737035,bcc30af608647e9ba3ecf1a717ed2edf,2231037
4737178,98c163f667e9f4b3bbd15a62204f2dfc,2206847
4737179,70d59110e5b09310405fd7a60d1ccfa6,2206847
4737180,d0a56ee90458ff1e7fd51bc83939384f,2206847
4737181,d5d8bedc0dc2f007c501f6f1ee111b4c,2206847
4737182,a738e7a8686282f1c43e934c086d3e2e,2206847
4737920,4f923c30e2eb7bfdf18cf1e3d6bab2d3,2226584
4738133,54f929feddf82aea6371cca3a1f83b04,2232150
4738138,27675fc2f7cca8906abce2d119ead9e9,2232153
4738139,689edc2acacce7bd913764968573dbc7,2232153
4738140,b40f32f8c4b5be94b7e5ee5cb572559a,2232153
4738141,02a910a6c85f8d9df07d2c62c4db044c,2232153
4740770,4913182ff46ef9097e0e44152049f99b,2232770
4740910,764f60a8e1591f568b5fb00b622032b8,586954
4741450,e50a7a5f53b2dc32be023c365c446805,2232941
4741451,373589ad2a997aaa506a89f841fb9df3,2232941
4741453,b77e461e0d7b85a93bd3ec4b144bef24,2232941
4741454,b01b3382fb02a06af595f4f90b1efb5e,2232941
4741617,856f312135a00531dff29a981e022255,2233010
4741802,f39e344d953ff609673f0ccac85cdb0a,2230743
4742361,131174d234e6a6550e773ad8e1c828bf,2233240
4742479,ca01ce206f9e2cf95ff882d0d824937d,757340
4743209,fa4e5110e1756eb777512d9678ae6922,2233584
4743360,13005f4ac4f31f4ec55f4c8e695373d7,2233657
4743677,f2943f3e75931d53264030b8e2592c45,2233240
4745257,4759407883d44149ef7ee447f72f72f9,2233240
4745303,d441240225e1ca30c5db8be1cbdb5be8,2233240
4745367,671f6b76772539886557205a51d06175,2233240
4745376,235dcadd30f8144e59c26429541e50f5,2233240
4745915,65db20d9f7cacd6f8fc49ad5f9149001,2234425
4746245,b6631d454d4b4af983d40779c0ccb057,2234518
4746247,22ed8110e8bc1ca6ce627c902b4dd23a,2234518
4746248,8f7cd027a7618e42b363919d306ce3fd,2234518
4746373,d54fc76d17f937a4fa0a25510eb101db,2234584
4746387,bf2a8ca59db283d7724405a63a70f999,2234592
4746388,177e7ff0c6e42a0e5e7b3f5eb3793fbd,2234592
4746389,8ffff79e5ea8d8945edb38596b478371,2234592
4746402,f3fa6e2c94df54df9d2055865919e5ea,2234596
4747442,dc591b15abf3e973b36963a7bd6ef80a,2234881
4747484,a4a575e6cf244b46cc6635c50cb715c1,2234897
4747666,3b4924877bca78dd765bf5749c7e40a0,2231331
4747761,696be93cd6d22b76c7cfdfbd438b20f9,2234897
4747803,bdb61a45c33312e44a1b7d123fffd8a4,2234518
4747805,7e507bef3d001d17480188b65854fefa,2234897
4747806,766e84f7e0ea43446e1c81640bcfbc4f,2234897
4747808,36285b70b84345beee053010ecd1672c,2222809
4747810,980ead5ca386fd16dbdf1924a55af64b,2224218
4747938,c014717b2c2aa359a617235119e8b101,2235140
4747947,538cda216a75950b79f06a13a4c7989f,2235143
4747948,396fa597c3e0212b18fd5dcd021f0b89,2235144
4748545,40757b4a20242ca143915176ebcd2a59,2025706
4748613,729dcd46318401f9790ab38e7ced1aa5,2235435
4748614,7c62f254bf0c0bb0d8fbfa9996c89710,2235435
4748615,50b726afd989144c22a0c879cba5c89c,2235435
4748616,725d6d742e0ba1e2b750c49777698935,2235435
4748617,2f6a80b0cbf3ff767663d2404629e105,2235435
4748668,73989e6edf7891e79cc6fc8a5d382f0c,2235466
4749093,2503286210e2fff3314c0cb93ff3ab96,2235627
4749094,f86bdae661fec043e490eed96c47c11a,2235627
4749096,2781bb76df44b33eeaf37d7a90a645d5,2235627
4749097,d1c80c6c72bb8b40b0f2965ec73f6ed7,2235627
4750386,02a33540d3675ea1e740810e6431e8ea,2178391
4750391,cf6fabc350043d835429657cef592e50,2236202
4751904,43a6a1afc9b9dc7b0058df9d1c883c82,2235627
4752074,fbcf855d322c9096e9fc1087ada8cb5e,2236810
4752075,0588903692077a29c687590cfe71dccd,2236810
4752076,be1a8b29c68cf6d6089b50575d1c5f79,2236810
4752077,a7c1b94257767947c7e2b7daf1b056c1,2236810
4752078,6e0147e2e44491024bf654073769e12e,2236810
4752079,88714c59bee7c32df490b9825c1ce599,2236810
4752080,0e2842422b48efc090cf390003bea771,2236810
4752081,eac323a426634620d144d8731506c4d5,2236810
4752256,59f47c728c98837a23a16fcb9c36834b,2236887
4752669,891e6ac08b419e31cbb5e4989033fe82,2237062
4752670,751846467ddc5713ab0ab6d93c5678af,2237062
4752671,f9ba59a030808327887d6877290423cf,2237062
4752729,bd88d1c9679ac7c04027323225b7ec34,2195531
4753188,561b9394dd7e2d0c0d013a7ee1daca39,1892177
4753405,c3ba2307abaf2a2c3f9771f73f52c5ae,2237256
4755130,4c4440c373387ec356987450945a9120,2223535
4755160,8da8b792691491c7016323a4e170c6e7,2223535
4755205,2de28dc558c638fa3e0cc59a6468f5e3,2211311
4755367,4efea75286abbf67ee5f39b95fe337b2,1584414
4755965,7f102d011174f3e702ba844dd2d32563,2238283
4756243,98a541514e5a29a762355902dc750b7b,2223694
4756288,3408fb28e04feebdffbf525caab4f74a,1824189
4756699,1d02ae14e01e4a606a711775e694c720,2178391
4756700,702498bbca7eb0bdf38cccbe65edb187,2178391
4756701,fd1a599acf9b353f1368a963dd724f2c,2178391
4756800,a67c49c670496606c23ec8594d5b6a09,2238570
4756867,fa9f50f2f17715f48ba2810b3a002e18,2238606
4757059,a94367ac06f217f2cd1cf98e0b2db1b3,2238682
4758224,edd24fb8d7fb0d936c81ee23fa3fb205,2236887
4758759,cb4e181578db1993b0365311897fc9b1,2238570
4758937,068ce013a6f4c2c9e543eb0251e43a46,2238570
4760080,3d0093cb4079d27e2ad630423e6a70a6,2224218
4760381,83d93305388f6c6b2ed76206977ff471,2237062
4761246,b4b4f085959b2c37e1995e25ea1082fc,2130605
4761320,57946af097962df3f2ef0ff8b14183a8,2236887
4761385,71bc41ec9eedf854433e93f0fcb61ae3,2240334
4761386,de6ba47c469656fc2f7d661e87883c7e,2240334
4761387,7ede041966f43140d96a180947ece087,2240334
4761388,607720c7b92372e188ec58326b6a12ed,2240334
4762383,9315effe934ee871d98a26427c024930,1854516
4762430,03fc45e5af2d6e5aa51899edd2f55625,2236887
4762582,dc2aeae59219b37940a4e102648dd35e,2211531
4762633,740ff663d3fd6ab3a6a6f2d4baeb48d1,2240864
4764181,1c0c06e55f5b3c3ffe9c5d271d2fa222,2241559
4764313,9fd09111c2188448707b4b83cfd24133,2063548
4764344,8749fb1e62d53588d1d1e917007675f5,2106008
4764345,96d7ec51fe6b87f9734d31674ebae779,2106008
4764518,e783fe150c5bca6936b13e460c5b71e7,2220140
4764591,9f42d627a36c8540488ef3caf9e4b270,2241760
4764592,d159e5ee01a0c8bb30c15598aeccc452,2241760
4764594,2567548d5b09c450b3f7a1b4caf294fd,2241760
4764595,bd8895fa7cc32757a9b85763399a4672,2241760
4765590,8d5b6a3a42867506a218d4ba25effd8f,2138173
4765591,97b6c031788f67f70efc6aba9c7ba766,2138173
4766438,8d2fa74d7bc8badb7dba6ecb58b54921,1222586
4766468,69b910c8c689711874c4c9248c4e92f2,1222586
4766469,cfddbaab62d189b2a19bbf42ea837bf6,1222586
4766470,a301dbc154b96810a452d92f540afe4f,1222586
4766471,dba450263640169bd796441df7690dde,1222586
4766560,bbe9ce5ed11ec3477523f0026b43728f,2211311
4766759,65caea28612d149d7421010cea0d7736,2242640
4766898,51d5f591b5063f1edc7774b2a5de3fd1,2242700
4767017,2265858ad6dd9470a668c0bd6291a3d2,2093950
4767031,4a8c477f6507570c6b15f6d2ed074313,2242700
4767032,b51063ad9db0ff9dfaca05bd94a1876d,2242700
4767070,3a4c907d8eccc7bd73458963dcc54c06,2242700
4767096,791ea6acab43913895bb86e092240517,2242700
4767837,ef920cd4cf7d0b4866cbe40ec05ed575,1670325
4767838,f810a54907e8c3a656a8ee30ac4eff83,1670325
4767839,5192539cd6163e837ad0ebb78d07a108,1670325
4767840,989003040fd3aa2eee3e5796791816f4,1670325
4767845,fd22bfb5d861bee8832e77a64c0d168c,1670325
4767846,40328d2307fd523e8d6fb59f657cc5f1,1670325
4767847,aab4e099cf4c0e19bd464f41ecbf81f1,1670325
4768549,127df2cbf1edb23e3eaf8be0f7a58f7c,2225660
4769075,2df6abfdec2c435b690846f416e55208,2243512
4769076,2f218c09e6e1bc73a7b38f1070e7d4b5,2243512
4769077,580c62790a12ebdee1f554ebb3da578c,2243512
4769078,9d9b36bb09282da3285d77c044eed6eb,2243512
4769366,e37504c166d26329a68eef3deee1c48c,2216088
4769693,1111744d77ca7f25cf5a548b106fc37f,2217940
4769848,3e549b5f43c53902afd10c9c621d10e3,2222809
4769860,0cdc7ed7520210ebc68eab0c654d9cdb,2243822
4770359,ec5938e9b44aa08989ff160a131c2a30,2243822
4770403,dc804b09aa40c469463a8e69cf85e209,2244060
4770405,83dd2f922f89d307ab43f95a41177d07,2244060
4770406,f12527e3cee8aa143e23e0109017594c,2244060
4770407,d23f103247096f020d920933c18d7e2f,2244060
4770548,ca8c65b4f8ca54df5560e7efd02a7516,2244128
4770607,83bd1d0476743b9b6300773c5b5811cf,2203456
4770817,d356ac0635a4f7f80ce7be7b580f4977,2222809
4771007,9d9b5429aa665d27b6873e9bbcad99c4,2025706
4771471,23e50e1a70a916f8905b9a5202b63231,2243822
4771563,0a3f448d998cfb00148feafe6bc7b7a4,2243822
4772182,6f346df4eb97795fc4b509a5c13b9172,2244768
4772686,cdd4d16b46e517f975168b4019bef119,2244982
4773176,6bd2f760fd2f7759b1aeb6743f989188,2242700
4773429,23455c4d4dfdad738363ed970b9f6cc8,2245252
4773657,faf8b88857cf6f42eddeaf3cbccc6c84,1766981
4775481,537935af09449f8c0235bd4618b9323f,2211868
4775626,ea6bce1d11caf5004392e70be5a5218b,2220140
4775627,68ad8761dcd71a35334fa42df0030964,2220140
4775636,37ee347e8f3bcffe89836d704e6f8693,2246218
4775927,95e28fb9d0a28b9e51ca478e8560ebad,2246343
4775984,79f90464455b8a3ba582a8d9b9485a51,2246375
4775999,aac57834b4a3fc2d8b89be0e0bc3ec9e,2246382
4777011,d041c870e607186b87d2429198790a97,2189113
4777937,b4614d847dee0b29e7ce284ff5cb7891,2247080
4777966,236b15e20418c444532c76fb5d2552c2,2220140
4777967,7bf8ee43020f2a7bb9c94bee3a7c7412,2220140
4778171,6e8fbf096a2c4fac9feaecdb44186589,2247182
4778623,cba9bb0e6ce4aa13edcc620ac94a4c70,2247399
4778989,2b48891a40874815a10c256d8bbc59cf,2247538
4779022,731dd8fbf8f771f59bb73bb206d409b6,2123098
4779354,cb20ecc2f95a9dc027c1cdfeaeebce73,2142723
4779471,5e9a29df539b6fbd54fc4a191dddeb8d,2244128
4779489,217f5ec47181607811cf6f47ba9ced01,2247839
4780234,7f7fc2c62443dd0ca5aa97c41f39b398,2248167
4780235,f4c9226bfcdc983c8aa79a3823611216,2248167
4780302,5d0d149be1d8dc359f59fe689ce974cd,2248194
4780303,dd011edb1a69c35cd869d05c39f556b6,2248194
4780803,14c45c22ac67ee3e022c6a51eaf511af,2248194
4780804,b210480bfebfdc6b2676387744ef631e,2248194
4781351,bed4dfcc2712ef224bec78212be8e7f5,2247182
4781982,1daf4df9bc4889800395514fe5281c35,2063548
4782552,b2ff178f111379143e45e7cbf30efd5d,2247182
4782602,63820960218a18c7c12d4bfea17b1106,1143855
4782616,c915c862956a058b808752480921f7fd,2249088
4782617,7fda0d02cc6967dd2f339dae519e293a,2249088
4782618,1e9cc03bcb116eac443085f1f5f33cdb,2249088
4782619,0d15690a9f7a6d14dd7eb944b6276ab3,2249088
4782620,198d85193b4da0ec413e97e43f8b20e4,2249088
4782655,6f1cd7335f09f17de636e9aedc2b4bda,2249106
4782958,3e137343951fe22d9b63157fad02b6cf,2248194
4783155,45141704b545edafd080f049f56217ea,2249309
4783614,d906220563ad970b585776e1a388fcb0,2063548
4783717,4678a603666bdb479a4cd2fff5903e21,2249518
4783718,fea0edbbd46cd31035eacb2452012576,2249518
4783720,17bf6138055c4f7458b8d95f636ca3c8,2249518
4783721,1397d39496080a027491372c8bae18b6,2249518
4784008,5710efb159bfeea20022eb8e014bebfc,2249616
4784390,4f77665379f7d60a94c5cef30bc23374,2249768
4784482,7f4a4b245edb4a0c367aae4abb833a3a,2231151
4784554,a854dc44b974bfd0fab5738ceb3f80cd,2236887
4784598,d76370354443476857416f023d1febdc,2249869
4784599,52ca55f620652e1e5adad3bc06acf997,2249869
4784601,ef02e84405d737d9d2c9d3aff9cb271d,2249869
4784603,de2a55295c5aa85cf25540365d0351c7,2249870
4784642,369b68a6bb0f527b1dc1b29c6e9f8aa9,2249106
4784819,b7958c2d72b30ad2b6a28f74fe38bd34,2249870
4784820,e16d46236dc8fe11d26cc6e977b08124,2249870
4785137,b7b30e9a393c5a2f157543d7aad2682e,2250076
4785138,38146c02f1c712f8553789d470ec79b0,2250076
4785140,676083f49a1904a5cab3eebab8560224,2250076
4785141,3ff29e3195457e81734b8009dbf0fb56,2250076
4785242,1e1fd8c6f767a0b8ab85b69fb8a586df,2250136
4785263,46ac46df913a890e985ba7c9f77a8f22,2250149
4785264,10f8601ca6cc107b3e9ac443fa5e0c7a,2250149
4785276,d32040fadae5aea0412064a50d9d85f1,2250157
4786044,7d79362792b37e77d4398a46aba05c96,1985016
4786302,f0a2675a88bf1f05e3f674672c2cbb0e,2249252
4786337,b1f71241b8b4fc1032f92f6fa683f2e0,2250586
4786702,36e79ce2c26720e24d9bc430a396008f,2081242
4786910,ff751a6e4a72cedbe3aec2e33880182c,2250850
4787774,6d73f078ef3d676e5fb6082708ce0d28,2219697
4788383,1689dfb86b23317239023dfeca714997,2251497
4788407,daeba1de4c3fd9462970ce8468b60bfb,2197205
4788408,8410bc74a8cfb78e4c3fea33f64b74db,2197205
4788409,7c9460742b789fb1a5d218cb54aeb5bc,2197205
4788540,0fe9ba40fb7851ace4195527b0cb3ee5,2251546
4788586,44c4bdf337a5e4ab0a4c0f735576f897,2251564
4788619,fa14270e0578b1c5818ff1b81fe7c848,2251577
4788778,03237fd02b42b2efa42a64860ae78ad0,2251635
4789000,b155fbab4d63fdd8c80382948c3ba140,2250850
4789195,e5322633cc39ebca71cf21330a13ce02,2141771
4789196,ffb4a8b1a69e1e8a769c0fb83b8eaf67,2219350
4789445,d99899efa65a8f03388ea3567bdda16b,2223694
4789446,0f8896fdbcbbdb249938d8bbe2161be8,2223694
4790807,987c28bff49da2788297c7a0b5a9a2fa,2199446
4790930,bf5afe53f62e9800c97134430fb657aa,2107331
4790931,59b576bba379a5b8e6115aa20e6d073e,2107331
4791075,500f696bf23a1b7b92352dd596782285,2252594
4791162,f1843ce7b6065948adf731678c539fff,2222680
4791401,f54d95cdb2a9802d84bf0179cb8e9efc,2250850
4791432,e56400bd4e39457fec80fcc7499dafb4,2252748
4791433,58055cea9bbeb2da967b05369e3e3dcb,2252748
4792235,e35e85e8004bc2465802aff90352bfd6,2253116
4792738,212462014fd20f57c9d851b271fea680,2253116
4792965,cec48ec6cf5af9bc5915c09bd55b970e,2253414
4793932,659b75e464c3980bde62b72b2cffe002,2253116
4793968,439d7e37ca5712234b15d524815efbdd,2253773
4793969,2b216f2a890c6bbb0dcade12b4407e7a,2253773
4793970,22db80d765f7f2b5a5a33b1f09ca2bde,2253773
4793983,7f1f5a570e64199a3c916eacfa44552e,2253779
4793985,90600ed0999a26fabfa79524673fd454,2253780
4793996,c46985bc4bc0710f4e6e7b3eecd64812,2253784
4794332,9a31eddd968c9768ad035bc8406a501a,2253922
4794333,6919376cf18923545353cf8f99c53081,2253922
4794334,157cb092548335819e01b428e5c6a13c,2253922
4794335,23b14318feda5f57a208063b0080b2b5,2253922
4794336,1a9046a4ae23b667866b03527a8d8a04,2253922
4794525,983bcce1f0c055ba1ec4b3b1989a28cb,2253988
4794558,53b3ff4252825ce8ec8e1c67362e0e3b,2138173
4794593,31ab936041884fa29c3d565bd5a46f36,2219032
4794819,f609635512f418d177152003bfa1bad9,2254087
4795035,63c08565b8f127abc0ca16e338afe28e,2254202
4795240,b7ade3451638a4e9d930ac80f3e71f66,2254087
4795323,b34e3c52b404fab2c4172cf8dcd0e112,2254325
4795605,d41138208898e701987df0682398ff0b,2254458
4795606,352ae7f647b4d44e8ee777bcccd3411d,2254458
4795607,ff4fcf0d6ca2d7567a5282ff8f210261,2254458
4795608,7347f6a65beea5cc259d55d04acc7339,2254458
4795980,7d0cc002cc6360ad768f06c695dfaa1e,2254598
4796042,8ff686c9021273d25a202b6b6b1f456a,2254087
4796043,76faaf5cd779104a9027b05c15970621,2254087
4796366,312f0150ea2bb492f11d19a1bd843c16,2209085
4796393,ee6aaac7e32883349c7c8ef1c06b7eea,2254787
4796778,d8f3a33fdbcb971841397ea105f17679,2254939
4796787,edc03668b91a204a43311ac4a50abadc,2220140
4797547,abbc0359073b66fabd420aa92cdbece6,1175057
4797663,3215dba4e8c937369003efcd7b24ba55,2255300
4797847,7e8defd01b3a9c3cb7349f0014c8fec1,2255371
4797848,40b783cdc3aeaa9f15e434e2cd494de6,2255371
4797849,2d9b91412da702f1799c464da111659a,2255371
4797850,50e45c922ee37cb0fd0764f5642a6b79,2255371
4798351,5af05dcd90ab1cc56d980be9d35758e7,2255571
4798494,bb10e0b0ea56cb8a361d369fd88f8800,2255653
4798547,e11843bae47025e3b95c5bcf386dfe2a,2255671
4798672,802ef0aeb5094a86638ce3c79478de3e,2255729
4798673,49b60775d15ecc8eb009e14c09045f4e,2255729
4798722,9237b7ef8864468cba9855281422fda6,2255758
4798732,d5378338c8749b65bd125e9e2a377bc3,2246375
4798862,2b661b5151bead2900e3a2ab2c9abf13,2255831
4798863,41a2e0e4a33c1256f057c7aaf4172263,2255831
4798864,ca2a8c81b67133f271e2e6dfaf07f676,2255831
4798865,ce4252b3812d5860dde9f5c16b0fa500,2255831
4798870,d45933323a28c1335d022ec2917096d5,2255835
4798876,8f7c4aab676f2607d863c49d0afb6397,2255834
4799110,39439da433bde1cae5711b71f038206c,2233240
4799114,8df431932218e244e1f5a6928dc774fc,2255910
4799115,942cae6744c17e2faf09794cccb9c1a8,2255910
4799116,14f25f969199e38d07cf72729af8dff7,2255910
4799227,03c3d3c479a717adcb27f6a690f458bb,2255966
4801044,46a8c9d4988118eac5e2e3c996e3e704,2201473
4801909,8803cab51edf3807a27e56376bc1e6f1,2256821
4801912,954b8ff87e9ce327433b2f2659478a6f,2250620
4802257,0a5a4ea5546ce3c4d7bbe8ca83c108d1,2256944
4802258,ca53415a3834202129aea5b5040ae987,2256944
4802259,214bfcf68bbd8a2c7e66669a922f694f,2256944
4802260,f3beaf6599417ee943d9f8410d8c7c66,2256944
4803663,1234fb40821eeeb5d0a81c0a080c3578,2246375
4803815,e5aace34afe894793fadba490e8ecddc,2249869
4804947,14ecb061fd9a1d69b3face33c8173d14,2250620
4804975,5b5ccab1f884f47c6aa286ff58c95d5c,2007015
4805027,826245de89f210388b44d9165c9c71b9,2258149
4805028,754b1cae3271b9222803a66a5c2e375a,2258149
4805048,c3eebc52c46024b44d6eb0d6f0c2bbee,2258164
4805049,825079412f16ce9d9175891cc2de714a,2258164
4805050,5ed56bbc05a0b69775d9a5ad3381aaec,2258164
4805051,538c6a03763ae885974d60bf1d98dd60,2258164
4806301,433abdba6fe10e27141564ca8ee28b70,1033403
4806493,d82f590786aa1394898ed8aba4cddf72,2258384
4806652,ff005042b2785db0392576db5a37d4f3,2258775
4806694,a8d4780e41200da72fd3c49b98dbe96e,2258793
4806695,68ad13b6350ced40da4a742b874da8cf,2258793
4806696,6660c4c07dc9ad4a7748051846bc9800,2258793
4806698,25fce78842ca19c2a9aeaf6c1ad037df,2258793
4806829,306f491c200703d26e924e6b9aa5c133,2250620
4807179,97d3b48a7be996f1ca388fbb99918ba9,2258999
4807180,db15424bc83e1c477b4aaf2cea61c70b,2258999
4807181,0e2e791eaedad150a5ee7639b76343e7,2258999
4807248,4ec64908b1a74e524e258ccaa1f3cbd9,2258999
4807249,e3ede44240cb96b7ba4dee586f6b5bde,2258999
4807251,7229502a491d0fe1e3d33805bf7f78eb,2259021
4807334,c3ae71f4e4ae2547c51b1f6882a6a47d,2255729
4807526,998f059b13c5f9a039731c204d9bfb4e,2164405
4807527,c2a39a23e1569fe971f6c65e1e4acf7a,2164405
4807729,b69323e3c0833b0c4f9846762ecb6950,2259178
4807865,10ce7769271d64e48d7507e2d834a62d,2259234
4807866,cd9983f2bbe7fb3439dd1eeb0dc6d971,2259234
4807867,b0da90ff89009c17bbff41c100cc5519,2259234
4807868,ed8deb30210bdbc417c1bbd76473a1a5,2259234
4807998,ac823a2f9df65309b38c4bb74f1c0128,2259286
4808052,713be6df8a47066a7baddf0eebd3038d,2231037
4808336,9ff8a0d43256896c33b9e44938ed708d,2259433
4808365,19b74f37dc36c30bfa624872ab91de8a,2259450
4808366,5de5a1452a6926eb1c9d6868ccd9835f,2259450
4808368,a0e20300e99933d71567d7f165e9a002,2259450
4808369,9c65c56d2d5ee3615417394b18498d39,2259450
4808382,1f11d370934506e0d500e86116b8d957,2259286
4808422,831b096b97193705bdda5fa0f321b1e4,1696327
4808666,73797e37ed71a35fdf456f2a1e0c810d,2259588
4808857,a87cfb62fa5474238c129c0b4866224e,2259234
4808962,3f96af4dcce49cf08da23720b55162fc,2259286
4809021,e07cf9f487013957e71e72381f1db3fa,2259728
4809367,7f0f74060000eaa652d5202d52989932,2259859
4809472,9cb232917817487409daaced5d72154f,2259890
4810158,8b11ee2dce50e642b814e89511006bb6,2259450
4810197,c4656ed380d5610a068102722decf1a1,2255571
4810662,429f8a5da27cd95e7ed0d073bd0c13b4,2260328
4811291,00f908776ecab6ee4b923a905f4cda94,2260598
4811806,2d65e75bf9e934e7f4966529fcaf0b0e,1892177
4812611,15a4411d67bd7c647151bdcd964cd28b,2261148
4812662,e431519cbe94ebae5835449a23da1d96,2249870
4812754,c0bfe651af0534cf2218d587fe3b6263,2259728
4812867,6edb7590ace19c3377e5c8d1277972a5,2259728
4812970,db6d1edae4c6a3de6046ed99aaa55c66,1925503
4813433,63ee1bb875f81293ca6339b4a091b0c9,2252594
4813972,f5c762ed6d84017493e5fcb0b4de6bad,2259728
4814030,b139a58959eedbcac3c3b78d9e43e7a8,2261727
4814520,eeec1f26a1049d730937eb6d3115bea8,2255729
4815045,cd442e1374cae0bed9c644b4ad75bcf9,2262089
4815046,46167f5fffdaf6d3bf60bdaff2b29fc2,2262089
4815047,7130902c2404d09f2e090821e84b9978,2262089
4815048,3b335a17fbd4b7fb246018c13337c036,2262089
4815227,33c583247bb57b6623008fdd7e78c946,2262139
4815716,4062cdafa2c239fb73c83359c8b7cc51,2250620
4816094,86acbc6171d2dfa9a2d08046d7820d0b,2262507
4816536,86e7be43b8bb45ea241f9243c2f07c9a,2254787
4816787,99dbfe879f2d34ba61d398dc123e8f45,2255910
4817518,11f8c8e47fec7f9b5358d1b3da673f01,2263141
4818048,50f35ae5dafb9b46f2a223a6352ddaf2,2263362
4818049,d2d614dfd4009daab5e63ae632a63823,2263362
4818050,8a34a9f4ff03797de5c589845516ed15,2263362
4818051,532c2f2312f9c507ca5f238a030551a7,2263362
4818588,aa5c4e0776e51f31476618c8e137325a,2263581
4818725,46177412b53b2dc444e668becf64e45d,2178068
4818950,c42a25fc7bbaf616ce376bd680b05951,2206480
4819052,4b750fedb894ff89ba18e43a6a5d706d,2184200
4819053,927856da871e0be8715e1c430f75f644,2184200
4820088,3f75b2c377722a1d534c38bf9b0adc47,2219697
4820395,c2bcb3b0809eb85f87ecbe0f33fbc9db,2249252
4820591,344b47e750322141fdd341eeec0d5c33,2222680
4821124,524e9b745363a8a51a6856b43b8b79e1,2222380
4821170,10773bd78e4ce69488e11a4f06708fa4,2264588
4821461,ceec6775e9b774900491cba0e9d0a2a1,2264736
4821472,864c4658c485c06e1a25e3f14bbc7b1c,2264739
4821567,200fbeaee3c3535e935c7c2132286137,2261148
4822088,5dd2fba14ac031dec1f70e98349f6052,2265035
4822089,67c8170a51999a73184cf0d9aab9c809,2265035
4822090,a3ee4ddcecfb7dd9f5b58117106ab14c,2265035
4822091,32aa8da389630f9d9ee44e71f0da7e54,2265035
4822096,c4805a8b0f05e29a591dc0d51cc0ca0a,2209444
4822535,d1ff08db4703a4f3134f0c60e04cae45,2224325
4822549,4cde69afa4a0a3aaee97cd86f68b4518,2259286
4822577,94883e2b7f253f931b7746bce3ed4e47,2259178
4822719,a17f0215e6726ba238da38bc62fb204f,2246375
4822897,96a79e3137538dca2f2840576d78fee1,2225397
4823239,2ef95190a470397b08e52db773a30475,2089383
4823684,c9108733062d8d51509180d014876221,2031577
4823844,7f2b7c0a8909e0e22c5ebf6fdbf93ff9,2254567
4824193,eb542e87a0bf3ab885be5a9042b70233,2261148
4824194,6613599f79f77a69ba2d4fe48401c418,2261148
4824862,70c0a4b82c7cf98730f0fac7a2ac68cc,2249870
4824907,b0d26e95ef379801fef7c1332aceb64c,2266064
4825063,8dba46702d85ab51f318471f4e6508f1,2254567
4825262,b1afd5ed626cfbc1a2ceb5ad0e016345,2259286
4825491,ab424d942bb994b820e99c7bc862dc75,2254567
4826094,e2a1af3a8479a4f9e6c7429d54f24c4f,2266540
4826119,6d3799b82f378b9acf2882971b590af5,2266555
4826125,a4edb6346cda9c444b5a915ad68eb043,2266557
4826126,31574d539d154d56a6ecce5e8fc7e2af,2266557
4826127,16efd67209d0ec384bd5e8c5c162ff2c,2266557
4826128,6bc7b759d7ce0949ff7c4fcba8e4a2a1,2266557
4826173,2248fed976e70a4399f738f90ab034ee,2266555
4826199,34bf78d26ece26b8972b50ce76ff3ee9,2118120
4826410,0b7d89d3aa2fea874688247895b9fdaa,2266660
4826411,6be21477498768b4ca1993dfa6302120,2266660
4826412,d50aa27656a4ce7ffe554a04e26d5125,2266660
4826413,12ad90d594170e996401342dcde55b65,2266660
4826581,abd5da737fc5ac34ebf7deaf71d79e0f,2266540
4826785,0189b1a4c5656436507cb7f0f2ecf1b5,2261148
4826928,f063b78f7a506cb53b8faed264131bdf,2256944
4827214,5c2123f89821067f62fb9f5751cc9674,2266951
4827423,2a686dcad50c28152ec6dabc545ecee5,2267033
4827504,e0be44289ca382c45409d3e060ced5e7,2205779
4827617,59a91406f33a129fba4a4461aaad8d19,2266555
4827925,48703615c9dd60448aa1202613e6e375,1879397
4828566,04db6d9f16a75581b3fdd9b2d8a7d0b9,2267481
4828725,715c4358273b593bc1278154884848e9,2265270
4828743,52fa5aaa34acd4dc6bcfdb78f1b87ef3,1879397
4828744,f5452d13289da5e9eb54452ca44212a1,1879397
4828908,bbd5b45755f72dcde25edd956e2bc4d1,2267606
4828909,204c420fce8aa7eb72e051401447b164,2267606
4828910,2dfacd17538bf0c569d78c3fd592cfbc,2267606
4828911,4e928c413afe9117a2a909516b8cb4cb,2267606
4829090,8a47bd8ea4fc207423c88ba57eea19f4,2267659
4829197,06f3c8a0c3cb9eb381a8af12cbf2e409,1879397
4829666,657b827923f1106ae4bd6581d4eda395,2266540
4829685,7804f1c06e0b22ec0ed3d54e0617e593,2267930
4829686,5b47babb2d0d584bc9f35fcc8fefc97b,2267930
4829688,a1be5604f3cb49ea8a2a5d7b154606eb,2267930
4829689,c2c122b75a65b70778cdeb8a2d03bd6d,2267930
4829771,40433efa7f1ccff2c1db95d6c6f0c28a,2255834
4829772,04c20d94c3da135a39167003407ae7ea,2255834
4829773,54dbb1540ac61618faf3988ee98b128f,2255834
4829900,a4d9a1e710e2fa5cef64dd21ac15ee92,2256944
4830002,403ec27cce295cafd2131ebed71762a1,2268066
4830003,bf9d260b9dfcc1b8302580ba79a8d11a,2268066
4830004,11cbf3c2cbe3bb8f5178cc2162c53463,2268066
4830005,9c03e9d8f610a0ffd2c5dd0989e1f754,2268066
4830006,bcfd2f055718da6dddc3d294965349d2,2268066
4830007,0ece50f898a89cf897970f20aab5d162,2268066
4830008,6b709a978533e251ff4366b65ccfc13b,2268066
4830366,34b38ee77267abd476f23c1dc783546b,2246375
4830852,be353130cece0de1714ad7dd288fc4da,2268395
4830971,5ea0ef1cd6bf933f202fd2b2041e64be,2114955
4831460,a2383a021ece0520c59e17e42a4c0d5f,2268603
4831461,2c0bc3bced8eb3faddc91d99525474fb,2268603
4831935,593aec4a6eeab48569b7d96aab06a3c0,2268829
4831967,56d27e798ae0a32934426f672b16effe,2259178
4831970,43140186e5d36d165e2b710364201af3,2077021
4831977,b25456af205a5025917d6b336baa86f3,2268842
4831978,4da76fdc8b4406c427f05bedcf4f87e6,2268842
4831979,82ba697462f531e0628d2e4cfe94591c,2268842
4831980,1942fd58968e5c5c74241c6a72051075,2268842
4832080,7c60516df3a7632c742ca724e050ab1a,2246375
4832317,4917ec255666e2f8c5191fa6f493ce8d,2269020
4832406,63164f4aa7bf8f4225f678ef3e8c15d7,2269057
4832696,9ffe678cc6c5f8a41f1ff7e36b2c4737,2246375
4833018,c1d3f0ae54b1d31c69405f71fef6591f,2269020
4834092,515be97c23700b88bc55cfd6af1d6e15,2269689
4834901,dbf1ac99d5e7e08afeece2c3cf877d20,2270035
4834902,943da60c2c8493fab7609721f138d31d,2270035
4834903,b68b09a65e3da19c05cdfa3ec2f512e7,2270035
4834904,11ff23e00af1e637a3b8bc2f1b207435,2270035
4834905,eb4c470cb09e387e0cbdc82fbe327c32,2270035
4834906,84a64df70263315b032c62b20ac7ac1d,2270035
4835183,9c7c1234a7272875afdd36794c10423f,2270163
4835184,2610a955ace768eb83419239949488e5,2270163
4835185,e7b68ece36875f8c26f2b79f5bfb6dfa,2270163
4835187,eef9699c4d43cb1bc289c0be766d919d,2270163
4835384,87bd54f04b0c69d45002f75b767d1396,2269020
4835400,4f4701c3bbb3647609ea5e6c9930fdf7,2255729
4835424,855b2bf89a2561a2f58dbfd89b596a64,2270268
4835737,320bafe875c949e49540d402c2d5b9ee,2270381
4835915,51422a070bac8f713ae50664d1d9ae88,2220426
4836095,eaa7dc9629f002f7910f12b505053000,2255729
4836384,9eb7e6c47028cf5b90f1559bfdde9a7d,2270658
4836428,753cc2aafc76c841ab2cd8b3e810e477,2270676
4836789,7084da83216a4c5d558a58236ba3d8ff,2270815
4837149,38476ea1ebb0b2e10d44f4327d623cd9,2270815
4837204,3b21d479d062cd76138e4e63dda6edb2,2271002
4837221,1b8fade14b2711bc5ae2b27aa9086fc1,2271002
4837222,217a1490afd6ac2ce65b53b2c02a71fb,2271002
4837412,6857c3288e831b78bc87750c1e321681,2269020
4837586,699bc4869ae2440d3e735c1aa36d6f51,2138173
4837719,0f028218a7000a423e5b655635d8b55e,2271210
4837720,efe5e9a0170e45ab4eeb6cff77490e93,2271210
4837852,2700239d3cfdc48208e118de9194f9f7,2268395
4837932,84cc5288a0a24745c4e4e0e467449b3f,2268603
4838016,de145c0f5be1f7cd3eb533a77d04e40a,2269020
4838115,a584c17452ab0746d05ba47ebd6b4df1,2271381
4838116,a434013260f282b1a03200756c10e011,2271381
4838117,50a9d6add7ba9cddd8e65e1db0afd913,2271381
4838118,a0d025fe6d7dbcad37aa77ffb2b371d2,2271381
4838326,552a65c4cdcd16331a7ab3f8799abc6b,2271479
4838331,7a644dc8da22d20a983234c8eaed5502,2271479
4838332,eb27f00e42be8a9a65779cf395476f4f,2271479
4838333,960282b9e9f3475bee468959bc88cb07,2271479
4838367,b83de756155246ee8b696da1d71ff515,2271487
4838401,f5b3bf6e4c758bfd9b6740326e1b9cbd,2271502
4838851,58360f234f67d2328d2e29ff637a6baf,2271687
4839013,9e90e503bdedf6708b1d5efe667ac179,2268395
4839165,dda876f68bc20385730fbce39c8d62b4,2268395
4840006,466853ec0bf6f99e3b962de90eaf4d25,1296605
4840010,d35714259f97c1a1e4aec2531281ec54,1296605
4840144,2a11d156dee24d92a69839014badfe42,862546
4840145,62d702322edef3a894e5acabfdce0081,862546
4840283,58c0835b0660e98ac7a65d29fd21e3b4,1561185
4840377,8f41cb8bcc0a62f322b107d4463532d9,2271502
4840545,de5fdc67a8faa9e79aa149b235acb9f7,2270658
4840641,96910c185c7d3e4bee1444443e2f8552,2271502
4841231,94bbb039c7d0f071697df34b8dad50f3,2230124
4841232,07aaf8fcdfbe82b5810212f1454f49ce,2230124
4841478,ef5d654add166cf14f85b38c5955bc6d,2252594
4842366,f254ccc983c776b03adce4b6a2325853,2268829
4842582,5a9f1537d997e81694b4c0c41036b19a,2273153
4842584,071f0286b5e4796dc57a34a0ed2f9db4,2268829
4843053,d442c8c0b062cd2a449293ad148d7b46,2160120
4843120,53cd5ec1b8f2218b475df5a369233360,2273322
4843258,cecc5cb5eec1cd25da492840431c0760,2266540
4843278,2273a958b80c5cdc5ab9d1d550fb3090,2273363
4843279,1c0d088e12ba424f2fa74f140dd495ae,2273363
4843280,35e1e128d9b9d3d7aeacf554b97a12a3,2273363
4843564,cc249cd8d3cd3f6e49c0f355d760c365,2273488
4843684,05b4fe426bcd41c6a9eb7b7a2a4889ff,2273554
4843812,34e95a7edec6bf72873a6f3d32b9e60c,2273615
4844137,d276ca8b47bcd88636ccb206ace68772,2273744
4844233,3d07fdb4103970364922694f0285e6eb,1143855
4844310,6cf94c3f30a9f48fadac0703ea699571,2273820
4844384,197b455ea3c749807346c3515a5c009f,2181828
4844562,28fa3eac243d3813154d121b8a4e9ed5,2273948
4844797,aad75b307960d4108a86e004ef81d1ba,2268829
4844881,aa6b9589a4bb2bbfdf1562567fdc2201,2274043
4845045,7c14edce3813cf78488c440768560fc3,2273554
4845046,026c7259b778c63fea985d6f7df5f605,2273554
4845047,bccd6c62eb6b40e62f3748a606b968cf,2273554
4846593,dcfc1515e0e429024ed80f523157bad3,2274043
4846594,80c5b74feb857490e6ab526fbf4d3cd5,2274043
4846595,e3d931046758778a9ee41adfb91090b5,2274043
4846757,1c7e42bda0e006db98011aee0e7fb89c,2273488
4847538,a2d9aa1c08c180d1eb78fee64402c7c5,2273488
4847683,1644392cb2ec08b18f2a31812090b750,2259178
4847701,f6e1567b0deea14bed13316fc5fb6790,2273820
4847914,06d5764ef1bbf16b5dd150b4a52ba28e,2273820
4847949,1102c5cc68643c8e5b28a3fc807b7fc0,2275105
4847950,b40538f13e7b6520940c2a8700f9664a,2275105
4847951,a533e1ef2844b8cac7dc0da5c1aa674a,2275105
4847952,e6afd5fac37c1d1449d928670794c9b1,2275105
4847953,7249666d2f37daab9711a82fb71df0ea,2275105
4847954,fb0533ba328d381f0df729db446c8e4f,2275105
4848100,443270a0602ad848518e491c5f6ca419,2275174
4848101,21ab1086fb1d68f38b4db2d78c421458,2275174
4848102,38d2c4c10fbd51305fa6d850e2d5f62c,2275174
4848104,6d9287a6d0c31392c33575f2e3e22634,2275174
4848105,d17e7b7bdb5321cbde466b79eb4239dc,2275174
4848123,09903cf95c4aa96b79328d0660f38a9f,2147855
4848128,d21f5508d819765d606af8486c3f1085,2273948
4848253,6fbbdf7062fb59f8c8a2db9ef5af61ac,2275248
4848254,6f0a9da91095bfdfc932dd45fbfd6140,2275248
4848255,d278191822aeff0b26d38da3edd1b758,2275248
4848257,d39a87c76874274a92cfafcb709f63ae,2275248
4849004,9464a6409d1cf1b48ce83299a53095c4,2273820
4849054,5e1bc0d17e9abbb2514b2a7aa832d4b0,2234584
4849059,83b26f59378b26abe348111e1a870b32,2273820
4849102,859ef6030f3420e70232d2312fc61f1c,2273820
4849186,66ef02645752f5f15af5d63b5a7d977d,2273820
4849265,232205e718729f5ea47ecdfa64d12a05,2275557
4849266,a9c0a5dcdbd5b32a0a0cd92c614ff343,2275557
4849267,6ac3390d86c75dadf73ead38c30ec2ad,2275557
4849269,dc048b28f2ae6d11abafe070ad161679,2275557
4849272,8076d3175db083acd197804f1febb519,2275559
4849273,33b6b677753684b85924c806577349a2,2275559
4849274,719e1645c1a3e7b5c2ad80aefdfc6170,2275559
4849275,a7dbb6b57e06404041acb72723f28ecc,2275559
4849276,c45d464f8c683734209d3c5f8c075ed5,2275559
4849333,6b221e0d596ad35eeae902e489977649,2275590
4849681,056cf7d5e0fa3e091dba4a431613d225,2275730
4849688,159a1f7572662d3b1147004f6f8c3ede,2275590
4849689,929542e99028a54b7067edb7cbfc7448,2275590
4849706,1a388a288dcc8f1e478f5ecf35dcc100,2275590
4849830,091ae32cb2a6d97acfa2d051d31923a5,2275590
4850495,fb45df73bda2c2636dfe176da7ca3d13,2276044
4850496,25609a7400621119c6ce27b54edf96ca,2276044
4850497,7e614d9b101225e3cd6d5cb4c41c5304,2276044
4850498,60e4594f6e5429c9d8a0304ea0ad4921,2276044
4850499,bf04d9891181f32d26e61146c869c41c,2276044
4850741,8a4d4e44379a233dbeee2d51dd69379c,2276154
4851208,f88b43aa82188c855177ed6c0707d861,2200733
4851288,9a5c8d3136b5bda81a33e218254cfd0e,2181828
4851517,ffecc61e2c3b21da21ede68740015d35,2276471
4852011,aab87d813d3a1fa3daeb911035a9b5dd,2271479
4852308,c7ddc008d6a6d9d640c0cd5247ca194e,2276850
4852321,4a74ad98ca3245703fc0cd15b21e4901,2276863
4852558,ebaea75093328a7b20bb96117f238c09,2268603
4852888,559e2c58b04069ebfddd1506b05d5b01,2258775
4853166,131d15e21d42dc3e7f56a6bfe958e4ee,2277257
4853258,4956a4941fc258830214e2ee8fad842f,2277301
4853259,1d85700be2f7f6ef5b130b48e46095b6,2277301
4853557,16d075d3960743246d047f1b1ba44ac1,2277416
4853621,b1a36399af3767168df6bd7e9e858b9e,2277451
4854402,99be27e48ab20862f6000043f0878a35,2277758
4854403,ea057499dfc9b4558d06464cc0968f0e,2277758
4854404,d31f32397981fcd68f99a51d687e42a8,2277758
4854406,cc5f4c9fc4441cb969dbe0254426ff4c,2277758
4854407,c8a40bf822bb0b8813b8314cfa9d534e,2277758
4854454,34a2ee911ff24f597b29780258760be7,2277779
4854533,f34b09ac327c08b9ecaa770fa4c77c8a,2277758
4854604,9e0df47659d36e218858c4e4faea1c07,2277848
4854606,4cd51c83e5ffaf3da7cbf0013933145a,2277848
4854759,380be2abd8fa96216864cbd34f688efc,2263581
4854760,eb795dc9162dfc0fde77ad0a8d6c27ba,2263581
4854761,ef0521c8282897cd946fc7af2b8865fb,2263581
4854809,2b80749b8274cbdd1c3379fe0e24601d,2142723
4854833,8d194243615cf8fef8256810fe6e6d4a,2277257
4855246,c5e41fd50a615b9ab61957d3e62ff050,2270268
4855405,0947b48754eb4b6814d82a06855688fb,1896626
4855703,04202f3d58facbaaa0518e90b5f775ab,2043161
4855704,f378b0a71eee1e2259bead2a46a759f7,2043161
4855705,0cf479a8a1e0380cb182f4f37aa59709,2043161
4855791,eb5242cee514d1e33d0d61a27379aa08,2253988
4855792,f8b3320626fe42cf510e9f1d9ec1be69,2253988
4855923,ae7df5d9e1b993241c9cafe56fce744e,2275730
4855924,b09ee2c1544556a37e53bc10b10e195f,2275730
4855925,f90ee7933635df090575a509c3cc4976,2275730
4855959,21f9a5b7e5a08087b03f994ba38fa96a,2278354
4856246,5a90c55c23205a99c7a92df3a1c9600a,1896626
4856356,d9f7edb4b5e40aa7eb8b1c4e1241259b,2278487
4856357,ca7243d2eb11f2cba2ce0a0d4f83ef98,2278487
4856445,ea9c383bfd0629bc7adb65f4f07c47c3,2278515
4856707,0e7ae57d1c099a93c09153e0ec6f3ded,2118120
4856877,87f3c07417fab66139c5c1f67c9d8aa4,2278208
4856878,814cb11b7b88c47cf95d477f801074a3,2278208
4856879,34d25f7a41d2e08d19b9b8b1c705058b,2278208
4856880,27255b02b6430be184502b8f4144432b,2278208
4856972,76a8d329c2974a80b740348700434196,2275724
4857098,d83f1ac12c798cce9dc9b3d0659fc2ca,2278208
4857099,48f4564610cc396e24420ca4cdfbf349,2278208
4857146,90d05039acaf80de82b8d843a0350149,2278208
4857203,eb013eab2b159b053ae8f3b34cc40d87,2271687
4857286,2af74e7545e3beaf9aed47a018f23256,2278843
4857335,3f433fc192463d8d0f3638a518caef58,2271210
4857336,e9729a166183be5b7bfdac1de140950a,1896626
4857395,3e68e48db87dec8d4d08b180c27b8983,2278902
4857459,cbb479277c71363d77dabe984a11b34b,2275724
4857460,cff424b817ccbff63a3bd10aae9ec0af,2275724
4857593,3f83062b960eaa10b84ece2054765cf6,2278976
4857594,4e291b8c21138ea975867b43159c9b62,2270035
4857717,15e93b6a69b0d26763cf363c77e757cc,2271687
4857805,6ce359169c4e26d5c46e9a2f9827e4e6,2277697
4857806,dba13fe6d89e37803e37c7f55333f67b,2277697
4858568,ca44ac51b4b4c8b212be356ad248ed37,2271479
4858676,c4c07f286cd83fb752da5416d9b50833,2279444
4859014,369c214200381b38ec8cec67f7486376,2279591
4859076,79df804e12c5dceef78460be4bc44a89,2247839
4859495,2ad7ff90a71c045696ea9619d3c6610b,2279773
4859608,afdc7d6f37ddd6b3183e64d0a20c5f17,2279815
4859909,0078f89df89df9a9420a4349bd67809b,1608511
4860324,10ba8025f6c32ed42c792d1d12b462ff,2280150
4860367,5f3e24e92057def36f87d8b14584619c,2280150
4860368,6875648636db6dd13a6797ce79b3ecee,2280150
4861099,fa77ac18971760d0235fcbe9148b2c9c,2280366
4861100,36479449489fddd046d66ccae54577e8,2280366
4861101,8e25bc10675589ee74ea5acf5e67eb65,2280366
4861102,5263558e377ae223b6a8acd8e175d2b6,2280366
4861410,0ae6ba46fcc6623c2a6ebf4c91fd2259,2251564
4861411,aa254e21baafbc7ad7b9565734370d89,2251564
4861412,2c1a26dd8b570641f7167bed8e38b092,2251564
4861469,33841bd6d053ffe6df7a1ded2c92b93a,2251564
4861514,396e83ea547573592580fcaa369d5337,2252594
4861515,68d666a8d0c98cd39868e7e87b2f30d5,2252594
4862187,268881547de412ad690f4f55ca84afec,2276850
4862188,9694fd1a427f6fc14d3f72653d66164f,2276850
4862189,b6bf98adabe0db83172bea1e89d95c2c,2276850
4863004,4085ccab1cf142ef574082b237d95875,1608511
4863399,1cb5bab3e3c9967c2fe464dbf17d8710,2273363
4863719,f729d4ef1889d7749c64da2fca532034,2249106
4864112,7c69d66a22314f67a4da5ff9f0c6d4eb,2206480
4864309,25445751923abdbd8fd876108f72eba4,1608511
4864947,ea5d9420d35b9a7ae1ff145f63d2f1c3,2247839
4865278,a43d6a1a16d1e940c5c70a730bea8112,2281835
4865279,7efc6064a7c80e2ae4c38a51cb09bc88,2281835
4865280,a0de05a5d2cf1c62f5f52ee769a2dd94,2281835
4865398,80d5e50ead5af00d3620c1db7f0dfef4,2281895
4866155,2a03e7be271f01af9162b3e1755d5d0d,2236887
4866417,6da96ebb190465be1b6e221b9cbe8c3a,2282279
4867186,e3d2a25164b009c4abbe47749536be4d,2247839
4867409,dda7ada7c67e004c5e9590bcaa8ca64a,2127480
4867506,cabf87c4d32eecba03d14a51ac81f1fc,2173079
4867585,8c56f7011c6789d5aa00231dfbd58555,2282702
4868074,63e842d38c5e017e98c3847a5605f85d,2127480
4868275,c9f113696bed0bd19ff14b72b6d7576f,2247839
4868278,a50b6878c225f2d76577c04e10bb882e,2282976
4868506,75d45824f85ea2a42b4b760d58f29d9e,2283051
4868701,f9650db47d829c449e27dbde3f1f14c8,2283120
4868702,2d7f51217f9ccc123257a94f87f20acd,2283120
4868703,4db02a87741bbf3c67d289eed9be5b71,2283120
4868704,688bd2293f624ed008f78b438fe7743e,2283120
4869372,a4b22ebbdb53f8e2ea2b6bbd5e495c47,2283337
4869439,28e191423b2a4fa67d825bd713a14b40,2283365
4869527,078773ddb6750d3ce2deb2e40eda689e,2283410
4869528,b42e57194d2e2f4071628800b26b9611,2283410
4869529,6c89dde57d243479510f476624500372,2283410
4869530,01160321e7981133b6c1017acf935079,2283410
4869560,cb9bf45d88b3e28bdc332f87550c9fb6,2283423
4869951,9e85ad7ff381489b8b22eb6f2a99296d,2283585
4869952,d2473c2666fff2419f938af96b0ee6a2,2283585
4870117,be79726600267062f6007a69e49ca338,1773165
4870668,b0608d2dcd649ef4c64acee7e1831f90,2282976
4870736,5b39736a5cdb4c5260ca7f0698cd42f0,2283870
4870829,a5def7e82a193a907d866b029c56509f,2283870
4870830,68b2a727398b8ca8ebac563395bf5ec0,2283870
4870831,78de6818dc550a7b3f369d86a3916a3d,2283870
4870832,528f4bcc4a910ff5a4db4f712633854b,2283870
4870918,3ba5005f0f0c880a5edc89f3cf199d62,2279815
4871228,8c8bb86441a9d9cdb2a4671eb537fe30,2284083
4872191,3d036a691d5587cd92bb161b582cb8b3,2284422
4872723,eae7a7c7d7613f4cdfce04b8acc126a5,2242700
4872946,0e1fca9c446c727814cf606cf260122c,2284735
4873187,88882ae338ba01b59c443525fd210ec6,2284801
4873740,ca26dae1da377390310e9f0f73095672,2284735
4874218,8f6718bd9d96c864994dd3ce5cd58592,510875
4874223,c43dcbc602db297b04c53eda98557e42,510875
4874224,72ef9a8b4bb4117c573de280d15b1de5,510875
4874225,65947fe329118394747e077b3aef09e1,510875
4874226,add4ffdbe85c54a3bc397d032fc2f0a7,510875
4874227,852d9c7e09a1304b897d5f5d78b307c5,510875
4874228,fd4345b21722b12ed6f7529ad8ca8825,510875
4874644,f22fa6456c3d1997c88d09145b0ea442,2277697
4874803,01e6d7219ad68618c554cd7f35f070ec,2285361
4875158,cbb3f7dbd12c9d54bcd65efacd4843ab,2285483
4875395,0f90d8cfad646672bc705397d68e19d2,2285560
4875722,9d97b2efa4672aea96e845f69fbf8712,2285711
4875879,3b67ad187a2fa8fb34cf7101b8d1375a,2285764
4875880,d92821d335c56705570ea7741234fdf2,2285764
4875881,97a39116b3d7b3eefb81a6757dda2ec4,2285764
4876429,49664febb7e177785164703d473cad52,2285995
4876932,a6ccbf263fb3914338476d8b93eb4809,2286192
4877822,96f4f8800b5f403b3a330d9b9615cfc0,2286535
4877922,c10015ab901ba564c830f27d0581c05d,2285764
4878791,e4da1a304a376ff7fba2aafa0116bfd1,2286773
4878850,1954b3b70afff0cce1be0d093b4c84ff,2281895
4879563,0f58e38082352fe56b39d832a285ce3f,2287128
4879564,b308969ff2e773c9b30ba0b6638c1990,2287128
4879565,71d8ddeac54c8802146f6fa4e9ab44b1,2287128
4879695,1bf7438e03eb44f546baf97a97db94a6,2277779
4879696,423b3a856a29827b3fe2b96b50c8418d,2277779
4880809,04900c6ec06f60561788e447589e2bf3,2284735
4880907,be1ce1881c7965314a1c9faf08b272db,2255571
4880956,ba62551ca6add209d17b6b22e345d3d7,2287627
4880993,de14b99e21e2e02324351f51e94e57f0,611552
4881003,b26b24e41b774616c338acb3a439d7ee,2248167
4881107,d28b5e238a95a896bee6adcee1bec086,2287693
4881533,088289c40d3fff467e3c39878a3f2506,2287873
4881573,49599da668fa8de940a69e68a1f7d387,2124747
4881598,b969ec0143e8c8ad1a03c3364b3eb5de,2284735
4881723,3c5ecb7e05cecf8ac5619dc90a35a3ef,2124747
4882621,8525ab1caf96bd757ebf742811fc0b79,2255571
4882718,28e019233205d951ae40303439659771,2188045
4882841,a0405117ce1f7fee9631b915bedc7e09,2288274
4882979,d6aea78fd38b01ffa41d569ea2b5208e,2124747
4883090,9fb51b0ca25e587fedf7c5933083c15e,2288379
4883125,c9f757ac5ad55ead5fe5b2cdf7084a75,2288397
4883185,d2b6539a7cb909b339f84df8e79d1417,2288423
4883198,bb3681000aab3643df82bc0e303f763d,2288428
4883212,b77ce6bd07dd0cd5eaf51d08a37ad20f,2288436
4883279,928636a118da99208de85654e462ddd4,2288428
4883888,f3b52ea8732048ab84479100fa4c1d29,2255571
4883889,175321a4dc14f6a94961cc28afa373b3,2255571
4883914,ff9b944d89e56191e1fbc4800827d1db,2255571
4883986,0ee73fde79ba6fa68f69e2d70f40896e,2288732
4883987,754bc1c6d2d3558dac0bcfb729171d2d,2288732
4883989,7925b6c9e8b0832cc36d12223a36ed64,2288732
4883990,663817e4d2776efff6bb2d22100bef49,2288732
4884057,cbd722c3ab2d136856257a6f0741d4f9,2288761
4884253,bb51a663ebba3fd06648c9f80f7c84aa,2124747
4884312,72758c6692121afd9286979106972f03,2124747
4884449,42082324b567647eaea0184afb394a30,2119308
4884643,b0ff2410e2595a32eb4667feded43599,2288990
4884644,ce137a8bf80fd526eeeec28afa9abaf8,2288990
4884645,cd1465ee889f71168fba39cb701868b2,2288990
4884646,33193f2eac17022bd3459732654a4d20,2288990
4885370,d054d54931133f2ef26dc9443d7f48cd,2275724
4885393,a07bd3141120d82b3ebbf054a8b87f84,2124747
4885416,105d0c0aebe9dc8e64853881821b54b3,2289293
4885827,f0c7e56653625df79d919a16cc206d62,2289415
4885833,6a381134135ff1f64b883c4408f3cf5a,2289421
4885834,6800afc8ceb102ce20e579a872b201fc,2289421
4885835,3609911990c4bd7e4858ba97ac0230cc,2289421
4885836,569f995e65415c2a941bd7277d1ae98b,2289421
4885879,87f2dd32dab54802123d4f8dd0f5ea8f,2288685
4885907,2098c926b7879ce73d8f033a84f56509,2289415
4885930,ff976c990f2907e2cc4dbe82be772b5a,2277738
4886219,f5b969c7aed16920ee20aad95109ff97,2288685
4886275,b740edb2a668ecb8d89173c0d3a4ecdf,2289415
4886884,71075931823c8f1e4e188bc07180a381,2289821
4886885,b7a05114768568ba9a1cc0e13bfb8500,2289821
4886886,84517d7fc5a847a2057c025cb911db04,2289821
4886887,91550abdb21e6f9dc86b08f8bfce3c31,2289821
4886941,14fc075de1362726d174e8426dc72620,2288685
4887235,842a1d071fb788167ce80b5f7fe7120c,2134545
4887310,d9d97af9b450a6a07bd46781606d9d27,2206480
4887496,b0f5502f6dafee7674b7a3e4c5c1889c,2290034
4887563,d3b0a23c6e0560035dba8e78e347f73d,2124747
4887879,13fe1ca82e461841b0ad495a069df669,2234576
4888290,cb7739ec643342e78fa7a893804212a9,2290277
4888593,923917faaeafccacdaf9c95274017938,2290384
4888830,cdca3a23fe7e7a9069c73eb46773b6a0,2225091
4888835,c4a9b0131c091723d957913ea2e8b3b0,2258164
4888947,6a866adeec49f6e7ac3e22751a716b8b,2288761
4889739,a7e266e04c47b935d68ea9d16f4acc8c,2221283
4889854,899c3a0a3722ea25616966ee54752419,2290902
4890910,1fa408690079d620d556932ebf0b715c,2291202
4890911,24ce2d770b1280888f80bc5c743d61eb,2291202
4890912,ded94b72fc6d270abfc5974e228082b0,2291202
4890913,c8e065d5cc3441a280bf3c6a22eddaa8,2291202
4890914,ca879ee1b52491d5022ac3bcc2a82bc4,2291202
4891807,b9ed2ec368fe9a231cf52e1861a4058e,2290384
4891838,be29e73b3a227103b3f92253f5fb74d7,2258775
4891862,270f5e6864c6128dad515c5067932e90,2291408
4891944,4d45e92a5117152c457873670b203545,2287873
4892040,500657d6c6f6b4d0d45e764d9c227c0e,2291491
4892155,d604e913f776fcd70ccc97467ef56b31,2209085
4892615,c2fdb94f51e35c8a139ea42e74dc7924,2288685
4892685,b2597394e3f43276e6fb159c5b092735,2287873
4892714,7a8d28a6ece7787ac23dafdb055ecdd0,2283051
4892927,18a9bdab1326d31e3e0bff6e206793df,2283051
4893234,03c3646c8d4f0c40b9461a1386317b1a,2283051
4893235,a6b03961dfe513379533423305aa9c38,2283051
4893271,2cadc51df2c5ea43edb9773946ec953a,2258775
4893324,94ec36901127a522cfe4b47284f8ffb4,2258775
4893452,2670b054eb4317129bf98740c2ceb88e,2291928
4893453,32ca72f5950cf967f262379ec4ba6469,2291928
4894242,c673ae34c0d315a11f0a73dfcde46f29,2292233
4894283,085692c5176a74d38beb165e360597b3,2292233
4894284,2aafc04df30e83f6a931db060de32ed6,2292233
4894285,b20f968ef7d271f10062702859b09af2,2292233
4894304,071fbf8c050f9bb8a30b75f931dcf3c0,2292265
4894621,10b0b57f965d729a1b8538ee7fd50b79,2292265
4894631,d884f658ca24bf3c847fc41eda56b012,2292265
4894632,1836e45e0b9f5013584ea6604db2b37e,2292265
4895404,f9dff3794344fcd79e98531b0f1988c8,2292680
4895495,21b7379c818afb3248ad679f0ef654d5,2292728
4895496,2d33bc6dd01c79c1158c2ef034d34582,2292728
4895497,05b4a77de535dbd5687fa0597d6d1aa8,2292728
4895725,c0099fce3c0ac65dd2a172e29cb9c449,2290384
4896006,f0e52008e217901da335136a52dee4c1,2292934
4896237,59332616e42dccd5ece2c608389e6707,2292680
4896324,57faa46f524b97fc57dde150837f8ca8,2293067
4896513,fbaa88edb5ddae396942f4d8143f45d7,2290384
4897011,a1a115a53f2365dfbaead84df193e0f7,2285560
4897012,55d6967d6b333cee200de10a7dc625a8,2285560
4897017,980576e69860575fc8bf2e453fa7bbe2,2292680
4897018,2dd4381063f94964eb2a83e50eadb504,2292680
4897019,a85a55e6ca28e7f10ddc41d1a52485e7,2292680
4897759,91b81269e404f2eada6a641e56b9ab15,2268603
4897873,fac90966ebb3e186d153753c74951b72,2293677
4898214,3d61fd1fba853be34939bfca0d1c4d6e,2290662
4898531,e0d5e42ac498f2a55e9698b5a2b27287,2293949
4899120,084d40cc7b6671aad5840e471db9f27b,2285560
4899518,073da3a698452272b1e42fbf2d8f45ff,2272567
4899519,56d61f064727b9c3c53ecb49302e239d,2272567
4899583,5caffd1ba8ccf218aa0fb5c40e697b7e,2294403
4899948,c0d4145b6e3409bb2bc8633c25f80d3a,2273948
4900340,41405ade86fe2bd02f1c4192060f8dc9,2294403
4900368,cae4de62b6b77d752cb6192d68dbd088,2294719
4900383,36c7537c721e44fc1b739fd834a12b73,2288990
4900384,f86be294c39c04a73cf1b782fcfe0f22,2288990
4900469,36088a8679eb97d0845a62105689ab12,2294719
4900495,e4b9bccad747a493b3eb90ed18bab9e3,2294719
4900896,9f732934ac9b801049efb3cfd0adba8d,2294944
4900898,3f3ae15966a43e08f37e78f873b3442a,1896626
4901968,e73e272aa4b64586f92422be90092e2c,2295373
4902116,c4ae60cace191ad440c92c9bffe7d305,2294403
4902402,913ef2ede3b0558f79fae7147075a050,2295514
4902768,a7b95e31d7969012cf4e20422d5b4757,2295635
4903123,d4c97aca1f5a377f1cd9790ee1ca3b10,2173713
4903719,d58bc75f429ed142db190bb5a44705a0,2295966
4904011,ceca4f3d61f6823a43c107fd8e96fe2c,2296093
4904012,dc174f1bbc6dda37fe31bd331e80eff2,2296093
4904123,1d37c1f4cf967015b7d541153eccf145,2242640
4904124,5c9f0e74f9580377a2b4084173af8446,2242640
4904320,dcc8b281714d49a94b1b190f0ed264d2,2083505
4904321,8fce6d7e6d7f21cef46a403174db64a6,2083505
4904322,6f461133522850909d2068986a24b18c,2288990
4904323,573c58f4379603998649794e2e859f1c,2288990
4904339,7446c83b1e068f102eb7c013c910388f,2295635
4904688,8afd50689acff2255415ea45ed5a8c23,2296402
4904690,e11bf07e0d34925b54c8ab233f8454b5,2296404
4904945,c3e9bc479e56293cb3ed5dbd34a56b61,2282976
4904946,6f3eacc11e8716af5d4629204bdaaca5,2282976
4905021,00edb3aecbc2479f0fa1325b08df06d1,1684011
4905022,c21302252a78f8c3b1e232bd418901a4,1684011
4905330,070046ee7a841f50d8f2332fe19a4106,2296661
4905622,8825995ea2adfeb24a43fa76bdfc8558,2296722
4905984,dde356431a2e3f5533eb1cdc7ab381a2,2296888
4905985,a5b129f24673fe736a8242e350c29e7d,2296888
4905986,9bf1c0c989ace51891f108752610a859,2296888
4906048,c5382c92512a483244863e9c77ebf29c,2296917
4906049,02f7ef17190fd08dfaa88d7e1158a687,2296917
4906050,9e7fb97de4b464240e92f9cf2692e85d,2296917
4906051,331c4c6a3b12604d722838862e44e06a,2296917
4906052,da82dba21128a7e90169416fb106b4b8,2296917
4906053,f89097405277c0728ff0c3514ac2cfdb,2296917
4906054,f0b02be17414558354a489f98932f0b2,2296917
4906289,f1e37a3f29f38f882b10bb0220a1e354,2296093
4906307,f6fedcbaf1f5eb8ffcb68cd14429703d,2292680
4906402,08e2f4fcaea1aded2a552fe5597a3756,2297007
4906505,e1d3a0104907f66ddaca8b8e28878f18,2297053
4906506,643674170a5bed08eacb1333cc3d3a82,2297053
4906507,9753a18953ce8da13a0c13c0f394c4da,2297053
4906508,8baaeadd19f7c5dcb79f8d541f7cc3c6,2297053
4906569,b8fb230a156367b717c4a0d6503abb4c,2296661
4906570,45d214a29968e10f8defe5db521480d4,2296661
4906571,ae9e3239385d8d294c0eb322588520ac,2296661
4906598,34faa8b29502457049fe1aa3619254ba,2273322
4906599,8cd7471e7050f484c51d52750bd7ef27,2273322
4907374,4937266ff277d9c39499eb8e2d319992,2297393
4907379,42a9147f82d6c533bfd7841693aa67c3,2268066
4907450,90271a1b8b4ec28c6e9a679465bd07c7,2297007
4907459,e56e6474840e83daf5b9bc19b880869c,1858055
4907460,2947bbb2b5db0846255a1d3f05b74b5c,1858055
4907461,7654816b9665cedfa55f1998e72cedb6,1858055
4907462,a56b080a4089775330d14f0a5e169d08,1858055
4907596,1bcefbde07ecb40d34aa063f5da63e0a,2297007
4908582,5eda1a707e5de40dccee2741eb4a8c34,2297849
4908952,32aea3cc4a1667fcb72a7837ba69110a,2297007
4909158,165ae65155952e61e1a6266b1b5b51ad,2225091
4909374,6a8de593e2ce3c8003ae154fb300c985,2298120
4909387,736df69de79f15aa8cabcb633a4e983c,2298125
4909388,74ab741d58824fb7776b1b06a344a313,2298125
4909389,7805f8f00f73d1d5bcb6ff8983f9fb8d,2298125
4909404,6d34f214aa57a813f493b6c94f3d0e42,2273322
4909471,65be2c0a7cdee2323ea0cf5f24853da0,1858055
4909501,4b00c6b9d7ae4364631e03a049417afb,2298167
4909502,d7ec8ecfe5e9e7e40b3bddacc9620fbf,2298167
4909503,0ba01e6b913bb7c9ea066e9c99774857,2298167
4909504,817c4e266103d43e97f5317fe3ead8e3,2298168
4909620,ea529b5f3af926aa78807ffd414dcbc5,2291491
4909990,bc50adf05659444fbbc5504afdb88c6f,2296404
4910246,3a6f48aa0f5ea6d007d23e49bb1bb0b0,2298120
4910365,5c39db31d66b968d104351485a0caead,2296888
4910398,6fcf5a9650e17aa229f6ede55fac5a3a,2298494
4910426,409cd921b05a12ab5232fb3e0b7aa3a1,2298502
4910428,43da7b011a77b8f337cd7303ff064dc3,2298125
4910429,ad697c1cbc78b039a9be8c6077ce4496,2298125
4910444,ae35ecea787702947bdca1bccd6f7e43,2298125
4910460,d44cb91f97e444ea56433b1108b086a6,2298514
4910518,6b8344228bca08062148b2722464b16c,2298540
4910677,16c2bce5559ba06fb30ba12132804265,2298580
4910799,730c24b388aae6be025965d0c55888c2,2298168
4910800,b130a56b850c00f76f3c571330edb5ac,2298168
4910801,17a3dfc5791381f121d3627ff6fd9897,2298168
4911408,d3129f0703496b001d71d533037851b7,2296888
4911849,2d9dfbc605c06147212f761aac9f6efb,2291491
4912063,780ffcd44b3f8ce7b5058c081ca55af7,2298930
4912064,c411d36f05c6a87731eb3ff8da82c3f6,2298930
4912065,ea4c7137bda32c039c3a65b53e2059c8,2298930
4912066,e2e8d30f7dfd48aa8ca742246479e315,2298930
4912068,61420f8919d10180c3a8e6670b281100,2298930
4912069,3f38f9a6e87480732bbaa8e19f7335da,2298930
4912070,387577563eb3ce6ce322461989b651f0,2298930
4912074,890992a176edcb3303d01b27baaeef0c,2298930
4912075,17173f7744747e00aaee1552b3a9bffc,2298930
4912076,abe4f031876daee584a614726f64de56,2298930
4912077,afda5800b3182e72b7e2f9128ad4c9eb,2298930
4912097,a759cc3b43fe2abb8b540f1a09d69077,2298930
4912098,8cbe9617c76beee6b48cf2153283253f,2298930
4912099,00d7e81f7fd27a25b18fabce8be51ca5,2298930
4912499,c2f67eb81b62362b620fcee5e9f7a2f5,2299124
4913028,729fd0e5a1968b44eb6420460d912354,2293067
4913065,145832db8688db6a48da001591b0a043,2299375
4913066,2008b8d4d4a0fd753d6706d2523d4408,2299375
4913067,fc7adc2f2c6e46c1f7156b7c11d1b767,2299375
4913069,d001f25317a0fe2c7a35eafc9b2177ca,2299375
4913070,54171dc85060870a61e5333a0ad56ca6,2299375
4913138,de4a50eca641bae3759c334afdc12b7d,2299394
4913876,532cff8efceb4786cbd2c6a2b6cf9bc2,2299667
4913888,842a6b5f92027af59c1ea132eeaa24c6,2299672
4913889,455e669a010281464e9b049f836889b3,2299672
4913933,c33ac43a877836183bf734f15444129d,2299672
4913941,81eb09f7e0ba4465d0eab155179117cf,2299698
4914057,56cbdcde7167063d8149e2f5e8c242d2,2299698
4914067,2ee197b1ee2b4536f82219131945ac5f,2299698
4914477,1909e90d8856dd3004c6e1f437a3436a,2299919
4914604,da74a07a7133fd9523bde96ae99d560e,2299698
4916205,ce2d88bcdabd2f051600003a49a7472b,2300535
4916218,e6d21604695878c588b8cd2050323bfc,2300542
4916226,d5ca952b53b168e7b25fa37a2d77bae8,2300548
4916296,84be8ecc071800ac1204be8afea71299,2298120
4916514,b1a034032607760dad87c17ee07ea865,2300685
4916515,ab8706679b68241f52b1cb8c3afffb01,2300685
4916516,4d3e0f6e0eff6c8857fbeb27ff11f41b,2300685
4916517,0fe5a443ed31d3c60236c5554fc7bb52,2300685
4916743,97280913b8365aca2ee573c4d9e29dcb,2298120
4916996,6349fdfca6c0238c34904631f7e2516f,2289415
4917580,7c02ea86bbdd874511135c4493e2c01f,2299124
4918035,4cd7d2b0dd2f4475a7ac156a73a05d92,2301291
4918799,be1869c4463695636d726c01112a0f08,2301545
4919586,8acba70da8f374983b88265e6e51d85d,2301881
4920146,5ac9498f4cb7cbff924bba0297b245bd,2302109
4921078,1fa1708f4df183946ff23919a14fedb5,2302403
4921100,84962fa96066751d8c28223011f89ff0,2302416
4921313,2a70cb49abed97cee3533330ad19c883,1892177
4921389,6c53031fae3e8cbde1d4266f9808e647,2302552
4922198,8061e7d6abfbd1a1efb35a8dddc18173,2302416
4922199,37111122eed53f665997343b6ff94d20,2302416
4922315,97d791f0fcc9e8dd07c886f90d50839e,2301291
4922335,a28a3a13ed7c481869b1d664a9a09b07,2231331
4923020,982a308849a0d53bc5b2e4dca667b0c2,2009238
4923358,a232d6f4d45cf0883459da1a7a56f004,2303401
4923365,56fe578efc88876599fac088c962138e,2303401
4924411,e2041f06be2b7413150d674ba983c6c3,2298930
4924528,2631c687b0d240d4353d4b421e6d4193,2303845
4924546,993202f7faa76608796e6885b32d4278,2291928
4924570,c14c8dcd3d3611a8d94022042b98bd4d,2279591
4924571,813a10c27b378123b5556b31d933d549,2279591
4924679,346bf9f28994d50395ae7a3925943ff5,2281835
4925120,66e5d8d91e334f8be5e1ad2ddf43836f,2300685
4925665,1257543adf99e9ee13c5cbdb5fa526ad,2304280
4925708,7b8e78cdc0d49ecca3b07cb7d94656e2,2303401
4925716,cea06ff3e2368d0f91c2aa5ba775b8b6,2303401
4925740,a429fd15aa794a4fce854894f8d3edec,2304311
4925841,344c5be13b7efe022b2b5fbfed06fdba,2281835
4926701,44989bcefee04c71048f6ac42e8447d1,2304643
4926702,4a3afb8e13b81b529f53b49dab9938ce,2304643
4927147,94f47e95ba49b6a8d51aa1653f66cb03,2304810
4927305,0c84b12921d19402e2889329bf50336c,2304854
4928405,aac0a08c325acf2a115b08e0c4a5e38c,2305181
4928612,7b9777ef3a23938ff2c048df64487b7b,2305269
4928613,a51acd269965075b8a17ba79caebc0e4,2305181
4929100,74ae8ad6315731796c4ef7a29b179bd2,2305447
4929101,ca958c31249e2a3a9c59b65ac12deab3,2305447
4929102,2c4c782a2a9f4a52bd36230e0ed4d198,2305447
4929652,b8f4a95aaabf51d915a2b03830bd0e1c,2305663
4929681,76f677aa1c507b3ccb09b18214067fbd,2305676
4929682,47545218f6651748b4aa66b941877be5,2305676
4929683,fa2b89e2d3c4b8389b4290762017492a,2305676
4929684,6f0fe84c4325de7646430cb4981a142a,2305676
4929873,441a70af0a928d4989ca8c8fd5427127,2305737
4929972,09c2a4fda8b80c0b4bfed74ed5971f15,2277761
4929973,36130420dc86a20f2427b127042e1eb2,2277761
4929974,412af6a9de1b6e537aba1508bdbccf8f,2277761
4929975,384f1d732165e6eb493441b73c17bef3,2277761
4930023,ef6ea43014dec5adadfb391db5deae6d,2305790
4930237,2a2934390d4c31f37c16a717d0f2570f,2305790
4930238,97e500cf877ca0310eb2d4c400fee881,2305790
4930988,e5854eedebb43c136cc383a4b09fca01,2305939
4931113,20e9d717662e46e202985594c9fa9d5f,2305790
4931220,de4f14f5de7f68ebad8bdcc4b1242f9a,2305737
4931235,63b78dd81e134ef7d5e8bd4c06e5a42b,2306063
4931311,4c2fe498434bc6337e66e3e3c21a6ccb,2306091
4931345,237fae2df0d637eb3e65ac9133ad59b1,2079321
4931384,51f735331b86e563a51d708904149796,2302403
4931397,4ad13ea38912bf7a6e23c7686df4eb09,2306091
4931522,6ca702406fc4d8f7a25f3b2d68c2be9c,2306183
4931523,92671a91805e4b2010f9b430af4abc76,2306183
4931573,ec0f2441a3ec696a7e5cdd3c9a4c469f,2306112
4931574,f42f8b6a8bed8c931f079d0e8c5707f4,2306112
4931575,253da7713032711ac27c2068954f788d,2306112
4931576,f7f06117188c132a30f81d59e380caa7,2306112
4932127,ee7fe07eb60f3fe72bbd955ee4a9862b,2305181
4932494,dd524957430ee1d129f4f65adac61f75,2306539
4932953,194e39839f4aa719fa823d28f9ab8341,2305181
4933096,7836d6b2c9f76745c1a293bbea26e1f6,2196828
4933770,4f00889cd104950825f7120236cf307b,2306989
4933771,77999fe5c5afb7a726eed413afdaddf2,2306989
4933772,166017fcda4723f386bff3896e4f8b28,2306989
4933773,f1a5a20eb4c125beedb1c14fc3672d3f,2306989
4933774,b46385b9b18c8b997d668434cdd742d7,2306989
4933854,b6a0c9c1534d64336478a174421a43d2,2305790
4935950,5117f35ebe957fc046d465b34969aa88,2231331
4936436,6f988598218163f58fb359dccebd4d26,2231331
4936662,8e4508d922c90af36d2df9ec87601ce5,2308073
4936788,1ec0d5b41c4bac315b0b9bcdf5cc0a47,2305457
4936796,8cf033f21198f8012c7e5f8d857c63e0,2304643
4937280,df44cf8a643b76fbf52430240a965b4f,2308228
4937281,3d7cc486d0f875332711b0b79f4339e8,2308228
4937282,1380c9a6210c76696e89df1589031cfb,2308228
4937283,285e9d7502ace797f9ee172275464817,2308228
4938114,ac06f497d48dbc5283b4f00a36b656bf,2298930
4938284,384b927a6f41e6045f3abcf622d69347,2306112
4938370,232d5154e732d75df3e5483acba3915c,2308571
4938371,f208d670bda788e1ed759fd10fc69f7d,2308571
4938372,b8099bef3f58b055a1769a49db4cc4be,2308571
4938373,1af400e31b8c9fe190a6728009a9d74c,2308571
4938429,72584243eced47239be6844674d8319c,2291928
4938648,3a61c610f633eabacb1a1f7bc365ecb8,2308698
4938651,8551af41b170e4a3143da8056369f5bb,2308698
4938652,3a76aca02804f68108dfb7db40f837a9,2308698
4938653,f5a599d6a0c4f21c2da25eb030ae8198,2308698
4938654,be5be5828a720ffd2cff40f90a946e05,2308698
4939023,f30f96fc1033c16c3b9092640b4dd40a,2185836
4939811,59c9bf121023c5725d09811bf3c257a7,2309188
4939812,7b4dcba984166aa2752732f8570ebfb6,2309188
4939813,cf4d39efe249cc8dcb9d5a489d14b422,2309188
4939814,cb95763bbb7ded2a0c4009384e0fb038,2309188
4939910,1216e63fc4492d5cf475ec4cc1b3015d,2237237
4940074,eb6005627581c3695ee18775842a839f,2308228
4940517,14e2b70b238baae1c23e5e1a14d2baa7,2252195
4940660,40f42addca718edbb72d21b03584a8e3,2280150
4940921,4225ffcd65ea50fa1486d59f7916e1b0,2309618
4941134,66a5beba8383d6a398fea7891ca63fe6,2294944
4941428,552504b9868e5292a859fed0f658b51f,2306183
4941429,bb12044e86764bb405760e0b24bacd5d,2306183
4942222,d84f09162819abc9346eae1a212d024e,2310219
4942839,881c05f0d096d742b5a02b5f42be39c5,2310487
4943038,94cdd8ec75a8ddadf94b5d4ca1887ac8,2310596
4943337,315211fd28b6cf1f85f0c11bafbe6c85,2310596
4943345,b9848e48b86f0add7cdee5063dca38f0,2310746
4943497,75c4ad49cff7b3567c52971bf8442d90,2310809
4943986,bb7106480e2e9f235df19e7a6d26782d,2311045
4944617,3bf6cc6f49ff3c99f8840a9a20f45550,2310596
4944749,dfc68d14f12e34e21a1b0e31733ad2de,2310596
4944806,8920967607df9e7547704b8de57c15b5,2310596
4945128,42dd9def49cacd7e2fdc282e2fbbaee1,2298930
4945391,9aa0c7d929313977b2e7fc26b79ead1f,2214270
4945392,fc657e7a5ef665826d7a8058c8ba236f,2214270
4945393,10a525125e33efcc78dc5380425533ad,2214270
4945746,7e9608475a03534920476c6a2b23344e,2311665
4945850,602f35f628d2bd6a8a2c26f8ce10f324,2310596
4945903,ff98d259bc4073f9ed8eb04d94495ff2,2304643
4945982,63f75f05af105868e8562475de6e05ef,2065079
4946209,52d10142426d901297671901cf5a84d4,1187083
4946485,4423bb27c83ec781b7eda437b8f30f82,2311928
4946487,d680329866ed517ddaf6f55e2507b02f,2311928
4946488,2295643395c71e57cfb39664bd7d91fe,2311928
4947106,227e7551c22ca8c142cc76c57292a41c,2312164
4947107,ccc7193967d067404f15557c6b393f04,2312164
4947231,0fd91d22d6e675794b2860f40488ee92,2297007
4947548,268e09e66e3f0f63f8b61b56f9064463,2312367
4947549,187dfd7cc22e268c781084bdef0de2c4,1830404
4948189,c42c1ea8a6183cf783a61a050e218b38,2308698
4948257,30900c68b2d28f274a1a6da08f78af49,2253988
4948341,9967ea91a7db06e8ec10c96e1d198990,2306539
4948342,8a99f89a94a24fdc0b9dc6b05432797e,2306539
4949027,699a5cf139d1112c29f6dfc09ee27375,2312852
4950079,8adae0dd0d9829eb48180e0299e8975a,2313303
4950080,269053234273e0efdaf899857c85657e,2313304
4951363,9f84d2ebb6071ec7363c1c4c75a125ac,2313760
4951364,ba5944a719386551fc7f578aa5c076ad,2313760
4951366,dd6a11d6e0190665a0bc4e9ce2ac79df,2313760
4951524,d96040f0199ed78d42785806ed2c0ab0,2313824
4952342,4320addde2310538d41b73eba0c8683c,2311045
4952587,7984905094cd96266004a56f6a7121cc,2314271
4953151,3478758c446c9c0468e99c0f33214b3a,2314515
4953187,68da8d449f364d62f49963c2a484a775,2314527
4953374,72a764d61cad20544f8f797240a6ffb0,2299124
4953383,aef8d421cc1684f66e1aa4c25841ce82,2314605
4953488,dc51b28d98232b5192f7db4096d51308,2314654
4953793,97eb3876a4a577140b5272c036463607,2065079
4954007,707235d015d7c76832556303a1de3c20,2314867
4954279,f362d51aae4ccc1806e387f48c5d76c4,2314974
4955643,a8d5bf5cf0c7ae0db76293bbb9be23f7,2032159
4955773,0cb338b175ba2562d41d641bcd675380,2308571
4956020,94c85020b3cf4c110507e31ec76cc1de,2266064
4956189,d008dcb5c88154c6a7234b5f507c5175,2315558
4956190,8e107898806bc2fa8d877e41abf8d99e,2315558
4959509,52008ad81a1b7c9ca5fdc4a7be988463,2316429
4959510,050953585deb9612bc8849191266cb42,2316429
4959511,3e394f16dc51a583a8d4e26123609093,2316429
4959512,4d3c4b0bfdb14b01e26bd3cd40e02b02,2316429
4959514,0f5ef2c70a2176ba1e19e0065cbe87ea,2316429
4961628,b0b658429d561361c091f62690915c18,2317060
4962009,df19375a4fbb1499ce545473e9697a2c,2317222
4962026,1512de5842e64f45a51a7dc61f996c36,2314502
4962027,8e068b66d0380eb476052337764e1b66,2314502
4962028,cdfd8f0b49fb9c20668d1b7bdd6df6b1,2314502
4962029,b6aeb626aff6981d6cd55932c64b1d29,2314502
4962170,f74c70ba65a63191e32feda977afd243,2317300
4962665,4fc394acfc249f913f416c1fbc6f8673,2317469
4962710,67a0ad123d6fd31a558dea7bb407d03d,2317060
4963005,7ccd6f452c65c41ec38a8a02c5a21d23,2317300
4963006,1c6e1543f1927bc7581b8a1d453755e6,2317300
4963220,309279af1574cf941a8a49e7591c1506,2275128
4963471,b4096ca1aaba233bba7a00ee1ca24895,2317060
4964774,7c2588b250e4635615e7566bbd54501e,2182176
4964778,8bde56d8e6320add3acf751aa8e24882,2182176
4964779,0d3562f22d1b87faf204c09ecd2b3346,2182176
4964789,cfb198f3808f0f57fdf0cd4fddeca4a8,2182176
4965335,b69d012c17850b497d9d43582443efca,2318291
4965336,0c37d071c8599c184e7543febc351b38,2318291
4965337,3bbe895d13a0a385104c1843f6cb7016,2318291
4965636,4641962883564729d0c250f93a1e8d2a,2318416
4966046,f356b60fd0716ce4cbcf3cc35087bb3b,1743718
4966185,d39a6cd7b22ee436bbea2655b7752f7e,2237062
4966457,b157f099898c609fae106fc0295a6dfe,2310219
4966460,6d85ffe5ee1aa1984b3397ed0c74d34e,2310219
4966461,ac18a4fbc72b62dc2fcef85655bd1f30,2310219
4966532,81445a86b652c5db5ae7d338f9b0470a,2318291
4966774,c0d7563a11dab71ced237bbbb6a4742e,2318291
4967660,3dc030d9eb9c11c41ebfd022cdc502cb,2310219
4967812,0138ee41a90affebb4636b9b31e5fe55,2302403
4968015,1b7ba0bd3e4ac03b70c859f012fbc58c,2318291
4968079,3ccc18a4ed02797077e33a49c923328a,2319270
4968315,53ebaf97a652870aa10af86742e3a268,2319352
4968316,2eb23eaf4344a6173cc5d1c64892602d,2319352
4968317,d4563c38ce8e0afbe7bdabc66f21e7f6,2319352
4968391,f35e73ebec9fe92e1439e17d301aa0ec,2120143
4968739,0e41819361a4b867e740df40b0a28e7d,2319545
4968740,6d3768672c06da034529430b01671919,2319545
4968742,47000dd75130feb50cc910dfd44e6f72,2319545
4968743,68916b14d6629a588b500a89450ef67c,2319545
4968944,c77dee11e35d33611c41efa72913a6df,2318416
4968950,4d7e2705d1e0daf945699c5d4aad33cf,2318416
4968952,37a732280c7fc99e3af2ff4ce408eae9,2318416
4969079,ad30ab69df61a1a1cf7d9eb53cadbba7,2302403
4969580,29e6e2b845b2cae6e7405275925c0b35,2319885
4969581,b0bf0d50b7fbd7b5b3e2ad47eedcc95d,2319885
4969582,1ff0a43ef079c69400ee8f5a76cc49f7,2319885
4969583,1401362bfd583f908932c66e1951d1f2,2319885
4969584,92017c576ff5d43a5364e92977377a3b,2319885
4970004,1d133850188f8a1a4895f00d9d25e5f9,2320053
4970637,6c7c876a81839eb12276efd6981864fc,2305457
4970749,cbf97797166a66e747d906cef2a61794,2320382
4970753,009e23ace651a32a1190a209b3a3fd49,2275128
4970897,b00b0d1edc94cfca78a8df7249574075,2320454
4970935,f925d248090626910677ae7218fa9283,2310219
4971148,fc9a849adb4eca2973ee1815430d98fd,2320547
4971149,b92f0a0b23ec1f0349f5bdeb53d2f35f,2320547
4971417,f6e7e9cf418ca759c46fcd80e5857636,2317060
4971502,f407077ff6383ff23dd2361430501442,2320672
4972397,d7beccc53ca4f4604df26a503849f011,2321017
4972475,938c40ca247332f021c1a4a42eab0aac,2321051
4972490,ccb88875a7bbd5889381ab0c9bade399,2321063
4972491,d36e41185562f5ae204236f8691b4001,2321063
4973763,8049ed32586004ab4b5a47fb270268c1,2321063
4973956,22f9d11ab5e31ac1086de4fa099a44b8,2275128
4974139,6395c31165849b5e9247fc4b49aec663,2321724
4974564,8ccce0a0354025cb1993734a57050a11,2321857
4974566,72d2bb038a86e1f31fe47078349499d2,2321857
4974567,fa6650e8c8fedaf3fefb05c63af142c8,2321857
4974568,b762708e04e7025738c7dc2dd52c80d2,2321857
4974650,a672ed6985988cfccf5caa76cf398af7,2321887
4974651,41ae5c0765a45698e8bcd47e23b5e004,2321887
4974652,79c89747df01611593a54d60cd7b2479,2321887
4974653,8ba59bc3a10894fbdb056dd0f79a1de1,2321887
4974853,d5c80c5df957e42aeb74005c5ae00e22,2320109
4974854,1d55a4e1886a9971e317abc5ae7a7bfc,2320109
4975359,6a25148df94bab2498c24f75b5c64dc2,2322143
4975390,173a06cb6cadff0e2c527a294a9ca766,2322155
4975492,81a957d8ca130c56502094e291c5d221,2322183
4975664,8bc5575308920ad1ea58309319a19747,2322253
4975670,2f5d8144e7766f25a3955eb087e76134,2322259
4975943,17eafd605d7f5a03286331472ae0eebc,2322300
4975944,e7e33ca738b7e6515f028a97ba2c102a,2322300
4975945,7b6f6ec22b3dfdc7d2a955c7df3c3d38,2322300
4975946,d371a8616d7c538428007c46b746f810,2322300
4975947,fc18f88aae34a641c4281b4a3f83978b,2322300
4976000,02077bc3efdb71cb11c423abd0391d4a,2322334
4976068,b43c74818f52edc86ceaae933f8e7d27,2322155
4976245,158880f96e30cebbda93f4e5ffcc84ac,2322411
4977072,4a430c79a98ead03f9ce318fc56a2338,2322717
4977104,3c57df6dd3c6d9c5f66fa6a3b620a093,2322733
4977538,ea673b09e7a997b00323b18b73b1a423,2319352
4977566,de3dbdae391ae98324f0e32cad9dd87b,2321648
4977570,4bb6610dc901a4082f87727a0af2b260,2322717
4977788,e4f125d4bbe1fde2e8b5acf3ea520202,2323003
4977789,80adde86900b671ff95bdc3ad89b07f0,2323003
4977790,2ae74b34e81225f94d49cf0c1d0749b8,2323003
4977792,2b2e0f24544a79f3279b120f52e0e674,2323003
4977793,00e2b098ac3da75e758777cf1c1f96f6,2323003
4978238,3c6ac6038338d5a0294f2fe6c0cd89ce,2323158
4978468,5597cb17ca93323ef2ad433925e830ec,2317060
4978739,307fd41b44365333b3190672388abcfa,2323330
4979009,b6fe9d3a1666cf1aaa08c7e268fdf14f,2323413
4980089,e7d75af98ea3af8e79186e9ac762d88c,2322717
4980366,dbbe5be3b8ab5e1bf51676e80a27b450,2323780
4981560,fc4ccf58ccc1084f96fe9a9f7f124a77,2150233
4981563,374ae7e7cee48820b0502226bc9acdc2,2324275
4981635,aabef4c2bd592aed6c6809ba70c69657,2225613
4982026,8bba50b7d7d795886fbb2688fdadd844,2324445
4982034,18baa15509127fa1bf50624c15933b71,2324447
4982035,2dc389839c173c21d82b5386a51eb782,2324447
4982036,be76d0892a42a5e90f310ce77ff06411,2324447
4982066,79dd88132dfbadb6c34e7dd833d3dd9e,2324445
4982067,a43ed4734675c9c51546f8ff1148b380,2324445
4982068,7eaf3817eebe3c2f4123b21bc3610194,2324445
4982069,a35c3631ab3f503df3be33ad80abc559,2324445
4982070,3dc6624f36aad6339ac0bfdc69be9877,2324445
4982071,0cf5fe03b08704574d393b63eba96c7c,2324445
4982072,3c69d038a64d2ca480676324627e3e96,2324445
4982073,ec9b1320e4679a9c9bfffee40d99727a,2324445
4982213,66d96cca9174f1a1f42e9131c67b5aa3,2324506
4982553,96b1df6224aac6c0d750e3654345b6f0,2324636
4983215,75dbc0c4a9c145c87a469625380992bc,2324877
4983929,182167d93a1f8360e114f0679c88a66e,2325184
4984743,b22918396c21712be1291c21558f6b95,2302403
4985204,71efd05c4c5ecd7af22c792c071401fe,2312852
4985254,6ff66606f3ae0b0607fc18d829d49a4c,2325707
4985296,05f78c9fa0f90ceb2a5188c626b45c6e,2325734
4985297,a7c0aeb42f2fb6b9c8c3c9081c0698c6,2325734
4985298,afa8cd18ed742fc3967b1e67a4eff798,2325734
4985300,271a845d9573ce47dca96d8e85286768,2325734
4985301,f939ad9d2e560906e8e3f0bc8c06768e,2325734
4985378,d6f792c8d82e7a659dc08d1b4763b76a,2325770
4985536,b7439aa9d420674e99c0259e3639ffe0,2325770
4985537,0b27cdb7156c340a5ec8acf04d84c0a7,2325770
4986233,25edf0242a8b69daf59f65b2afd6a746,2326063
4986234,d820629d1b8988f339f5ddf38df7f212,2326063
4986235,5fd0b2a8e4f5ae025308cce90b8af22f,2326063
4986623,f614fa556e090233dda16e7f4fa873eb,2320547
4986663,9d8cab7933c333bac332823dec546a3f,2326263
4986664,9f8db21c947552d14e8c7d6c79d3463d,2326263
4986740,4a17f4428276a464ad15f3a4d719224e,2325770
4986835,fe0fc7fc1b3f4b188304e82d1e324bc6,2324636
4987264,0593a2097d9d2bd3ec7e22a79870af8b,2324636
4987583,a13ecbcb9b2df3c954c33b1ba3080a33,2326621
4988268,f7cac96fd5a89713e55cc8982093a868,2326852
4988641,654499a081bef255b06fa2e1f1ca6d40,2320547
4988648,d577644af0aad01f1e1afd51ff2c52d1,2327005
4988653,802cbda9352e38a0f7bfc27229390c45,2327008
4988654,ab8f7d81ab34a6c3d5d66ef3d5775358,2327008
4988655,fbdf14e046bb844ca383b9b20ed56b50,2327008
4989693,1a0c8bb28f0475cd3b5c0858f0621da9,2327411
4989939,cebaeb6d4d834384703d1908c082fcfa,2327500
4990237,40370df6426ca17d2dca635a24003338,2327605
4990807,e8ecb76fdcdc06f1d069bcdc6963495c,2320547
4991496,e3c1e18209f399432feb12ec1a55ca24,2328093
4992967,dced06eec157179e4a5910469677c0fa,2325770
4993088,57958613da4fcf7ff90ed5e7cc5b4f69,2328626
4993089,9c3ef3f397468e43a8c1c1f0b58b5917,2328626
4993090,f133f1240b7d301459216c3105fe578d,2328626
4993091,0ecdc30a2739a16fa5d6bae82ee2fb96,2328626
4993368,96b57ba86a61a1c7fb8f6d87f8696f94,2328743
4993369,fe5083426bb857d2e8e1204450bf7868,2328743
4993370,9923b6e8e361916db3aaf13e45961d3a,2328743
4993371,cb1184c7dc2b7c55ff8a23a1d1ecfaa5,2328743
4994008,276de34cd385578302e8367788618a63,2182214
4994457,ecd42cc9325105d179761a54631cbe0e,2329176
4994642,fcdd7eb5a0a4d2c9f9973178b936dd1a,2329261
4995777,972f1d12b2d409ee9d96175887b67616,2236810
4995844,b449c8392f30f6ca6f8091a2b7e249e6,2329454
4996032,babba195a7234ff7aacbb154f1ddee18,2329509
4996034,69769cf8fc1ed40fc2da7a1b0cef274d,2329509
4996035,f301acdf9a6b591c362d8a5315c9475d,2329509
4996037,47198f80a4d9ea8f09285ed78f36ef7c,2329509
4996038,d24b369f0f97b61962d91901438e859b,2329509
4996382,4ce90de2642a90e0ec23e0929444acb7,2329600
4997189,940f1f79c5c216e8ef25ffee56381b23,2329905
4997461,55b862610af010ca5536515db169a853,2266555
4997828,aeae93198e7562542d3542989a15ddcc,2317060
4997867,8a6cf860f4deab6bd83dd8596ec8bee1,2330141
4997870,98d82c5d109e1b7005dfcec791bda8ee,2330144
4998046,e55cafc044a51ee876e69ee7d7c6190c,2330192
4998047,3a558f581064cf1b77de024dcd146927,2330192
4998048,3d0a89dbe76150cc480799136a19ce34,2330192
4998049,14d84bfe6589c387db189e0dd5733ad2,2330192
4998176,8fa57126e13896ac2d237a4a22f14c06,2319352
4998241,8d4274156279b2f7612e8fc87ecc6b19,2325770
4998329,f8a737354643b4ebbec9ed2ed2a74148,2325770
4998971,0e6c1474a4c144be505196dca5487fc2,2330527
5000183,75efaec9f0beb32a076ac9475f3f83b7,2330972
5000583,5a19d242a54d00d5e3e4b5c2a2fd27b1,2330527
5000728,86914dc2126bca6881f19807b8c63a79,2315558
5000765,c86da0b5c96c7b51dc90995c7833f6df,2331207
5001311,a4a488338ce4bce130079ac971b46588,2331207
5001312,b44f64d09c2a3d5c6a0032bcd8472170,2331207
5001313,c475c379efe7a33cbbc8361f88f9f058,2331207
5001314,d449c9138949f92c8c40564a46d85b5b,2331207
5001315,a171c2c06664d25c3d15658215855caa,2331207
5001854,fad822ddab3ab54896b620d71aff5341,2331539
5003438,b998c873318524a71afd100d29d2fc09,2332078
5003508,526fd245bd22654a84005a0a0adb837c,2330527
5005493,103571db2cb22b8ea940af7eca9be083,2325707
5005790,02e7487e702d79d9816b9d3acc3b752a,2325707
5005944,31960857b192d2d187c74cafa5fd24d9,2332834
5006190,36bfe917c0fd52f5b1789d6c45140ed0,2325707
5006417,2962ef6e9deaac2747ce8dd6c3ff71ee,2332985
5006479,6e0817077a61a4870318fe07cabcfcbf,2302416
5007199,89b42c75555b72b50d3f48581c565b4c,2333334
5007262,1b7e2ccae1bd405a74a4f8009ab28169,2331207
5007917,989ea05ba3b7ecbd73545a26e077d68d,2333609
5008074,e56fb39be15b7933fb7e8e945e379846,2325708
5008465,084177e5efc41a43e523299b58b14f11,1704136
5008466,cee65970efca6e99ac16ff1ed283c379,1704136
5008467,923c3fa91a6c9b116b013b9586c00248,1704136
5008757,6531af531f5197a14caca00418014930,2330527
5009020,1f0c569b46f1f4d557e748fc41c57b3b,2333957
5009021,2100bebc639e17adc59802189d421e6a,2333957
5009022,d6d07874dd603b77d6fcc900aed59061,2333957
5009038,5077c2b052440c953ab7f1627031d79d,2333969
5009039,0c7a4176533080866683ddf67ac5b7cf,2333969
5009049,0b7abe6be6dbde1d71ef48c8c89b8eb2,2333975
5009523,9be0f0f45b24b5619a0f9187f56dec94,2334158
5009524,1ec925162a4acd54468a3d31522bf1e9,2334158
5009525,53e50a9fdabd55d05d7199c3fd175aa4,2334158
5009526,591b2a1f135b645a160fd300cdd601a6,2334158
5009527,2632de54c4a997ceb3a637f91a2f0a4f,2334158
5009528,81f8f90366b5ed30d68df123e7f0a0e8,2334158
5009529,9effd6366a327d498dc72638e00e3adc,2334158
5010470,abd1eb56f4b17c1c74450fe634811205,2334475
5010486,306fc055dfffe0d9ffecd68a380742ab,2334479
5010622,428e0b1594eaafc910575a6d55f5c6b6,2327005
5011367,34c5fba0026880ad2ae408ab8f0d888e,2325707
5011738,25221c4ec7c36aec96c8632ea4901b51,2334475
5011739,8010cd20db4b40fd2aa17ac065ef8322,2334475
5011749,6c2cc172ae978af9290f1ddfefe476e5,2310809
5011828,8f30b257ec83f007bfdbb79267554451,2334930
5012054,f37cddc299400c950d6757a355974bf0,2335052
5012055,9199cea184d13e8d6ea1ba21ebd53d25,2335052
5012056,aab0e7e1fb8e100b6760f9c48a7d61c4,2335052
5012057,fe8e714933d9184272f9f28d605d0432,2335052
5012195,8bb5873603b0a298fb213b21f9937098,2125163
5013146,43a047738332464562e3632da34fa9bc,2335426
5013188,c01441db2aae3de1bd14252b01df6454,2335426
5013189,4d3de107a041d31cbccb08fa6a270a86,2335426
5013190,b98f9cce407a05f9d3260d90d05e9cb0,2335426
5013191,8ef720ab12eace4d727af07668f6654c,2335426
5013533,7c4392105ab1eacad410cc2c3b453c87,2335579
5013534,05860fce0c20073eecec5300f8de230b,2335579
5013535,c226b65b68670993fd2063786f58f846,2335579
5013536,8eea983fcc1e9d084b00a84ac61054ae,2335579
5013537,01ebca88beddf3d41a2fc5d5c08fe871,2335579
5013538,d388522dd4afd73c72c51fa012bf0a24,2335579
5013539,b670816dbac4814fb28508c7f171927c,2335579
5013563,ec94ec47174b5f04c07ccdbc68e82489,2329261
5013723,2891145c703dfba229ac2b8ec0f93990,2098906
5013724,27c90e1d974873b80337f0f810fc0642,2098906
5013725,f5e0ed5a03f47f096aa1b353124e18f0,2098906
5013727,68ac273faeeed5fe7673e3b953a464d0,2098906
5013787,59f0b87e883bcc54085bff2e05f91974,2335673
5013804,6710bde27b8c9d60dcdeec60d7c704a8,2335673
5013805,6f56b81934267f3a54bb058800b8560c,2335673
5014013,3359117db70cea8e0dad905bb262207b,2335673
5014166,e1649b8567736efb1d26782c08601e81,2290277
5014206,d2cb5a87585d64e6333220525f945f12,2335426
5014796,6def255891a6f7da45c827316ec4dba9,2336049
5014797,2123c0698f8fcf3364276fa2181eebf6,2336049
5014798,d273693e52eecb540eeeb7ece74497dd,2336049
5014799,ba183b8a7b9109dabafd3d0312d03cc6,2336049
5015204,2da0c0666bb285c5e40161dcc0eef096,2222536
5015205,b3fb0cd9d5223c47cf3386c4bf14c4ac,2222536
5015206,3012788aae20fabc8889508f72fd0454,2222536
5015362,1fa3dc4feff69564c014e8faccdf89c5,2305457
5015693,8ef1ec6acd2976cec374bc7bff0b7ff9,2314515
5015813,adc0102ea93a92c35d9861643741166e,2333957
5017031,388338cea69a6ca2c955a3795e6e4739,2247839
5017086,9d64514e018ca98c3ccd38314620dea5,2336927
5017170,40a003871f9576dd6d41ae3c6f60f75f,2336958
5018725,ee80c14e0ed6695a20729fa9200a6f2b,2310809
5018937,9d5976b107629722c8ff716be64679d9,2125163
5018938,30c59dc7fc330f765cf1f8a2d98d167e,2125163
5018947,262e844503f02804b173bee5568c04f2,2337474
5019004,51239f5a31ab0c979676e41f3616a9a9,2337498
5019099,e205753092b74c66e2d112e6022f09d1,2325733
5019641,f4af036685d2555897743343b45b96b1,2310809
5019642,552e4cb2917d766a1746c075e82e3009,2310809
5020791,7f1ba7cea8aa82652d29b4f7d4d2a4f9,2338039
5020963,fae4ee06bfa756dee6ac1d1b9738b869,2338118
5020964,d7371a3b5c6f77ec9429ef1ab20c5051,2338118
5020965,3171e6449d07a552a3f1fefab8d747f5,2338118
5021011,90c3f9ec0b475fc9eb14c0328af7a9bd,2337763
5021581,5c48e1820cb4d8f932e45e15771b8b9e,2337474
5022387,029fe1c2469b281be583334299329502,2338601
5022920,e5fa854d4a5cc4def460d79f0152c6f8,1275653
5023151,dfd3703229375fbd62f5e1b8b5968098,2338903
5023152,225980367739ce2503e061ea2cfc3a66,2338903
5023190,a42e2722caa7e377dd1a3b7011baafae,2338601
5023259,3aa14e174ebee9df2e55fadcc6b67d08,1931812
5023313,f4d1921025d54a75b43a0277da6fb1de,2339001
5023434,f94a1d3c443bf0d645762066b51ef7bb,2290277
5024075,aebfb413aca594e3d79f37e2f78df555,1385168
5025262,5aded662392b04bc66a783f9c6245fd8,2339001
5025397,a25d5f54b53b6e8c05e8fe10328d52be,2339554
5025452,4bf9144cfbf607cc687f5cf0d18735d4,2338601
5025749,cfa8fa558ee451e526c2227a8ec0776a,2339687
5026076,5a46ea75b2b0fc45ac8b16b16519e086,2339687
5026077,387549b57cfebc769bad5cc6e1cc8e36,2339687
5026078,9006c72aa3de85629f081fa1bd77de8f,2339687
5026079,6ebbc17ce2ea54bcf765a571e800a424,2339687
5026080,b57920d888a61351fe3ae413366037e2,2339687
5026940,661b822d12d5521586226d61643f4121,2340101
5027133,b3f00be05b972afd42543608d2f35640,2338118
5027138,3e2434eafeb678960adeb29983c75104,2338118
5027164,e33251bdc560b9731cd6e30f1e7fbd6e,525533
5027476,a8fcfd4e610f184e6c045ce8c5ffbdc3,2338601
5028278,94f55b6e49eb6f38f879851168ecae2f,2340442
5028287,29c7c75815fef0614031ea13ab4d813f,2290277
5028927,bb4e63b28aa26430b80224b4de23eba8,2340628
5028928,f9eb3fd1a737b31daac55b5d0dfe78f5,2340628
5029349,b02846a5dcb0a073118591dd300ac48a,2340628
5029509,2277ddfb74e2f273c2497030c64e5798,2340628
5029546,01a1f6ac8130d9fd48550ac99cf8eaa8,2338601
5029547,e837ca45973aa6ac6f49da376f890115,2270815
5029562,039dfade2c2d136349c6aa69178330cf,2340628
5030026,91635280254f0e64e70ad87ddb5dd552,2336958
5030417,7eb6e43d6c6892c214cf46bf8e0436f2,2341138
5030496,050dc38931d388167f03304e7c7e7352,2341138
5030890,80dabd66fb57f4c45363576753cb1de5,2341330
5031089,c1b12432ac76b29f4ab444a3a5bb3a9b,2341138
5031421,5e731ea0dd040b3f9ce4301799fa48e7,2338039
5031422,29337165d925053376e9ee6093e7e284,2338039
5031423,e3655c23fcfd98b7044cbbc73bad487d,2338039
5031446,1a9804be9dcb98d2df6e6fab68fef70f,2341138
5031842,0bdca0ef0c890e7786f3272ef29f24a1,2341595
5031843,a2e732e45ba08cfb71a62f453bf94e74,2341595
5031845,f079750e3e1d562a7c1e9c2d946c1ddd,2341595
5031846,f5a1706fd21ce0b09db3d292a1a71e80,2341595
5031847,8787b4cd06bbda6219b6f481e3b0c4c6,2341595
5031848,8fe25d3ecce1d4513392352a6ccb48fa,2341595
5032411,b6eda192c7a9e607aba6bce5c7eaf16a,2338039
5032484,1b84676abe60b5b39dc94096ccee28e9,2341766
5032513,5df22c3fceafa0b2ef91f9f9563b0781,2339429
5032514,f4a3bd6cb9ae4c94bf009741919a7638,2283410
5032855,bed68ae3f1a55b512c0c542cdae83f94,2324506
5033548,2165da5c79cc56d06574f77359ef7b12,2340628
5033562,dd8ecf2c622532232d467056bdfd6915,2339429
5034002,0e836218891ff3b6892e98c2b083fcd3,2079321
5034186,02962db39de3ca4a1d3f888f7518e01f,2341138
5034987,4bf23874fd5754e3c0a8e14de97f91a1,2300542
5035028,951c999830518ad8b23536e658f0bac9,2202208
5035169,020c9f02dbe4f7aacf954e4792f8629a,2342660
5035260,7b0ab6c8f403406ec913cd850525c68b,2342694
5035453,29443b09d852b1ba1ffaf63beaf71af9,2340442
5035874,e0e1998783154f6c967e85fecebaa7ac,2322300
5035904,69ad234af97cb196b44389d6864e6eac,2342660
5035905,23246b130af516bd046f8734312e2023,2342660
5035906,9dc211228c3ff9e36c42bbfe68f26f81,2342660
5036011,3593ea8d5688943bfaea0ba99411ee75,2342939
5036596,7fa834bbbd27a06c67e025c208a8b43d,2343116
5036665,5910d2987f3c205a7ce95f9318003887,2329176
5037100,52ba1f23f053573ef6ccda11b7d63e76,2343293
5037101,ddb9c003dbb204064643ba4f53e460d4,2343293
5037102,9910676abe68180d922d5b8ad5e209f7,2343293
5037574,237d85e3385d5b78e31cb1f1fb33fd63,2314515
5037909,1154a89bf004aa7d63863f7dd009e3ca,2338039
5038024,10c6230c2839f8335030a0bd623598c6,2343633
5038036,c88b9068bcc6c7960a4bc70dda3035d0,2342660
5038037,9f393cdf0b6d4b3b967f9e8d83e7a642,2342660
5038127,81ff82381a9ce3ba106fcc8c661a9330,2314515
5039086,32b55f0595b4f861478e783f918b102c,2344107
5039087,d6f232abc1307cd2994f0d5388b5a760,2344107
5039088,aa3cd18130241c611a7710c9b2303ce1,2344107
5039089,bfdcd0d5ec92b915acca28bbaeb18af0,2344107
5039489,26ec7f5915f3e4e3c545b7a362e3a67c,2344264
5039490,5bbddad031e62af4860ef2dba0a3afc7,2344264
5039492,162796d3206f9a6e90ad87b633eed570,2344264
5039493,ac8036816fab15d61fe2056ab49746ab,2344264
5039797,d9fb16b0500a63a1dbda8cc7a99d98d9,2344392
5039798,32f3ba238a0e8d962b60f4608fface2d,2344392
5040574,a5bec6af781475ee16c8f78b6fc141e0,2277779
5041091,a308ef87e95175893338136f06891523,2125163
5041268,438b7cef54d48536093ccac60e07a8bf,2344392
5041279,c12f31e9bb9e323073c51789788fe962,2344912
5041394,f152cbec7750d1e01c9971a9d5f1e047,2327005
5041554,48910455ffc87f5c511a807b393697c6,2345029
5041555,15f4265a03be1aff9efa518e10489a1c,2345029
5041556,f5c435bb76f111728e28152ab1a2b9ef,2345029
5041558,6e40a90036508a9e3f2576a32306963e,2345029
5041559,4e93a8fe3d372c2c379cf3ada41200d7,2345029
5041560,07423b4b30f87731dca121d7727350e8,2345029
5042018,47ab583d472a079b6f689ff65c572c4e,2126282
5042057,28076f3be826a8db0911c605b97ec759,2214906
5042334,0c9ace8aa3829f542ec1d005fd6018d6,2344912
5042335,afbdd34c07df15b4335f2d4bffcc89fa,2344912
5042662,909b9da6cedaa98eda681124a3d31a77,2345407
5042669,a73087fe6576e3e0eead8a72346ca90a,2308698
5042981,715a0a9b1d28ce1f058851eceda5cc26,2341330
5043449,16f8bb5bc5def3b5b451a9a1822548ea,2345628
5043540,b4fc88ea32f4df3aa45dfb0f5a0866ab,2344392
5044188,9101a177eb71ed46839995bc93ed7fd0,2311045
5045015,2ca78156c01279a48c38e2559f314218,2346082
5045016,0d662eeb37f3b3c66eda67bb3e933085,2346082
5045366,f1968f82ef2b8376c1e304edbf252f88,2311045
5045367,4d261262bf63cfaf831122f141d2a834,2311045
5045924,70b2e650c4c2af528e6b4302ac73f249,2346444
5046129,b329efb392a193547ea47a6246ddeb3a,2346523
5046300,414c4c10584705e38206e999e5c57175,2327005
5046339,c0ea9d8f58c41d831d73aff65c91630a,2346444
5046340,290b5c5dad17d72b9aee159d5f76e5d4,2346444
5046341,aea289c316d7f8793cf67bdc1ce426bd,2346444
5046360,cb440ba3fc9b5c1a3cb4cc9f70b13eb2,2338039
5046421,5b18cc2e66e3b5bcc7249106025a78cb,2327411
5046541,78be9dee3bec022e26beda3d2b9372a8,2258498
5046548,0beb0f103134c33c5f3add73bdcc4713,2340101
5046642,1cda255b738c3a8ee5112510f3dff3d2,2340442
5047227,65633a538373400e686e92ab3c648937,2341766
5047442,3e52e1cdfba08efffe843dc7ff094108,2346990
5047621,03eb5726f3dc3e2440c8aa514c8219d8,2101410
5048510,917a679a4d811647a1ad0dcdd0916604,2341766
5048521,a42bd83781aba44eb71900a083e07cc4,2341766
5048522,0e0d56191dea9c9d43cb44cf4c180747,2341766
5048523,edd72666d125ae5cbbd7f61f0fdd7a63,2341766
5049502,e5670c9c8e503c7d7ed928330c3c45a5,2343633
5050540,f13baf48f6ddc094bd02f2dfebe9fd56,2344912
5051824,42fa4f3af070af02ae162c8e611175ed,2343116
5052204,dc099438911700005f0c1a06d88fce70,2344912
5052336,55e5670520d1d3b120492762c7c39eed,2348502
5052597,4d9335417ef4d08048fb8a4a1f009d28,2278902
5052598,8deee1357448cd04e86d365453a6c125,2278902
5052599,de2d8fb1c383cd1278f5423dc3106ff2,2278902
5052613,0990f7f4d2a87692e3c82bae13ca6a72,2348610
5052614,0beb69f451cb6ca82ec6da454556fbca,2348610
5053725,532f6473a8a875dd6fd86b68a2be4b4b,2305457
5053973,ba3210a46faef85f2990505a4a6126e0,2349092
5054288,52a5c5c9342e4550b5ad437b4ed927d6,2349182
5054345,c84b0976cf9932a5e19861a9d7d8c661,2319545
5054354,c67ac083fb5222aa204eca16af6d69e1,2349208
5054355,e1ffca0eef7d54d5a3f41de3f5e8186f,2349208
5054473,9d96b5456882458af8393f489fdacadb,2349242
5054571,fd9ae65b621c646178db22f854b90e30,2027242
5054589,e0907b01ae918e05ef3fbe85d31b8f78,1925503
5054682,7748cbe8a8d55bbab8e620abcbf88a33,2349355
5054821,a637b71d99a228ed2ea6bfba4cedcde2,2349383
5054824,464ed8bf462aefab9f63599fcccaf999,2302552
5054825,0a0520bea089e9c8ddab219e8db2aec5,2302552
5054826,e1e9904ff38faf56762ffab75a4f8510,2302552
5054827,46e1b3fe86c66dbab942dde4a118be28,2302552
5055192,25eb58ce5aba80a94fd6c45dde166e51,2349490
5055195,0a8bf4330ef7c82c66bf1826be49d491,2290609
5056151,61582adce4996683d24c5f0052588087,2349815
5056228,484faec23700cdc6427beff27ab9097c,2349851
5056229,803d341974ba650cb037143b5cb65eb9,2349851
5056230,78db215e0f6c30182ae4cbcda84bed13,2349851
5056231,b7e003843fa2b02939778f0974e0c684,2349851
5056344,ee686e835cef4eb2fe1b0751b8b548c3,1368711
5056349,546d640cc6e691877f8792f60e42e355,2349894
5056350,e697fb5f03f8fead8bd97caf534d9095,2349894
5056594,84c7df72e45e4350fd42b2d81ad1500a,2349987
5056706,556b8c6ac590cd98d83adfe11c5503d4,2349490
5056734,762ef398d758a9687a5de7d62396a53d,2349490
5056769,2781248bc71b7d1401cc4b8af41c82e0,2349987
5056781,56dda43851af1f9aef7dafa61c46d68d,2304774
5057943,fbcf44ca9b75239d1d8b811d22258e70,2324636
5058069,453c3e5258a1d2567ef53faeef1f9f77,2349092
5058094,ce1be161a474387f785fc67ff898d933,2349092
5058169,833ff675c31d02ceb77d4a6b1612ffc6,2342737
5058178,2bff54e8ec584e2e26b9e94e02c0c535,2350645
5058397,c512defb3a5d37a37feac9bc97afbbbb,2350749
5058398,b2caaa5713dd614b38035e5327c947c4,2350749
5058399,aec46e1b0a476f43708ad4bdfd9636bc,2350749
5058400,3537ce15a106a8f4a49444c026cd6c54,2350749
5058401,6d842a0d07228926aba0afd89db748c5,2350749
5058402,52533f00793a4ec293099ce3eb9fea29,2350749
5058497,d818c2ac76943e4bf270d6f988d89aaa,2349815
5058862,67f9a1e596b662379464e9217a431be1,2350858
5058863,c6e7dc666378c35b7df780c545b4209b,2350858
5058879,d8e4aff70ba8e5f7aa37c1c4706c2ff4,2350858
5058880,e8bb3a94097da0fb22ba36a3f444126a,2350858
5058918,b9a0f6e4dc011a73fa4978c125a3fc77,2349987
5059476,2fd5ef8c1d0ee8aed81fd63e50b071dc,2329176
5059724,fc303b90e682ad54f291add2344ba1ab,2351212
5059725,77e2eda0221584dbd4d8d724ba231a1b,2351212
5059726,7655ba7013d0458663b1942ad950a392,2351212
5059727,bcc2978c9c973d68fadd0601987a44e7,2351212
5059728,91cdb48aa35a4e539d2d32efcaaf6ed4,2351212
5059937,4c33d8f28c79be73a572f43c5834d1c8,2341330
5060018,a039d2cb574f46b46e5b339eac5160f1,2350749
5060042,3b185a8d383fd2677cdf02797b09c767,2349987
5060079,c32b6140b2968a02ee4587634d3bcdff,2341330
5060238,29e9bf330c0d45fb0e773c6819059e48,2349987
5060239,1c9ebc2efabe88a5e06932d8def9df90,2349987
5061423,f61d64a8b5b59782ddc0649d26539642,2351766
5061439,c0ec2cc59ddd4fc9d73355d427018c8f,2305457
5061593,bf5c3bd4ca892941089631e77cce4ee7,2351766
5061646,6af28b2d2471de616fdde05bdb43e4ed,2349894
5061718,dab40950a20527680eabb77a28c2b882,2351884
5061719,0d7a4d13d1a1bc99a378059dfab4a34d,2351884
5061720,4a544bf2121d95ff9440d6dfb82ee031,2351884
5061722,48b97ba1e8dc19200eeec4eea1a1e985,2351884
5061723,ac866dbfc2bb7629dd55b7b8afabdf84,2351884
5062522,42713ebaa15ca5aacfb4968a94a54465,2352150
5063117,571e9a2f0c82319a2dd08e4aae89b54f,2222536
5063207,a077ec20e38ad1ca402ea4a39bec7d10,2349815
5063227,d59d29390b36a9b8244b1966408a90bb,2351766
5063735,cc0ba5eabaa62ecfd6f3fc4126789af2,2352480
5063938,49a198bcdeef45c476cbb82631b78f5e,1585559
5063939,cadb44a19670637a4508339aa0b9acf1,1585559
5063940,fea18378ebd359e562529a30d736ef10,1585559
5063941,aad44da02952e603de8887b47dd8e801,1585559
5063973,bb90581dbf837450aa0062d295a0e3cb,2127480
5064006,bcae21fb953c11c5eeeda16307029de7,2127480
5064216,9917b12dc456b6a45812480c4d003958,2329905
5064253,549897d871eb5a7864b0cb31a45962d7,2329600
5064317,edcd877aabef3a142225354308ec326f,2329176
5064712,01533429b7a7c399a2260bcde50421ab,2349815
5064887,70ac4728c0befde085cffcaec43cfd5e,2349815
5064963,713705270cbb3862732b8ff06983bf20,2329600
5065186,fb60d1f82a6965b9a3103ba3055e7466,2329600
5065204,b8db029dff598894fd304f5b9a8f2a5c,1413104
5065744,a4fe45a287a911dc684c811238653d27,2346444
5066243,c6278996a60454e9a59d2d20be31ef2e,2285361
5066244,ed22ace374cb6df284ed7175a3026991,2285361
5066245,44e9efa9dae61684422461af5aa2910a,2285361
5066301,768ed4fe1ddece9a8e5cb0305395eba1,2222536
5067158,3f6db4aad3fcd23bc85dda7289354565,2346990
5067160,c17089549c0c034047db66bac017743b,2353806
5067161,65b90ff7878a81772eab63da7e1cee22,2353806
5067162,e465cdc47c708cf1bd6950ee6e56ff4f,2353806
5067163,304094f5b0c8f99575789ecc4258c841,2353806
5067164,aae1767505b9077b7db77820950f8d64,2353806
5067210,158f3a09dbe6f2ebe9b7206fbb155bf5,1931812
5067291,8d05aa7973c98886850ad19273cd8459,2339429
5067346,1ba963d5abce791ef7445a67059f1069,2339429
5067347,b20bc65ca0ddf633d9effcb967eb9243,2339429
5067630,d7696b4124d486c9a2afe476dff5230a,2339001
5067986,3d692d9097270220c65651441866399d,521804
5068582,098302bfe3dca50e838f1046fce0b96d,2354321
5068685,4c540a034fa8755a3116e29b08253d19,2346990
5068771,242d62ef3ae4a86087b4a52a8e4df665,2318291
5069545,d1ba6ccdd67439513891ad8c85d0399b,2354625
5069547,e9cc49717ffb8e56a9cdb64816ede2f1,2354625
5069668,e88c4b3f53451ae0807d6fec4e65c417,2339001
5069906,dd7d9a0fd7745b2c628b9d4047124371,2352480
5070032,51f131ce3d0541666ed7977532978416,2353806
5070395,a2f8cbf39ac4729e9b6e7afe2ca987a1,2299919
5070396,0581c20cd23823ec46fb9a927dc04416,2299919
5071087,9d56bdc9a7a94fb136369e2e9e9ad31c,2302416
5071147,fb10f50f336d6057baa08a2182058bcd,2355208
5071760,cecb2220b596cd8650a7a66d0578d250,2355421
5071761,2ae5939d5c82d95987784d6ea1c30d14,2355421
5071762,d43b1201c08f8f84c964d369bc3b2b33,2355421
5071782,428dbe7962e6fdd229318b24bedaa02b,2352480
5072409,8a67a13b355ace4666a8eec2a5fa3bfe,2355701
5072812,0198763931b4d3fab664973b255c3bd3,2355421
5072822,10a84ad2070d23497c1a52130e8c1e94,2352480
5073007,15460c2bd29a1fb7f2e2a80bf83962c6,2352480
5073407,6b9873be66409f0ec595bed43ebffd13,2343633
5073596,c6784fbb5024e4b2a97b7e4bc8e3b0da,2356075
5073850,be8ade5d4f57fc38333413ce07521b96,2352480
5074249,21fe44b4715b5e6031354fb6f9d6fcfc,2354625
5075020,36c843377099658280dd74095fb924ef,2356585
5075021,7a2499634dedae3bde2cab29195f2108,2356585
5075022,bc5cc9069af49ef2c88b2a3289c3af60,2356585
5075023,8233107d87e8912ac54552c88af96541,2356585
5075177,f458d26981a478ef02897ffb5997be5e,1411397
5075178,d0c0bf8f42ad233f95690d5c53206dd6,1411397
5075180,c70a90106532c3a52ee8590e7ac61f8d,1411397
5075185,5f50edb72eb7dbe92bbd07c85cb01ae3,1411397
5075445,53143eeda6614d3f72f0dc5781656f84,2343293
5075706,dafca90273a29646eaec5f3a4445e177,2299919
5076124,ad9642fa6ec0b0d49717297f5538ae8b,2325733
5076186,692054e66b66605ef17f452932d9b062,2356945
5076239,19ebfc30fb6f8b4817a1db0e73f6875d,2334930
5076240,70e41e5747b063b0ff454a61596e0689,2102784
5077054,6a109c779030a199f90e169cab38759d,1986822
5077055,823f20e42b54a9657dc85aab839a377f,1986822
5077056,5094e16bfa8e12e863e04a99d9cfe87f,1986822
5077057,955534d372b9660f1c988ff103d765ba,1986822
5077214,e2fdec7e508da1afc896c3f27affa9d2,2357346
5077407,6ea01e6b1da733c95fd5b180881aca13,2357381
5077414,980baf2d70560851d46548f218e80bef,2357385
5077507,967334b20ba05cf6ccf76730e25a4345,2278354
5078292,c4a305e6585351abb700f1eb9c744615,2357684
5079949,02b6f8f2b5270239baa838b4b9f2f4be,2358079
5079957,9761ef06db92e12e5f926c98571c9504,2285361
5079963,c2c56943b61306e74cd6ec4fc9060022,2333969
5080021,e7733262a0b9ea8094f4b729690d4e71,2358116
5080762,8daf167c377c66a17e84405a38543177,2357346
5080763,538f2a25407e9a7fe341b64a237c1a90,2357346
5080829,e42c2b775659f26ad31e67834cc1a1e0,2357346
5080927,4d13520957fd8d56f134a496879ab8c6,2358356
5080928,6c1117e5ae3e57d253b4d8e14976e65e,2358356
5080929,bb8b535088de2e53ea2c4c2ab719c4c7,2358356
5080930,736796b97ec9d3e1b5e2b4f259ca9330,2358356
5080931,9c043357942e998dd043c197fdc8ae89,2358356
5081013,58e2276426ff62fcef65ee6cddbe6b21,2323787
5081774,46d425349166dfb9d3104dd14ff7400b,2358506
5082011,9e1c2588330d819bb1ad26da9d242460,2278354
5082026,b52cc515ae0123dacc12a899510cb159,2358613
5082027,7037c580bc06fa88976085d7d6f96266,2358613
5082028,4fda997c46885e948427e56261814714,2358613
5082029,dcde2f5ce283ea7b2c7c164f39e96b04,2358613
5082107,eff5771371de79dc6609f2cf8ad6ce80,2358631
5082121,1aee00cdc08a01694e34ae631329f5ae,1740680
5082747,3db9f2d567906a4945c33d024d9cfdb2,2355421
5083128,998a170ab5bb9397bade85a689986886,2277697
5083547,15c51c8a9cbd9d1f4ad5e929d2dd0e36,2269020
5083576,e3feaa9c48a7380c05401829c5fe09ff,2359141
5083577,ebd46c29e447bdb9cd8cdf8c3810594a,2359141
5083663,d714909a7cb370e69ff4beeae6f3e394,2359162
5083664,2125a6bbd2d68afa227f36e226caaa5a,2359162
5083666,0e23596de5871fab532526d2724151a9,2359162
5083667,91534e92689cbe9e886514d6021cb4e7,2359162
5083766,372866c426e32b6f6a2e33281ff8b8b9,2358631
5083767,6d2289317f31721e9378733f30fe8a18,2358631
5083803,5a3d56d2f6b16a18931793e09d4b9b8f,1938343
5083962,55ab58f54543d4963eea1acf603d1f35,2101725
5084181,adcdbe66bccdb94abc687d2e06bfe2a6,2359058
5084583,8b03b62b881892e284d304bfb09d46d6,2358506
5085328,05725f4d61a8460ddc19f636b067e4fc,2359689
5085382,75631b007664e8cee87c66810537a6e8,2349092
5085707,e9617c1b778370539fd0d70c00a11e53,2264588
5085708,6b31ac89d1a44e20f66557ca0a9d2414,2264588
5085709,c2a8948867f3e22ab3c5526731a5c3e8,2264588
5086159,cc0cf4ec757cdb3d2044375b550f5fa3,2359058
5086231,f449ba6fdc6c8e53b0e8e9ddb64ca74f,2345628
5086620,c3c578a22e336aa2aba3f47f7527d054,2350443
5087385,b979c2052dfb01677692ab90bb3d4bc7,2360491
5087399,10ba78168e65104f70edd849d0bf8f6a,2343116
5088628,1d880597950645bc2db800a0d8154789,2312406
5088876,c9e2521497d73d6715158d31dcc94210,2361089
5088917,fc69b04c3500e6cbceddda9890ea7fc7,2361107
5089127,b873cef958abe8a26cb63bc2b3dd0f8a,2361089
5089128,08b52124efbc5dff4571e69e7aa9703f,2361089
5089133,8797c080acf7046c4a18425f7f4625d6,2288274
5089141,641e61e41d51310a7663bb6700899ce6,2361107
5089349,11c13c01d2e4c6d1e0d41feebfdff694,2350443
5089356,8c8f1bec07b7f65a0f5447bba6a13698,2350443
5089357,5268a363a2184358cf71230afbe4398b,2350443
5089386,5650802279aaec28a541bf2d4be28248,2361305
5089706,2a7d6ebaf03c3a6992be6594545858f2,2361455
5089974,494e7e1d11c69419d692b8745540f2d2,2361107
5090064,8a457d0b9446a6b0d3b4a86426f9db64,2361526
5090065,4ed2759f55c6a4570c2a50c53bece6fc,2361526
5090066,5b25ab791a591ebc4f0f4768b0d2ba43,2361526
5090067,4792148bcf5bf04e3ce8682bdb131d17,2361526
5090068,72e40b729eee1dd5ce9e978bf3107890,2361107
5090069,026958f276ff26752483f8ad3a2edc1c,2361107
5090092,048ed2bc789148fb2a5069402a10b18f,2361455
5090336,52d4495da300f91268c88f504617d3a6,2345628
5090337,ebaef1a325018084107a5b962afd7a11,2345628
5090401,ef3df0174e880815ec7219c722f3b35c,2343116
5091337,e13f42e2637f7e069dc7682fa18fdfda,2290034
5091339,b5a2d9987dc0189b54eeae8ef86894c4,2290034
5091729,7f6e062a75b68eab9ec6aa82cca00662,2362095
5092101,cfeab4e078bbac5cf54b62f461cfe550,2343116
5092176,b0f6aad50b704f1387b30f30415a03bd,2362219
5092266,7ca81916d44bfd53d5f327078f845485,2340582
5092476,3874248329089677d9b273b646c743bb,2362343
5093060,1df8819ac64ed743032cac3d0d6d7e03,2361107
5093264,dae296f589db029b92fc260ad875adc2,2362621
5093265,6ecd530f46830cfcd9f9253c828c6757,2362621
5093554,246adade98f8ee55c8e226979e34bd34,2362343
5093555,0616711f389225ee87b7d4a9695f8ac0,2362343
5093556,005b0fed44080f55d1d344aad7856aaf,2362343
5093707,cfb7b8a1c411b08a649fc73abb295d6e,1709535
5093708,9348fcf7da4ac11f77ed0fc6602adfc2,1709535
5093948,c9c9a5c0ed20f15860c82c5be9818cfc,2362903
5094215,f2ac8ffc4e8aeaf5dbd028aa3d25ec5a,2359058
5094216,99ef649e109ff44c5d678a49574b5b40,2359058
5094217,d246f2e61129f571dd00c1340ed61545,2359058
5094404,c379bd9cf9bd000f3bad21c5f3cd5c9e,2278354
5094405,f26846aa20d17059c99f155cf110879d,2278354
5094464,21c11210871fa91fdd0d766f24255419,2210030
5095123,55330069a6c73069571097dcb5046a67,2284083
5095308,8ccbb272b296488a6f0124644c4409d4,2363447
5095309,501bde2c4ea43640a8f3da0265cce391,2363447
5095310,35f8da802c0c1492eebf84903e91f315,2363447
5095311,71f4ad3f158cf4a291bf0bd67a165f7e,2363447
5095375,5f64db3f84c44f6c0794e50c1d4585c7,2362621
5095461,effe2f3627fcd30bf3b760f71fdefdc4,2363513
5095509,0d749d99c5bd4ebca95e29872d060f9a,2363527
5095566,6c4efb5531b65ecc71fe966a87f8d6cf,2215969
5095582,ee9e386b572b359f86920987d6534f2e,2343293
5095934,370aa86c7f7568c059466f65cef90ff2,2363694
5095935,64f7e05c76a32399ea66fe288f2d2026,2363694
5095936,7806aed6dd73b2662be03733e40aed0f,2363694
5095937,ff4dd8e371cb0f1ed8eabe4945cf03c1,2363694
5095938,9c749ad32d0b4e380f842a5cfdf0c8e7,2363694
5095939,c2719185eae33bb5383bfe811f1c39ee,2363694
5097104,bbb9a7ff38a5025d9a4db0124ab34b56,2364079
5097337,9609daefb4ef9cd2fe3810c8b4aa1403,2361526
5098185,0e894a0a80161a7aae63dda87f30bf0a,2313635
5098454,a6ebbcf32416fbf053d10743827779a3,2358613
5098665,4da5ca852770eb3eeeb1a302b481dbbb,2364686
5099554,5f5b07f5a73cd78e57d232f47ffe1432,2364931
5099666,5fb7a97b06fe0a40b9992260005659a7,2364970
5100348,559ce8ae21a50414c2adcb556a694ab2,2363694
5100456,125124a3b686d1540674b3408abc5c6d,2365306
5100519,66bb236ee296b1f68f032f07655d8b62,2361455
5100683,580c74d08c3ce780683fa7d83efec8a0,2175865
5100854,5e4d4016a3d479c22ac142ca53dfc4c8,2365469
5101030,538fe6383a80b24a080292c002a2960e,2313635
5101135,1152a953d5a4cd8a67294fa07d05ebee,2365323
5101283,174eb13a6856945013b800ef66dbed36,2365588
5101604,a4fb20dc11462e4c1f5c533ab73b784c,2365717
5101605,9eda9951339b662f7515803dc26361aa,2365717
5101627,07f200ef94a7cf71cf997a88a5298f56,2335579
5101658,d741c5d8da63582ab7e7ceeda75c4475,2365717
5101729,397c4223bfcb1b8ee300e58522ab508d,2365717
5101941,0526edcc552da69748439a4a4244898d,2365859
5102093,877f7f371135cbb37655b3ef6dd019e6,2358506
5102094,1693629dca6f4ad15f2f0cea2cc5dfeb,2358506
5102260,49328a8a9cd74554dfd56c1f28b4fb2e,2361455
5102449,0fd1f5671e59730ddef0a208bc94d51d,2364931
5102450,1ec8bf6e57b1cc4c06bbe4dfdf37fc39,2364931
5102539,1a274be1c1ddda5f4a4c427116b05376,2366018
5102661,370f652314f6410989bd4b7bdaa8fde8,2325733
5103887,04f54e18f0463c5a66892d2bde195523,2362621
5103927,60334acd8900080410694dfedebb050e,2362621
5104660,f5735c168e9931fec7725beb404caffd,2365717
5104709,ea0f16e8725a1738eed39e61dae1fd66,2366679
5104710,c2f5706705eb40dd1e4a17f9328a61b4,2366679
5104711,a4da234b516f3ea4974d9dcb671fc373,2366679
5104713,02f194c1e70ab2887de7b8f39de622e0,2366679
5104714,67822a0c214b3af5cdef483672898df7,2366679
5105130,2ccc053c7bd0abce4497a74784f359df,2366811
5105131,9c858e2aa536e8f0a8cb3b22f340d813,2366811
5105289,e5b0450cdcf06bb9a37ea8599c9add5c,2366876
5105790,e06dd2c0a00ff2ef4c52ea688a7de8d4,2367080
5105801,4b90449f4bf3294a24dcbc8bb4bd93da,2367084
5105802,e0fdb1fae2c39cafc31a7ab9b924c283,2367084
5105803,180515e4b90ad62c8893fe73d4abd1a1,2367084
5105804,50d87cd5f0efa3bc8fe4658ae8614604,2367084
5105805,1b03a2e3d239e1e62506a9691340aefa,2367084
5105806,4197373ca34da1d94f87afb281d14103,2367084
5105807,df249fad9db98ab5e8587a39aa11ccae,2367084
5105808,d01d3282aae50fab7676b2aaf73df28b,2367084
5105809,b66137e5221c1548f2b2a0641c811786,2367084
5105868,a52484bcf78a5c8da353ee0ae904cd5b,2367105
5105871,0625852dfb0f6f6b6efee00fcd3103fe,2367105
5105949,90837c109edd289fd2dd1af27fbd380a,2362343
5106612,69850019174e1a2255b840e4c27818a6,2322234
5107068,f612b6eb7a7e8d04c43e89228e948bce,1931812
5107279,9153931d75fbd64138a23ae15ee9e5c9,2367582
5107329,a2c533b2d39ed6ec041f8b902238e53b,2367599
5107930,487067e95cb24f34c56d9a6b6a41bffa,2197260
5107991,1d9441ad03cf323238ae7ff03bf4b5f6,2367105
5108067,a3c06123f4fd0d44caecd204b610833c,2358506
5108130,91a2cf4ae81647a61242d172321cab7c,2367885
5108377,1ab87b00abf89ece2f4e337425c1d73a,2367105
5108656,c6ad137ee6ccf4e9a2d76e925fc1804e,2367885
5108658,a3217f6b9d9e7395d0317cc74cfdfe27,2367885
5108664,c479f6bd15dfb46760ca629d1580ca85,2339867
5108957,c93672db46908e85aff89b783ca77ade,2197260
5108975,a3511c0db8ce0b6967ac776c99eeee60,2361455
5109529,98dc14b27d69c82bed2a4dd1ea1b64c6,2347454
5109530,27f822eebaa19a86b54b5dcb6a024401,2347454
5109531,fa74f3653cfa568f985b1f65dc24c3fc,2347454
5109532,ef2aa06ac2777c9ecaf4c1fa364a7903,2347454
5109563,88baef068ade1e38d6a0979631f203e4,2367105
5109927,49afb93242e8f66f8af4673e6bb31224,2366811
5109964,adf59a2ef9fd4710323b84cc80c448c3,2368620
5109965,4c35bdafe9a8404543a4c093099e7d50,2368620
5109966,6c7f82c3723813829864abe0dfd1bc87,2368620
5109968,63288819a28a25a6c66fb70c16553e2b,2368620
5109969,79bda03daa46aeeccf2b2d64849967ef,2368620
5110685,127946a8bd681ac60859a2f840a9a7f9,2284083
5110824,2614291a27a996d77de7302676ff5d56,2284083
5110825,d664b73f37ac13054b36db2545a17ba8,2284083
5111130,c6d3cc2aa991bb4148d22772272dc1ba,2369027
5111622,674d3af8b0667319b4fc2b8c02ebcb16,2369185
5111834,1fece404aafcb15e280b3cc44a590d50,2369277
5111861,04e041e2ef7c251858b402e4e40f1401,2369290
5112193,7d412313c8b4ff60ae1e5950beb984f8,2362903
5112199,892c800793ea87aef4da924f8edde37a,2369438
5113542,8ac0e77cda82a831b37a1edf08f5c6b1,2287627
5113582,035bbb2fe18f9d129ab08c38e589a6b1,1760594
5113591,13dfdd47d7bd582d95a12e7f92601170,1931812
5113818,bd11a9fd5235f0a1c5c5a12825abac07,2366876
5114199,d07630b9d30da88bd4fb535d01495dc7,2370102
5114200,5a1ad87b9cafe8f90b42ea9a0ba54122,2370102
5114201,6faf3e4539c2c5946349f98ced9a401a,2370102
5114202,64ab27a14c67ce9ed88b46e8b593dfc9,2370102
5114203,b878515a18481fd011b9f5bd26e22e96,2370102
5114425,e340610684fe50fbe326f4bbf98bb4e9,2367885
5114426,d2b0c217f12d069d8bf0137d062cf29d,2367885
5114790,662a4f010082211fc2fcfa8d383d750b,2370273
5114791,04516c843b522f3baa4492650c29c5d4,2370273
5114792,c653314e33e75c7085f76bf3ac495305,2370273
5114793,7b15134773607d3a974977b459adb6e7,2370273
5115559,29e384f4cf338030d25ca5bcf846a216,2253780
5115728,f8a0739fda960e9758907a0fe9317a00,2215969
5115729,7ad72ea9b3e0dbd034271a83043cb1c6,2215969
5115744,d086633a9027d5b0b9d56b81c885fb15,2339867
5116226,16cd0910c6fa769b1eb81aa3b99694b5,2325733
5116408,bdbeb7acf6cc2bbcf3170551c6048974,2355912
5116541,7129a390f7338f9c2f771bab5d6fcf56,2370841
5117197,54ab72736cea927556bde47de8c4457c,2253780
5117274,d97de8024ac2c9dd7d6e3f47cd030362,2249252
5117275,d341966d0f32804c61f120a3f8988ac9,2249252
5117277,fb12815eef318d74520b0697a8e459c7,2371088
5117378,e0d0a9cf9bd2210c063f250415b44cba,2367105
5117845,3a971e3d092b6c63ae7dd7b1aa84cb09,2367599
5118640,cd7219fd252c62fca59b58dd4e84b736,2364931
5118881,8210b4fe1dbd72fb99df7bab0818df26,2364931
5118882,956176e674391b139b821aa1b6f921c3,2364931
5118883,abb7802e76b67627a2a98a15c9a04c46,2364931
5118943,856db6e54999b7e42afe93fc06b13843,2258064
5118944,685dc33efecfa4f16697d85f48ff2418,2258064
5118945,b45c70cb63ad8d75258e691df6d02f42,2258064
5119146,ed93c493e13e2145a0ccd95dbbb0523a,2366876
5119320,a910e3a9742aec6b48e09778ecb59c6f,2371748
5119577,d3b2924b5c55218b678d5bd0b12c3b2b,2369290
5119584,5d09ad89660439948b476973684cb83f,2366811
5119585,73e039b6c971bad0df8c50510b227c38,2366811
5119722,55359941c3c0b29d1580e408125f8310,2291928
5119737,72d5c749514debbc810b73a6f5be2805,2366811
5119738,e9954882aafb0590317a718199f52c2b,2366811
5120065,8dc12585289ab9e3bf6e52ebe40058d7,2372053
5120574,09b8ead76282b05ef429cc0cf1c3eeeb,2372221
5121974,21dafc6eefeb6be08ce577ac36eefeac,2372657
5122298,d124b4abb9827100d2cb14f367d63f3e,2372720
5123100,b4de9055cbc10bcd230bd3900e5d9315,2231037
5124222,d8b9940904496d014651d2def8290439,2373152
5124704,d4312c3c31320e530a475a2c96d677f6,2358079
5125315,ce5a92c4c134bd8ce6e2280d15ead2c0,2125163
5125372,e7c64df476bddb28fe5423f3068a93a6,2373541
5125373,b8481ef8a37b29097fe9f74c31af1edf,2373541
5125734,1dc9ea87ca6d08f99b401626cbf8c8c8,2337474
5126298,7003670ffc38865749ad438ecc81d960,2373896
5126377,ae7af8c27d20fa936972e5adffbad559,2367885
5127136,d3f2598065b086222901f0b2fd4a6a34,2196834
5128647,b335bb565bd8263ec438a79828efb7cd,2374747
5129767,61d7f060a3ee46bf6681490b99287180,2358079
5130094,d163b1efae10c14acd06e3a4431c44dd,2370273
5130443,c71318c6ce59b7f90e8c8b7bb3b0b4f6,2019520
5130792,d81033ddeb2f2c32bf05a1e5d117790c,1938343
5130894,b02bcc27a5263ce3ea793f122839ab25,2375481
5131269,7f2ca5001e336ff3c7a96f6c0865e2a5,2375406
5131614,c5725958c725053c81b8e6f287f0069f,2375712
5131949,8dde2251678adc78bcdd11cbc13b96bb,2375864
5131951,31718c4406211b9cd2d889da2bdfe502,2375864
5132262,8d5c158235beeca2877b493bf26e386f,2054428
5133009,909d851a32d001b955ba10e5821c8803,2376250
5133527,052353170d4eb5ce8a4f6de1dbc216c3,2150979
5133823,fe014e2767cef99660b05a85a24d59be,2376599
5133824,adea740e1db8dc535330cb78df9f77c0,2376599
5133825,48cf098446e0d54509f8c75836f11eb7,2376599
5133826,3529a5aa530f1fb8f730380f928d7baa,2376599
5135641,43b04310cfa3394f5895bacd8c615ac1,1253419
5135654,b867ba5c281d2f40fd0e6d5a5ed5c121,2373541
5135717,8deb985ffb6ca1b343ff0f216f40cf50,2373541
5136114,e036274a1583cc4a08fc5e55066baa8f,2377346
5136115,0e56ddc79f7a6be513852c25c100bb96,2377346
5136116,276d25f20dc5c581bd9bb2e485ac2644,2377346
5136117,3702007f883583817f2d5580286f054b,2377346
5136579,95cd6c1bd408cedcf78d723ee37e1397,2377521
5137236,9d5733e28ad3d3025da042b7aa2cf128,2377755
5137270,025ee76702ccdf0fed3f367fc61a18a8,1996162
5137271,6e5abbd32e0a51cc0fd0205882a42099,1996162
5137272,c9d2d5d4c826fd483c008551868e76a5,1996162
5137273,551db1a7643686fd8b4d862f9ce2cc20,1996162
5137274,2742bc701ec632d311b01dbf7c1b665e,1996162
5137607,0ef9e5a496a3dd5db09cb48cf6636c0f,2318416
5137608,5cbcecc174aefca21e548503da8e8a0c,2318416
5137609,65e86e03c999ee5b2bda5070426146f0,2318416
5137958,454115192ef4996f026ba2d19a23a974,2378029
5138062,9047ce7f177e56de4778ce2f21e5ba98,2378077
5138554,c34aa56bd5af022c1a8ea021434b037a,2378281
5138555,383b949a105f50f17b82367783561191,2378281
5138557,9c1b2e21b34fed3b698f4c6e25cbc527,2378281
5138558,f60c7f8a11a76d93616ba3e0a9877a21,2378281
5138723,f685ab91ce5d253541c79bc9961ae1e2,2378343
5138922,ef5a556cd4bfdb90eec2eb3142b3ed17,2376599
5139203,4fad24e5ba9cb96e887020ab853637bd,2378534
5139772,dbb1828c531ff2ecf901c5ba2b135e69,2378766
5139776,f1ab1501b2becd5ed8e474a611910595,2378766
5140134,a2dd0c1b8aa0d3396b47621b758c6adf,2348607
5141188,c020d9b9c735f8f1eea76a415c9db28d,2379162
5141322,df70e4c3503840edc4d1d6c11fd8691b,2337474
5141380,04d9b1be51c56fc0336ac4811e30d278,2277738
5142025,6964ddeb31d0b6ffc14a262060a5d109,591660
5142315,ac4e94059db8bb71a640dd212d6a589c,2379595
5142608,1b865e19b40d8cb1dc076e90f5112fe6,2375864
5142638,5380284e64cfeef6b3ca536fbc8591f8,2378343
5142692,97fda2e611ee374948582ccce6ae74b1,2378343
5142693,daf86f1a7f40bf4d11e40342fa8dbaca,2378343
5143129,3f8d3a5de614ce17292fd330c72d691d,2379880
5145445,0338801521bab140f7aafd0dbcf69978,2325733
5145464,03d0e5e9b2cf2e079f8f120eed057f2b,633655
5145920,d3ca42dc3b0762a7cf3b77c4aef44620,2380576
5145937,41c7990012edcdf2a40179cdfe6b3b2e,2159296
5146125,4b73bb233e7fbd8b3fed3285de63e7dd,2380657
5146485,fe0e059578109240c28d16d837967a2a,2380757
5146729,f90e7b3d63dafd9ac53906dca179fd3f,2378077
5146800,797391396e2abc0310cd6b4cc9b9dfc1,1879228
5146801,1537c6c0646ce7917d820e023d20d3e6,1879228
5147108,3f12401473c8fcadbed79569e44f303f,2380977
5147854,412f921826912df955d4db8750a1f4a4,2182214
5147921,ee3ed2ab175b44634d7875863d65b2d8,2345628
5148312,3bcf8050dd2d56d44fc3322640d84a78,2381413
5148313,e66777d17f26e7c4a1193c15eaf55579,2381413
5148314,a9a966da6f22f684f02f12b131af7445,2381413
5148315,0fd03ce7f27dffc6196a733090e7e49a,2381413
5149519,0f8abecd66980765f420ced3f452799b,2312164
5149875,926fe8958adbe579b1e4922b86997a43,2314271
5149876,2d9925b8d8e28cb7f582cd5ecfbf7515,2314271
5149987,7ba11df3312f2a5ceaa1db9f8571a323,2382059
5149989,28ea85d888717b87457f751dd736971c,2382059
5149990,182fc3eea197685e84cf1dac86f67900,2382059
5149991,3a290ccb3ea6df57304e021034bcec6c,2382059
5150055,df66685c2463de231032109c32adccda,2367885
5150470,c65bf6224a5997f4a01cec5abc25f44d,2127527
5151545,b951fd2f9aa8862a73345acc62d36560,2382741
5152264,250c77e9eff3bf165e3986536f04ee86,2382977
5152265,212dc7921fea555718f9dab4ca92adec,2382977
5152308,cb7ff28b66fab35c7cb32f6e1eb8afff,2117309
5152309,9ef6b8a88beca6d51fc7f3d834d11fd1,2117309
5152407,e69b60e9107720df6f19950c61848f79,2383044
5152410,614b64c6df8023e78f36c4fe8adf3e8f,2382741
5152455,31c8aebd6c355d770a5c804505f8691f,2382977
5152456,5b4bce5893537917bd2901612c209e29,2382977
5152676,cb9f31da98222b788a1690e0aa06de87,2383175
5152722,d6ba3ec1eaf880fc53fb71da1a6b55f1,2277552
5152801,791c0c5401e187c52499fbfdca4228d5,2383229
5152971,744ad8dedfa842de26c0150bc54034df,2277552
5152972,3b25f0b0f0fffa8ffc8fdf0195cbc586,2277552
5152973,608f2e9c71d8b7149c3054fe6678b55e,2277552
5152974,c9d18cf09de021d1754512589cbdd52d,2277552
5153607,e6ec0172a617a0163706bec311260200,2383590
5154334,e2bc87cc648bd6d2472c9746b9fcf4e2,2383821
5154336,c09b37329796e963b74903d2ec142235,2383821
5154337,6fbd164af94f9227fb97b1154fe80f75,2383821
5154338,86e1b0791f03fc2dcefdc6edf9ec5eb0,2383821
5154388,cb1fc846e219c61175f905d79cedbe83,2383590
5155128,184a80feb6bd15aea434c99edf487b28,2382977
5155129,8671d955590c9773058531c4eff499b8,2382977
5155510,48961927c9325fc73d90ff25d2b8728b,2382977
5156030,02b3b97251428866d3552733f8f44a55,2364686
5156031,8c3540b4cab289d395402b10254a37c9,2364686
5156512,c342d0fc0b7944483df8160d82b565ac,2384735
5156569,10eecfe4ab2ff7b8d252b971444a1255,2384735
5156712,0cc24ea65ffff93e517aac5cd45ac16f,2374747
5156727,52dd01cb6041632f975916e936c666d8,2382741
5156737,ae59371e85a623773ae658cf51e8ec7d,2384794
5156738,a41cbb9f6f837b5eba6978b2a4c0963a,2384794
5156739,99e2c18af2c9da50cffc74f500ca3fc7,2384794
5156825,01a365fbef4ae8e9ad219d25be5161c9,2384832
5156826,e6d0924da920a1f5daa8b97e5048e2d8,2384832
5156827,3f02ed359e93e544fde2daa6a086a577,2384832
5156828,a7f4b8484dbf60cffe8ae1d3b9fbcb86,2384832
5156832,05a479ab593ae976e33bea1f3f3ae44d,2384836
5157044,2cc22ff407eb26ba164ec955e20cf1b5,2382741
5157084,8e5fbe2cf943b181527f9eea17886abf,2374747
5157128,9045acc91471f650b766f4a5193b3cb0,2374747
5157407,8dd30da30bf3dce5eb49c29ce1166de4,2384794
5158679,c4380265379a76b7b3a438dc81df44c6,2374747
5158730,7c63e6b8aad35bb30bf38248fa168d98,2385350
5159642,c4b384ba245ae2222e37e95ef2e812ed,2385615
5159847,85eeee84ae4ef930dcb2386378cc3e8d,2385707
5159848,1f45f7b1c7b9432a404117c705832018,2385707
5159849,c2efae136c9b08e965b53c99c4b090c9,2385707
5159850,cfb610786e3234174b4b42b3e3a1b76a,2385707
5159851,5b0568877b19e5e56e1f4c0b0edc8325,2385707
5160151,ee69a99f10c9bf9c4d41299ac4bc0e47,2380977
5160408,aba93be7bb359c7c9addace587fcf955,2385880
5160476,8dd1e811d9d055343a4ca1c1fdf7e08d,2385890
5161007,679f7159fb91044c4326e9162f88c781,2386075
5161539,cc05e6ceb4621ae354ecfe0c54ac40c1,2386206
5161848,5e7854a2e66f3f545535eb2a7e9a6841,2385890
5161974,51a400daa5bcc7b1603b812df4b00b4f,2386306
5162135,1558ff5cc8dad19151f91b8b43ef1c89,2386306
5162136,b7c6a4c85495e37fc65c2c26a115378c,2386306
5162137,19f9854b08068ab6f81fd370cecee555,2386306
5162153,ea097a9302f766f198834e1cef9382ae,2385890
5162229,9d1cd28c88dc70471b5562ce4d3613d7,2385890
5162466,1608d08a827a7f2f2ffb6060bc4f0315,2386451
5162578,f3f8ed26316227e72e5ce7642155c649,2386495
5162630,22d81e19cddff7a9620188c583766f70,2383590
5162861,ce9200cf34aa828f009e951c3b9a780e,2084909
5162939,bfe95cae6f1597f4b8d747368ab9fca6,2386651
5163133,0f10c2e76cfa15a22add0642a16c1089,2386451
5163499,b0afc0ea9c0846d9db19b9010ef1ede8,2386451
5164139,ce1c60dac19461709723956e05c0f1da,2365717
5164148,1ae80f0e9d450d9f0d355b1e7aad3943,2365717
5164718,0931516cb08d87c59c275beb3ca39f1b,2387241
5164942,2d825d0425c91f8a79b8f6cc52c4d2c5,2387328
5165208,cdcd995d845cff9060fc6af33d7de663,1696327
5166606,ddc4deb6a58cf55e43fe4e9d381ff050,2387779
5166967,e6c4a376213e59cb8f76b37af1abad92,2387847
5166968,d7175c72b7479e8839884bf7681d1a7a,2387847
5166970,a3f8c4f7e76da44ff3681ae059558987,2387847
5166971,cd2608d22af93f64aea386d9d9eaa972,2387847
5167647,a48c471a6daf1badb78f9aea449fe4eb,2386206
5167720,130092205456fa93b94dcfc909faa462,2141496
5168162,1c70d851c4964c546333656d643f2583,2119933
5168594,f2e23eb2f003e238f7e3a93887fdfa02,2380977
5168985,f90bbcc4b09d7b922de46d054bc5c40f,2388601
5169492,86c3c797011d9ae1bdbeed6114df2403,2388836
5170306,7427b8bbbccefdee3c938aa905d2ad45,2386915
5170312,521154205026ddffba93acbfc70ea946,1696327
5170433,df55b924eff84b7f39738be5b05cd84b,2389146
5170802,16539c1db0fab7ebf4fd3ab62cf494a7,2389260
5170803,548f814e8b259b34b36d7a71e25dd1fa,2389260
5170804,a81ee4c94142c650c269146d6ded79e0,2389260
5170958,cccc0208fe28475689cca35b1694d095,2389260
5171088,3dc013b5d63bb58c1b66e2317734d434,2389364
5171105,9eabf0431d187f29103e0c30dc5c7917,2385890
5171127,4b0a37a26da019ee7d4feb9a0299ef28,2386075
5171288,404d0e9e1870a44d5891b3c8dbfdec04,2389419
5171289,bf061f636470ca28e63a4109d382169f,2389419
5171290,c13ecabe798f6fa511de8fb78f18075b,2389419
5171291,5e41f223efe7360b405d7e42d91310c8,2389419
5171292,0120e998bd67b0f85cfb0c4ce711c28a,2389419
5172055,049a11e07bbf1d726bc28186a0befe36,2389734
5172820,fdc080f6d064af0921fac552eeae1fa1,2389734
5172960,472122746819923ec1aa47423c5a6873,2278843
5172961,2668b6c205b66062e87971fa9460ae20,2278843
5172962,394daff8c0a389c2ae60a58016b1478d,2278843
5172963,5a243196f20326a1f3450d5eff389c23,2278843
5173695,115ed452291877f0f47a3ee1037bb928,2386075
5174288,a653d1c70f8f70b40e9ac301e9bfa8ee,2381413
5174305,7e4d4475f67fa8578abb0ad127d38777,2390428
5174997,e36a616c9513f8673e091a3ac6eb124a,2141496
5175108,6539243c5ece57a6a77eb4b69cf7174e,2390727
5175109,f702e08be77223f580cd846a871d0b42,2390727
5175110,3edec9ee18087ab03b561208007dd3c3,2390727
5175111,c51530b3eb82f38bc01bdd9ac8a7488d,2390727
5175299,859ebeb30f86073674b509d99e6503ad,2390813
5176467,5521718f41122ef198c9a79223b2a4de,2386651
5176472,abf10e5a8f966affb7c11d9283ccb291,2389734
5176473,8a28d76b63f1e4a5ef089714cf60d0c3,2389734
5176844,72e6635a6077136c76adc0a0e1753cc9,2391392
5177211,a5c1cd50d0425e294aeabecc762b7302,2391527
5177244,55ca97cf00e04db248af885843a2d92f,2386651
5177336,b74898b2af389e8c771ae7ba53a6ad9f,2386651
5177377,6848fcc010b5f9854947d948fc9ff8d5,2391603
5177560,abfadc605895ee909c74284d2810ef48,2391704
5178226,9a31502163882d105ce6fa007a1045f4,2391949
5178227,ca0292e15e1e5bf5033323643870c9d1,2391949
5178228,59d17bc93f382373f3e364d954067d9e,2391949
5178229,3ba89ee6288488163f47498815479049,2391949
5178230,e43d607d9337efc1666ec75e7dfbcc21,2391949
5178246,2f683717e78f2b3934cb425609aa67d5,2391949
5178955,02271bcb69d266c978a58e4098f82ece,982719
5178956,e47453bc4ee34b72e8fc242168399ec9,982719
5178957,0bf52ceafe4535f7d21c28f23a2a3a8f,982719
5178958,d3a971c7e858815b89e5c8ba06410031,982719
5179817,bae496e4d97f5ef8ed6201b463a04e58,1437868
5179821,bc718a21b098673d7544396257ea78b3,2392491
5179822,f836efb5d03dd48ca43987b989e9c04b,1437868
5179994,2629309d9e8c60768279cb38777fe77d,2392491
5179995,36ad4f2509e553eec82631c9193591f8,2392491
5179996,df6352bbf6f37a9f4797097630f4aec0,2392491
5179997,59d713dbaecb57f2a6a52d58091a0e84,2392491
5180800,0508a7ab17a12686af3d5bc8d3a8ef69,2392855
5181386,3cd6d97ac7922ebd48cd692fc6b2d48c,2393041
5181387,1563c1c98eab5243b347a3f537458c29,2393041
5181388,d45e87ef26580b9d8e8bf1963bdd9fe0,2393041
5181389,83ed3cc2045e852b956c7af5600a9dbe,2393041
5181390,3c63ef5f4defac90aa0679cf9d02bfe1,2393041
5181781,9f9adbd3c2f036785c754e4731d4cf4f,2147051
5181872,dab4ed0293a978912ee125d6c20b6f5e,2357381
5181905,4091f55f0c5c0e7343c2e7b132e5393b,2393200
5181906,b95ea4cd1399f152720b80ef2a9b58c1,2393200
5181907,2f45ac9c99e2cfd76d69ec3d0ce14053,2393200
5181909,0721efa60c39d9642e8753af156bf33c,2393200
5182083,67c8eb71eb2eabdfe2bf6f313081cd7c,2393282
5182236,d6076cefaa7deb9de99ffcc421130d97,2370102
5182248,14d507ef7a0567d9acc2f950d385294a,2392855
5182699,9a447dab37a2558cd74b2218a2d8b06c,2393429
5183130,6f59cfb1ad16e3b3197ecc07d26c28ac,2357381
5183487,793c631f11bc9706ab94bf6c8e1e9234,2390813
5183554,f62019b4b0e102b8cbc7b524c5963c58,2390813
5183751,3bec5cf8eaada23a864c679fa7a43da0,2393803
5184140,88969270dc618847e8680d0729f4b7e3,2389734
5184287,45d02fc954d68e13f602cc06e805cbf3,2314654
5184439,ef7a4dc4b2fa5797854be4d890d1dcce,2394064
5184462,9fb5170fffc1492a095f41307d93202a,2394070
5184877,69fc3fc8b7f43910a098d605868ed758,2394177
5185160,bb0cc267ea63f991c21ba314095b4d19,2394177
5185295,bf2356b2f1824c74b2695861ea92638b,2394177
5185546,6f7b11803b30db9ad81b2686a9f6926d,2394398
5186078,8717a98df694536639ff8d876fb30f06,2298494
5186079,1a8a586ba9a70d38668f85365489f2f8,2298494
5186080,098c78f6418047cf0ed04342de04fdb2,2298494
5186217,651a4e88122f062cf3b85f16dfe6b93a,2394604
5186218,da3b99db164f42577a669cddca72497b,2394604
5186219,13c1aa663b6b4dbcaca63dbfb1eb1178,2394604
5186220,5fa70e47b74da48267f154110e7dd7c4,2394604
5186239,c86f3e62531397006bb055f95cf76538,2314654
5186870,d9a4a5a387699fb785300ab1b8ffe030,2394857
5186891,6a7061c796e253118e3041c19f07f67b,2394857
5186908,edf50394506934f6b90808b532577743,2394857
5186939,d0fb764ced318b0fc22a76e984aee426,2394857
5188090,04aa5cf432f8c91b7e3df3a90ad27cad,2393200
5188145,bf041257d162ac418d2df7518da5582b,2362621
5188576,83fb2a89dfd178ff31b8a4d944212d73,2395447
5188622,34cf5c7cb4aecd9d112c34a37615aef6,2395454
5190640,16cab993d20d9fbb1f48e142eaaaaefd,2395433
5191722,432e1ec7c7fc81c50b740c1fa8999318,2395454
5191896,251437d9b610e48e4daefcd2a16e7006,2396349
5192224,80aba584f3deceae13f5b54f26282dbf,2395454
5192265,7218fb033500e855ed1f7d9ce005c851,2396502
5192266,70ca7bc1187972914aa6d4fa1611b57f,2396502
5192268,f8908d6d0cae2b6086c7e90de2c05caf,2396502
5192269,9b46c89fdf80e8abf671fdd024532061,2396502
5192355,a3a1527360faffa9d0fd3c4c4682b92b,2396544
5192378,a38f95444ee5840e9d25d518e702ebdf,2389734
5192592,f66c10ddb2fe8a3c9c2dea2f01803cad,2396624
5192606,5c0786dad023c56229e98ffb5e2b80b8,2395454
5192843,68daf0a005fba710e4ace39a00dc98cd,2314654
5193354,ae684b5f56d720211e56be336fdf9a4b,2361089
5193599,7547e5e9ed271c37471f4329066bf271,2396967
5193600,f138236248aad3373270377013a7238c,2396967
5193601,cdb347d9e35999e3cf6c1b51ceed84cf,2396967
5193648,ec400384aa2dd7a8d7b886d758f0bf72,2395433
5193649,c0f400ab37d58e765aafaf006c235b10,2396544
5193835,a3e61cb53b75ef3ea686435663a04889,2395454
5193889,d6d5bee53b8abd015a33b6a00be6f693,2396544
5193956,ccf01192d834872fab97f71414838825,2390813
5195808,3363cfea4d2996ec046e44305c7b48e3,2397851
5195852,2bfc772eaa772037b6964a367825b73e,2397874
5195853,98da70455d8c144cd179c1309fb33953,2397874
5195854,172e68bb6a551bfe438431cf878eca43,2397874
5195855,ab7468bdefacd2f0858d2d9e1e661434,2397874
5195857,d999a9c1ca2ba7ac3a360ba904c11e90,2397874
5195858,6669102fc94b1f9d306b0ee139aa245d,2397874
5196324,2b5eb97f8c30072240f521e4a79c8bd7,2398086
5196327,e1a70b11e449e90cddc2f1a159b67d7c,2398089
5196465,1d5ff4edededb5eb8b6b939897e55fc2,2398146
5196466,2b6f5e19dc86d00866d003011949454d,2398146
5196467,33a4d142d7c571aff5323c1fb66a6220,2398146
5196468,2f4458a50b0354c9413440bf2e61ac6b,2398146
5196867,4a007fd7ef7700f6fffc9677953ab592,2398146
5197198,a5b18307ed873850fb87af36b888e65d,2396967
5197285,f3f5f1ef4783624ac1c7e7b74b395a88,2398300
5197286,92ef9c1cda1e6142ac8a984cecf3cf86,2398300
5197287,749089197e076b41e773efeb9257a8a3,2398300
5197288,0ee89690d04c604154eea1f19d7bb779,2398300
5197289,c0671170de6f64d83179cbc2d6108f9c,2398300
5197290,e1bb1c5042fb9fe9febbc22175236691,2398300
5197291,db412a0e632297554fc5a584aa889786,2398300
5197407,1afc8b317885b78083dcf2aea1a2b64b,2398352
5197468,c3fc2dc308fa2f1ea215bcd7aeb12159,2397851
5197540,6b19d2f40baee37c6089c5f8c1cc6f92,2398405
5197542,a1717deda6e8419d10f29332dd596bf3,2398405
5197563,49eb3aa05cd27844072e26dd627ac0c0,2398405
5198372,be1ab0f9833fdafb31a982fab0d4bfb5,2398641
5198571,c30b46760942e492265222a973dfcb34,2398715
5198572,c965e5c58dd5235c0a1c28227074d242,2398715
5198573,0971c42628ca85b70759fec113acc7e7,2398715
5198574,b4f3160e1d69310cee2cd58e7af5ad68,2398715
5198703,4a70a77c11d2653b5cec81d43dd72a0c,2398759
5199917,3a337f0e48b32753d496ce94b40ae258,2399246
5199956,3c38d7fe73c0434d42a0afe2fd023502,2396544
5200173,38ef3b7f9340b3cd6a66180aaf423876,2378029
5200225,06343387912fa53fa56d578a452457ac,2399327
5200226,3a114ac7e7d095ff2fab8d1d0767707f,2399327
5200227,9578aa17d865ea550a59c39e45d74e65,2399327
5200228,b033881dcc0534a7239695fa1b899979,2399327
5200785,83cd46244521447aa7ecced2a6212487,2397851
5200810,d5e4be4be9b48a4c99f99223cf1583d6,2397851
5201252,0ba5a06bca26de923011466e8f158c3d,2399586
5201253,e2ef4efaabbe8b891ac502d106d0dbe3,2399586
5201254,14f7ca606b28e669ea8fda84369c9183,2399586
5201255,7ec9553f8107726c4cfb1b8ced264eb9,2399586
5201416,bb6b8e61e4b9489dfb08062109ffd6dd,2399327
5201451,5ee432445b4a54e110d913497562ce46,2399655
5201452,fcbdf5637b54efbd34da7ec6dc2f671c,2399655
5201511,af2553ce2396459c6c704e75caf20993,2399655
5201512,d136ca8310b524aabe5c835b82f56170,2399655
5201550,3dd1a2fb4f525e2499e488c03594771e,2399677
5201551,6de1edb153acb85c0bfa02137bfd4816,2399677
5201552,8e9eaa57c42193b57b8671a03b961e6f,2399677
5201553,a5900acfd73edfa49cc0c1a4b5ff7283,2399677
5201557,f466476f6432cda9e5244c277636b39d,2367599
5201684,5547d6648225bdb8a6cf1c63fbb02ba6,2399709
5201783,ecce951e065352081b8449228e5c7117,2399746
5202026,df29890f969bd63deb4d1dedff765c44,2399839
5202304,c7d7af466c0ecd452aa5938c87a366a0,2399327
5202328,eb4b09fd2f6f17c20ba050ff5d7a8fa7,2399964
5202892,b431f4f54e7b5c1af048062c1fcebae5,2400066
5202905,f319e435ca79252dcf2da650186e2960,2400069
5202906,1d30c70e1cb427cfb5165eb9c5616241,2400069
5202907,86b015c663f1f4433345aba13b08645b,2400069
5202908,338ca66ad3cf6891c1f4d94e2e2aab49,2400069
5203925,dd720a993cbc42d093949709d957e564,2400282
5204228,41b2c9eacfc2dcdb98acc8cdbf44fe05,2400382
5204230,af03b0fa39517a9e546215f63da78d77,2400382
5204231,974861716520d5d30a3b9cfb433ed0c5,2400382
5204232,fdd07e7eaa08340f637b48acdd07bdb1,2400382
5204233,38f0193bf273c2e8a599c9941901c03b,2400382
5204234,ab35983efa34aac29ab73ccd3181b034,2400382
5204235,036059fc9bb6fde8351b25900db71998,2400382
5204236,48976d9ab97da3a98d4bf8da12eb3f85,2400382
5204377,5ed1db8a48e1c8318827fd174d059874,2399964
5204380,a2782f56aa80f1287b07dfade27a02d5,2399964
5204381,da329bbc42f7a0590921744d9caf1fa3,2399964
5204568,9a63890549ef25ff5ed9bc619b163f29,2400478
5204827,b4d5705e7cd2c7e5423d0e63be2b4351,2400580
5205714,f89454443e6bf4878bd5e319c841d69e,2314654
5205790,b95f1414fae60a31932c969b734a5b6c,2400382
5205932,f4ab053f55d4337ba49c6681b0c9f863,2400873
5205933,35b4aee10956ad8e5b0231535b5a27be,2400873
5205935,90f82a695c63a6ff588fb3d43e92384f,2400873
5205936,a8e3a98497768812018538b3d8a91a37,2400873
5205951,1fed825fb5b469a2a92c33d36a64e254,2400881
5205952,20e33892ed11dff611323b042f27b4e4,2400881
5205953,de64d893ab7638c54f9823bd673ab628,2400881
5205954,62c7e36a835e8693ee2b23a3c5e71497,2400881
5205959,38df55a881b4e6ee93054abe5a57e8ef,2400884
5206104,df12d7da8bb1dd71997dcc913dc289c6,2400944
5206105,38b7bcd0b79fa4ab694601dcedeee7d7,2400944
5206106,37fd6b9183cd729d64d880c9d5dc3b46,2400944
5206107,ac770797817804f89b7ea80658a81f60,2400944
5206195,4b20d1159b338d66e9381dc0c9a259e7,2400967
5206214,40d9550e34e25a92569f1035fa3788d0,2400976
5207206,3d3e1974e174c842c5a073acb918713e,2401327
5207262,e737a51f77574abab57321076852d313,2401327
5207635,dfc1de00a2eaca6c4073c5a26b257903,2401466
5207864,27286d4da42ee46405b4b2ebf6ff85b6,2399964
5207888,d99606813e687f0760a88e3d602381a2,2401578
5207902,f4a858b57042779fab839d846070b04d,2400382
5207962,e9090b7f80191f919c158853941d57c5,2401621
5207963,fab0ab4afd7ba50aad89efd4152a62aa,2401621
5207964,168fc120e6bbe277fc5aca56cb5ca8fb,2401621
5207965,d293db3134e871777994492b2f7eae7c,2401621
5207966,81ad87439427d4c4a417325308760574,2401621
5207967,89b303fd2df5151108ba4dac7914298d,2401621
5207968,12e8d07cbf0b2d2a80525d54071ba189,2401621
5207969,8ae292153b17e503a0f7a11f8fb87341,2401621
5208280,760edb83a35e805513895c5c931093f2,2111149
5208557,2f752a3a728aaeed7bee759b6fccbfac,2400976
5208666,39635fa158344016bdf98ae24ca78f4b,2400976
5208728,107d3d4ff6f547952708a1f1b10537ed,2401466
5208729,f743456028c5cda42342f249a493b9c1,2401466
5208730,ac2ea293f36c3175e22e910ab5a8aa25,2401466
5208731,28be92144c042f0822ae71d8798ea4cc,2401466
5208732,e44fce33fab51d9be961c9d55dc990cf,2401466
5208733,ad00878f6fce83ebbac8916d3971e6e2,2401466
5208763,739665845123066ed3401e4ef0735897,2401327
5209026,04830bc67c50f6bcb7bc7a3cf151bfef,2400069
5209162,59de50aea2859738e9849093ee05389d,2273615
5209163,8755b1309efeb20d1f4bd1f52ba56d76,2273615
5209164,4238f4de8919613be689f8eb4066194c,2273615
5209483,05a06793466c7eec527229a641a8f10a,2111149
5209614,907de3e8b03bb1d944cd7b9cc995240f,2402191
5209711,158615fb9e9d8a673ba0a289a45d3975,2402243
5209863,94f5e73518bac646ac7a6dcc2f878c22,2400976
5210090,36c7d8cb7e876c179b8925248853cbc3,2141771
5210771,269ac9c00a4bc95a4a772c03701bcce8,2402627
5210891,ea6fcdf1087636f465b65bdccb13e2cd,2402676
5211161,fe21a75ec854ff347caa04e14c80c87b,2401327
5211320,9160f99c5554633f59e39c8217c2685c,2402875
5211384,0141b4be2896903ee14aede7e68d14be,2402893
5211567,8c0695492b63d10f861b9a87c701958a,2400976
5211661,f7f3b51ed9508ef625932b7f3d43723d,2402893
5211666,47ded141b9da70e7e32a001044c24a79,2402997
5211698,d5ddc23516c880019d005a6794d1eb06,2401327
5211703,30747ae8381861971b255d8142d3d3f9,2403016
5211704,d5ae8afe7de6aea88e016ed23b52ce5f,2403016
5211705,e4dca3e16b8d12ca44bd1e5a4ef4349a,2403016
5211706,d969094e53b0d6c8889052ce549557fd,2403016
5211734,7ccf0e4f47521059342ba3c825b92d20,2395454
5211834,64c1f321c3182c8d53748e43022e5546,2402893
5211836,24268c5a429ec5e226da941f8ca343a0,2402893
5211837,5fa8c96ea38f6769badba2498e192fb1,2402893
5211949,f0dda1c71209ea99282b5abbccd917d3,2403127
5212022,25f90f4805841c3687a8f0910b93a8a2,2391949
5212130,1af142d4a988d64173377146103f8510,2403206
5212321,c9625a017bbc63bd1ac1d34b9e22bfbd,2403306
5212322,0884dc47312d038f066fa1e0224467f1,2403306
5212323,b09766c9b5cc9189faaa9fd41029a8e6,2403306
5212325,1d8f547038c925a6a00a19b975097825,2403306
5212326,ab2ed00c72176842b953b8ecbe93957f,2403306
5212363,e725982d89b5cc8c954adfac7991a42b,2391527
5212779,cdd7d8360558d7352899388b4de60f3c,2403524
5213025,b11f28fd2a5e14ce129aa60b65318bef,2395433
5213031,b09d52590a5f1a0d6a8af72749815def,2402875
5213633,9850d780c851016edb74b0bcd0f76e49,2403016
5213681,633fafb1a3f9054c5945ce6e2a2ed3d0,2403736
5213724,1076c2a7c0e75f97e3ca7dcd44bbd235,2402997
5213725,cc65081ba0769200944533a76076357a,2402997
5213726,7b45968b3ed36c33fd3418419deb7d66,2402997
5213938,2f73d6437255ec17d737a0f37ca323a5,2403854
5214039,8338f9743f719131d7e016dec93daf4c,2403887
5214040,17668f9e3ed11aa62d23aec9690c3dd2,2403887
5214041,9ec0636035dbdaabe5bba7d2cc1bffed,2403887
5214042,e2fc699dd72a0c346c3faf1cacfb166f,2403887
5214043,bcb79efce952a2c806eeda1c726688b6,2403887
5214178,b9be1d6f7b61ac2d14fd10e8e887d3dc,2403306
5215429,0735df004e44e30a44d1313599833f25,2404247
5215510,5e409dbe201f88fb71057fdcd1ebf320,2401327
5216048,7c2f0b69fb11162d32607eef96dc2686,2147051
5216355,8f47bf924eba0898c6230419bf07d999,2404600
5216356,036f8c0beb6457a4303ffd35610ebf3b,2404600
5216357,4c050b7422a555301f8bdea477d923c7,2404600
5216358,59440200be3edd20149d44e4efc5118b,2404600
5216542,2a74cd43c731f9d8ac841c9f00b196c5,2404667
5216662,281b672df3ba702f35f74c2160f6df80,2404717
5216742,6a55e8a71882acf054f8a1107fe6c41f,2402875
5216744,d8f68c512d14fffff0d7890f65733b7c,2402875
5216818,fadccd1b2b2e716242937f2f3059b838,2391527
5216823,ad1e877f59e462320d0300a286f0f7ec,2402893
5217129,2e39851fa09a93cbe26db1810c504c6d,2398405
5217644,29a8016616c4ee0d98f9659f9a41d8c2,2405108
5217645,f987d42483696aaff08a87ec127759ee,2405108
5217646,b9f334f48fa009fd8853ef1aa53a93dc,2405108
5217647,de7d7a0c6e0ca5edfd370b0dcb271941,2405108
5217765,22f24ccd42291a44d97aa7a888020f36,2405166
5217766,ed8cf9595930949a188a62cfb599b066,2405166
5217825,996251b04acefbd47384009d4dd3eed8,2405176
5218288,8e51a1e28a02ef580683845380ecf2a0,2405300
5218301,e30d2c7fb440058709a4892ea55b05d3,2404247
5218648,f413460ff9f09f738ad330ed4c7b6ae9,2269057
5218786,54cc3872c5bbe18e822769b54df6e1b7,2382059
5219017,2cd602d1827ab6932cac8b8f045cbc00,2405166
5219715,1a5636a1845e4dba42b1dda2afd21c1e,2405754
5219819,6853dd0201deaa330e1f404717db7975,2405793
5219820,040db0ef40102341c49a45572d2f3eb6,2405793
5219821,4b298a217b7e5368ef50edcb0c0d1b34,2405793
5219822,77de3e8313ef2a3f6c7fecb9bbbb667a,2405793
5219823,57cd9c37b3317590f63f1f73754e0d26,2405793
5220879,866f6529da730ecbff82b2dbd965a1f8,2405176
5222146,82192f78de85ff1da23db638fcc9c7c4,2270163
5222314,8e571d425dd5e6a9d58a15fe253a103c,2406416
5222508,581a679c1e4f60ac11f091b06fef0522,2406493
5222519,0572dba426552ffdbb5f59186a593156,2406499
5222630,3af70700160e23d06ac30c81dd85421c,2405166
5222638,c284db1ec9d8d6fdb8aa1900f79fc812,2406544
5222669,4cbfac61c8274b6a6a13a0778b8027da,2185362
5222891,c979ee4b47a3f970984df728ca536f16,2400944
5222896,ebe1ca20da8c4fd8eab01289967328e1,2406615
5222902,cafda62d9eeaf6483c1dfbb518af99aa,2400944
5222982,4f76b16ad5ecce8498a3a82cd928d18d,2402266
5223369,fedc0c063149a436af9f6802a8a1c6ea,2406790
5223384,0167ee7b289de56df0dbf757773cee93,2404247
5223385,4bd9794506be6905c718667dd2936272,2404247
5223804,1f94b8f6a2ac87500278bd25833107cb,2406971
5223871,c53ba3eac3bbd608a853a5a8c967aa91,2406992
5223872,507f0d009671108f47a76e17a4a24381,2406992
5223873,08b2e4f3cb6dce92e1d962c29b7a8f76,2406992
5223874,ccc40cb2a1c1521794bd14c132277215,2406992
5223875,dbd27a870e4028d0cc79034c053a93a3,2406992
5223900,dbc9c02447e7937115a03302ff681810,2407003
5224163,485d5673b2234a532d8d1cf1a77adb6e,2407113
5224424,d5548d57439537e9d554dc83cabf93b6,2263581
5224988,7adcf715aafee074f857cc772e82e0c4,2407378
5224989,9554423fbb1186e628f75bf4274bbdcd,2407378
5224990,aa74c338b9cd9db277818ac23826655f,2407378
5224991,23f6c5c82e21a91e4e8ac8ec0fff72a7,2407378
5225043,95c73f89f4817bbd758a8567f840b401,2407387
5225428,a6f75b70ad204346bb323080c15f017e,2400282
5225468,86c06600aa8c8d1276e949944f4a994b,2400282
5225469,c0eccb5cd16b6bc35d3326554367be03,2400282
5225477,a4e790f773920d3472281e85665734c8,2407557
5225478,89cab0a327faeffb353b907a7b99c370,2407557
5225479,26a3f273d417cff64cc42c9b46ea3e0f,2407557
5225480,7bd716393c649098a4e7afd63f57d420,2407557
5225542,7267775b7c5837121f79f22541328afe,2406544
5225543,b96e001220827d8cf9dca7b0e9b89f12,2406544
5225605,6c1a801579501d0158a7d76888c4e268,2143210
5225986,eabc8623ee8522e46977832de3eed409,2406615
5225996,5198a40f790de5ec751bc73d083ee4a0,2406615
5226382,d595128c21b23f1d2eee8e615da0b2e4,2406493
5226430,6fcb74907788f8ed7ec03040dac954ed,2298254
5226475,3b8c6266b972ac9a021b80dd27d2d63a,2407919
5226492,7f35d51afde979787b1c7005049c1a66,2406493
5226556,76366268320e1ba4eabc05e2e4b6b239,2407955
5226557,6ce2872c7fa2618e19ea7e4d452a0e4f,2407955
5226558,641e081c911a1477b642036bd3913643,2407955
5226559,1ae73820d1215ee9b9a1c6e93f610ffa,2407955
5226560,ddb74feabc3ffbd1f75ec19419f7d0b8,2407955
5226561,d34a837e555003dd4d3fe9894074de3b,2407955
5226626,70469fc76931fb2ca82690a25554f2d5,2407978
5227417,863d8522a534f66af43dec7692e28fb6,2408250
5227504,1aee2bf49140319a9b5180a663d41e61,2408275
5227505,ef4d7ab335b41afd7840bf403fc721c2,2408275
5227506,4867b83c409226d36dadbcd1b6b3605d,2408275
5227507,bec91f2b4d2f170c911a51e54e2c2d02,2408275
5228048,a88bd1924318a39e5e462452d76a56b4,2408490
5228049,cfc335691afbdf7e41d9736e349dbd72,2408490
5228101,2bdd7b9eff1c5157d0b8d6b95cd68f11,2404247
5228135,5bb0eaa15ec4df4442be34900dff06bf,2408538
5228136,5ee857554e596ae9ca091bc23bab7400,2408538
5228137,1ea2bf9b75d4976ba24739cac5106c8f,2408538
5228138,89f79ad272b6d2aab271b4147f12fca2,2408538
5228139,e0ba4f368b0b4a0fb66dbbf41ab99d0a,2408538
5228313,e8a7e6fe9af1aee30fedd8f5572ff7ec,2406544
5228607,8f5ff82c6587db178407cc036f4cf0a2,2408680
5228608,bdcb439b4b8731fcd9c52d174410353a,2408680
5228609,9aac294a6c24e9e6765e45c3c2edd6d1,2408680
5228610,8cbf66a9e2c001e8db1e32ee6e463e72,2408680
5228695,77b3af51974f1ae16efd847d9f7b9348,2408720
5229296,8991ca9ff107a7929060aeccae92b5e5,2408490
5229726,31594286ddb7bd571d8f5170a913e5d6,2408720
5229762,fd0dedad897bc68b5af1724694328cc7,2408720
5229865,4f35438fcaa9108c3d232a12dc50cd27,2408720
5230119,d04c508167fef62903ef614d3b6d0fae,2409256
5230223,ecb523ad385f8d103c392961be2a5d42,2409301
5230224,d64e2fcd6e8488757eba94bf2a9778cd,2409301
5230225,736294c2fcca789f3f00d1bd24414ec3,2409301
5230226,6466b8031167499f415bbc99fc2cc3bb,2409301
5230227,bd2e01623d13f37fbf5d47fa9ee61050,2409301
5230228,c2df5986475abfdda8db5eba7bafb4a9,2409301
5230415,573a47307bf936ece92eaae468216ed1,2409371
5230625,37f25f995e926b330d4d1c37cfb972f3,2406499
5230779,2ef0f0d651624a036612d9ebbeda5126,2406499
5232676,70c96a2465eac9f95c456d133e8dd826,2263581
5232838,e9033a8fc1aba3d701d66fc676319b5f,2410087
5233170,2b63eb4b4016edab70327cc3a6d0d24b,2410226
5233172,18342513316522b0b0f357cbc4b37ed6,2410227
5233173,787749552de0ace465baf83fb688271a,2410227
5233887,d400d03a10651353f7a36ee54b214515,2400881
5233888,fc29af81f54cc3f78c918e8696e019d8,2400881
5234004,bb0e96ac30a144b8ab519477245a7204,2408490
5234313,f945e0840b677302df66600ec0cdccc9,2410611
5234912,e4e61e378e2fadadb03ba56318e14c60,2405300
5236051,5db8c8561166d325fbe6dc73f1c8af64,2411291
5236463,665832e29bc20acd4c48051458cbeef7,2411445
5237164,9673d57426d80a78a82545b44e88a939,2269057
5237535,963a7ce1fea8d636650037697e242a7a,2411877
5237536,58be3708123ac79c3884599114b3d4da,2411877
5237538,4b17f0c4dab6359be4371e6e6f627cdd,2411877
5237539,aa252c864fb4df243a2b31db30931806,2411877
5238395,8338a640ca4999cdf08e224fd648d5a5,2412216
5238842,6d5b2ee4c9789581a1a961ed4333481b,2410189
5238843,94224e9bab8b7ccaa62e9175c58e6884,2410189
5238844,9efbe700343d1a55974b9a9e63162508,2410189
5238954,125ced92bc1c24dc6197c487d30a6599,2291202
5238984,95de630afe36ff8f920d23710a7314a0,2412369
5239454,24267ee2a4e6d3003f3cea0d7c0768f3,2407113
5239455,3ff3d9194f262766ab20409746393b43,2407113
5239456,ccaaf1155afe014bdf18defcd8e43c35,2407113
5239457,89d86ed2569bd0d4b699830bcfec4fd2,2407113
5239677,67143aa8d48f7027816d73b3b91b5f92,2412636
5239678,f25b4d43165c044fd2cf433bffb846e8,2412637
5239679,b220a69b586d61d09e1306e7f8eedf2d,2412637
5241176,94964569dd7dfcf28fa6f32e563190ee,2412599
5241188,a111e3ee35d815aaf0476a83b5d47984,2411445
5242143,488d58c2e19aac013c8a6de1679f9b6f,2413535
5242685,558e8abe6f46e33687b80c8ca04cc6b6,2413757
5242757,2b56c2d75f3f6f7cad4f26538a497d32,2413757
5242772,92402fd6af7119f72772cb2637c94095,2405176
5242949,02fa60f605c03e8fa0ac6465b632d484,2413757
5242950,07d66adb42d8b955cd95b92bf8be35b5,2413757
5243607,cf8d87e0f6e5085f251b969c9c3ec08f,2400282
5244904,3c9c3187d32dc7a72da1929fc4e4922d,2400282
5244905,505c72b333e76e88754ce96d8b060fa1,2400282
5245089,1c37285e0823ebd35f162140a728dbf0,2407955
5245438,9b3cd00f6a1568ef8207fea76acfc396,2413757
5245564,3810471a3044796c031c0d7a7c7360ca,2414349
5245764,900e99eca87e914eb06d80be8d1a44e7,2405176
5246647,1168d576df49698e8f091d2ec4761bf4,2414592
5246742,2b954050439b5a76ffc3b99df9fcd27a,2407378
5247189,40a1b5940624d038d0aa78463718479a,2403524
5247257,6f456a9dec3d8362e2004819a9bc72ad,2408250
5247333,740f12aaa7fffd9c36c9adb3456ca6b3,2414887
5247376,e77461c2f45dfd26024a19cb374eb333,2414899
5247399,dd32d0b833eec6593b8300ff01fc4781,2414909
5248723,cddd1e5461fad4b5c76e8b870e4185cc,2415342
5248724,a243f024ef879e58852683f559bfc878,2415342
5248725,06b1a4783c511f7c9acf92493e0bad15,2415342
5248785,17432ca46af3baa90e20f214d0ac2e71,2415363
5249974,3ad800b41c318f7e652cd9f70e55134c,2194306
5250564,d6edcf1f339a5b22f41c826a6fe2a775,2392855
5250895,05394f6cd53efc85740e7605c95aa092,2415880
5251080,e29c9514f349d0b2f25c48debb1becdd,2322234
5251081,127c5ffcab8fb68d8d746ab43743cb19,2322234
5251627,f262d46480ee000b25e15c1a6d8a47e8,2395454
5251628,6dc46575cafc042427e85bf5df24b2d4,2395454
5251689,d0888db92fead26168f98e574f56a8c7,2416159
5252526,02f00115140759fec29ced6d14ae0b99,2405754
5252527,bc9e568d42fe9d9fa9131426224a1b24,2405754
5252613,edb5940752f59fba47de05656b8f2b6b,2416336
5252633,0f4de62425db27371bc1e4b6c82c61ae,2416350
5252737,244e1213ff0df35045c0375f19638879,2407387
5252794,f61c521a46abef4c8f4994f60aae7f46,2416410
5252795,0127e392d406d58fdcd6aec4eddc744b,2416410
5252796,5b9c54118d2698d95f4548ffc8bd52c7,2416410
5252797,5ace953fe91c2b4a3e72eb38dcac7cbf,2416410
5253045,09acb99b968ecd84cd3752f9083ca3db,2405754
5253046,6b04a6ed2ccf124745e70a8590f13059,2405754
5253195,413c9fb4e6d8a43d5b787ce67f6f19cb,2416532
5253694,211c6b11f2e7402bc2cc8ef1444130e5,2416670
5253695,7bd14d68c9e3631dab08bd52c91e712f,2416670
5253696,216427dd622550cc1a91ea47a7bc4024,2416670
5253697,1257e7724ac71da7a7f4cbb8d58cc435,2416670
5253698,67364853103b18c0af2013707a0f5adb,2416670
5253707,ecbfa6b2f5a01ef16c41e16bd60adeb4,2416672
5253910,390b368807017f4fb79b1765c8705eef,2416723
5253911,ce9e5176bee60717dc5d54f443f2be4f,2416723
5254506,c4b76b345417a5c10ca8e16583f217ee,2389260
5254507,436dc77dfc087516aa9605469281c863,2389260
5254526,c713828a57b7f8ea8119239694f6ab27,2416935
5254531,e326250a8e259815aed8f3244647ee83,2408250
5254863,9cfa05435650df4cabcf94027e33db60,2416935
5254905,c4e0e621f941373c1a69281897344d5f,2407113
5255437,281de990ef80abc03e4e6eb9c82668a8,2389260
5255489,cfccdf78ea4cd2565177a7b354ae9e27,2147051
5255588,da0e6b17efd13baa49b7e185d40f9c82,2415880
5255744,0d88e4b95552dfb73e6e9c4b7fc66d98,2373896
5255940,85b10fba13960b740df564ca90558332,2407090
5255941,b4fa08102c77cdb42a589c8315ae6a7a,2407090
5255942,6ed02021f746cf6fd902a4154108109e,2407090
5255943,4998cd47e2dfe1176928e2a4ba71828b,2407090
5255977,5c8ac7c1656ab4bbf2e2e870092f5d00,2417462
5256228,d60b54cc6ecb584cb7f363bb05ca20cc,2417552
5256554,10586579cd532e3e508865d18749cbaa,2408250
5256716,978d888ce0455b5b75ed0da6286196b5,2415880
5257228,76f3e9f281e9662bdc50155d11e54405,2417924
5257857,0ab7b3724cf10ebc094b839418e3e8ee,2418138
5258006,8c2b4d7eda23aa340d0a2ba1fc4a2621,2418209
5258031,7eca1a64ccb5d17992f32255f2449959,2360534
5258256,178d0c22b5d57f1512accdfc3a24c296,2418280
5258864,a5a76053173dafcdba998bfedaf98da7,2408250
5259567,d74cef80f6f7c560d7d2e2c0ddc6fae0,2418706
5259568,17d1b88b030ea328149b0b8521edee56,2418706
5259569,9a55e94391212b5576ef872ca6feeada,2418706
5259822,9a476d7ce87ffab0b647d6b2145c454e,2418706
5260473,a2e39e7ceccd714902ed63f13de7a304,2197260
5260695,e1fef4cda0559044b7e56f7df5a19a44,2419051
5260759,345788090ac83624aa0459d5fbb7ed8a,2419077
5260773,dcd7ab10aa9c1cc38315ecfe8d0b80a8,2419084
5260774,4c83c1823202e4c29b8aacedc1f94f67,2419084
5260775,1aeb313dfdf81e80a022dcfab2736dc0,2419084
5260776,dcd9c3da7198f9103cdb270b6adf3f3d,2419084
5261144,9157193b9519a00d7edb1a02ed9d675d,2419203
5261256,ee0d0660c19929c01cb41c66e464797b,2419237
5262172,0d796bcd809615b07577e362702ea99b,2378343
5262173,c4dc56ba10ac894c8c55d7b4a405a0d7,2378343
5262443,f1f2d408307df262144de419f07c4a97,2419665
5262622,70b53a25ef071dfb047375e85982e767,2419712
5262774,2cff41d9267b699b8deed464efdd6a67,2419751
5264197,1bb8db329f08bf3a6ad9ed9473f9c9b7,2420203
5264214,8e07a6397ca83e21baeb6542e6d62399,2420210
5264215,210f3e8ded9a654668f7bc2ffbb1485c,2420210
5264216,1210bc5efba6cbc77992078e2077fd98,2420210
5264217,f7858ac5cd45739d37cc4e268b9f0f0a,2420210
5264611,1e7010aa6e22afca0993c4877f0ef4e3,2420331
5264747,71fd72885aa4cd1ce2aa134960afb533,2420379
5264748,836558732fbe77aeb181dcb6ae9d94a6,2420379
5264749,950fae64f62d391195c64bb631627606,2420379
5264750,38cba3b7b49036551e34a4a77ad30c73,2420379
5264751,dbe231a8e0e57a156007b01c8cedcdda,2420379
5264752,5ef55396bcba148e0e9499db52055b55,2420379
5264753,97dcbd2e07f71c73808134c155d006bd,2420379
5264898,9763eafbeb89589a562878ad362685ca,2416159
5265223,c690318b92535f0d1b051fa01e64cd33,2383590
5265224,6ca10b8129ecd15674acc1d91c069996,2383590
5265417,51b561386227842367aa8aeae07fe88c,2420578
5265964,f20ed6b9f6c360e7294af30fcf00cb3b,2419665
5266027,054ab2900dc9d387460d71fb8625d6ad,2403524
5266068,3760aa886b8c403e8566fdd622b016b8,2420331
5266193,57171cee805a1d311aef6e43f689c615,2420331
5266373,09063e927d8fce0f1de990a0139461cf,2408680
5266470,f9c07507713dbf4230198c5882665062,2420913
5266471,717ac5d3a5beef38e09d8bddf5dabf81,2420913
5266472,7e6bc36da3f695dbb73bdf95591ecbb0,2420913
5266473,371ae25f065f4d5ed0e5b01ce9f89827,2420913
5266474,95d90022403d643c340bb45b11baa95f,2420913
5266475,d4b621e326a860378b6ee81a59f18376,2420913
5266505,25a748fc68e9144786b5ca6cf69d2985,2420930
5266539,4596dccb39751551dda7955d504322db,2400873
5266899,86655026cd12230f9ec10d03d4866a24,2417552
5267000,66c6daddf3945c7bd3e7263f90e3244f,2421096
5267045,2454427fc6f302a0a4eeb9ec5e68299f,2421096
5267058,63d79c6a3e7aac04152efb9c8699d215,2421096
5267170,aa4561359183761491235b41726c555c,2421186
5267288,9b8b187ec24bd493962a9325d11e286b,2421243
5267331,f9c627f7427e04baca6fd452a03023f3,2421270
5267368,798cc1eb3272fcc73e4ad5f2aeaeb962,2421288
5267445,5ea9dc88aeadb00274ab40e5798bf8bc,2421326
5267786,aa3ae911c77e5f6ff5b2372b9706ae56,2421444
5267810,26988366abe744d41a318bee03ed8607,2421454
5267811,9d3790706507f192dab68fd7a9fbbeb8,2421454
5267813,450d37aba40630a184349a848b1989de,2421454
5267814,b340e5ba40735411536098b7d8e769b7,2421454
5268054,75045e67c1783d1fbd4127b522c96ec9,1037578
5269004,5d61df2ce0b4f104fff675589afd11da,2411445
5269005,ac06b09b538de26427379fcfc36c6e96,2411445
5269006,08d30bebad780c9ff5413e61112bb6a1,2411445
5269007,8aa6cc5274d9d22920c6da82d9b2127a,2411445
5269008,71525ed29326de43d0954b204c97c5f0,2411445
5269009,c86c56b1f1e42a737a75c66ab428fa46,2411445
5269345,46c24d732f05f28c3c03acb312228bcb,2421919
5269878,d3cf4f216def3c1eda065684dad1b74d,2422085
5271207,f2e1b2a9e6a14f2f866f5241e306ea02,2422499
5271208,13b0af803835d58ccca41799c6c970ca,2422499
5271209,8b1dafa9b13af662fbdf9487e99d4495,2422499
5271210,72ef33a7e7b4b45481c70544b3e66193,2422499
5271218,b73c45b23234221596c5b93e088f297e,2422504
5271219,f6b57d184a0248b6ece9436490ad7292,2422504
5271220,1d2b89651e20999b090aa9798b7ce55f,2422504
5271232,da91e28de99197ed3fceb4448d509006,2422509
5271233,08effafd9929c35965c2ea905a0354f5,2422509
5271234,85882e23d69c85bf8be9dd3a3595c9e9,2422509
5271235,a03c5a90a1e97e8532778ca7ecf594f9,2422509
5271526,9b4ec58cc918335f71439400a1cc60dd,2422601
5272187,a1b2ed1549a031f2beb642a173d5ba59,2421288
5273124,d7606381a08c5458a3bac5a1f92490a9,2423198
5273334,451ffe47912dc4194308f607cf6f5e87,2403524
5273816,fdce5643bb83c9fbddd2dc5ec7ebea95,2420912
5274066,18c18e1de6c837a981a912d8033e7a3c,2423510
5274129,14dbe034dddda4405a78db2802aa4785,2423530
5274241,815a1945030223916ccfa847edda9c0d,2416723
5274524,711cbf1ac16629cffd73dca46b9dabcf,2415880
5274571,eacfeaf57e38334e0b8a44728c0435e7,2423757
5274572,997dc2ac43a93e2693ea8818d93d24ef,2423757
5274573,0894defde7b68c6c6d04827b5e402e6e,2423757
5274574,8ce864197e5b2242c43df3f28c0404b3,2423757
5274645,92eaad861dd97fef4f1bad03852c5b7a,2334158
5274687,f2d8f0af897693f2d4c752fe75749d6f,2423530
5275157,b01ef68c1b0efb726e5153a998f4b806,2423919
5275158,989cffd4140b871d42886912b18acccd,2423919
5275159,260af3d94f2eb0368fe1a2405bdd272d,2423919
5275266,90902d52443c4a3babe85ebb73748a37,2423919
5275835,2627ea912e715015466d2439bdfabb61,2416935
5275963,ac9b0f0cab9919d08ddfa52f293b6e96,2424143
5276204,a23c2b3df393c5dd0425442dc91ed8d8,2422832
5276512,30679a45a5c98a412b549ad4b93c4a9e,2422832
5276581,2561314cbbe590eff445e23e3e32689e,2422832
5276622,240fd8c2bd9621d69d1726dcdcbdb684,2422832
5276692,6def377ac2e46328f097e35dd1138112,2417924
5276832,526ffc2c58aaceb3f1788326eabb1b72,2424356
5276833,2b77c359ce23a009a3f884b211e90dfa,2424356
5276834,43b25bc72ac8272c7a2feb8f8e4be89b,2424356
5276835,c859dabae74c59502d56b7f2cb731f90,2424356
5276836,abbc05dc9d3341a7e0d3887f7623c91e,2424356
5276837,6034bd1d93ac4c07c45815a55ad49a35,2424356
5277189,3f6aa8707973b6dd2eb71e96ad318025,2424495
5277190,a620783ef0db6de0e0d1384e3044a69d,2424495
5277191,2eb08c4a56c01f0dd74cf735f94c1f13,2424495
5277192,884d0f5194a12e8f74facb0793fc65ff,2424495
5277358,72a8c3f27845dbfdd5d30650e0164f5a,2389260
5277570,7a5a3c358e4b5661df813192e50b55f8,2416935
5277832,7b63d215feb866e0b6ed5e5ba7c30221,2424737
5277910,324224aa464fdbaf370668a41e7dad56,2424749
5278160,6d46afa62a58da6f14bd79a9cf4dda5a,2423919
5278266,2fc586ca6a12766a551629d8b500e08e,2424891
5278520,b26d9db71ebee14c035cc4c80fdd2d6c,2425003
5278597,e6395b6aaa54ea464798a8a1c4d0d0ca,2275128
5278903,7e6f8d31a269cbeb90fcad3f7190d57b,2425158
5279913,5b798007de578baf44fed8cbdc30c888,2425533
5280045,51d3fc1551e0d027580171007ba4f656,2380977
5280077,272efad045791f9fe9fd17ff2af037e0,2425612
5280078,a4442249175cf04484daba3ad8b5cf62,2425612
5280406,6e4dd4c040f74eaba8a5f305dc1adbb7,2425769
5280576,10c465284f7eb9f4f1d9d14177396640,2425812
5280621,5c304c26a4e5a092afe7564873233e06,2425829
5280625,16ffb98b0abf7afb781ed52cefdba546,2425833
5281618,4981e95cc2192ace429f454d45f303f4,2426199
5281619,a14e54f1aab1336b416fd931fc28a0e2,2426199
5281620,586fe6c076e4e6ae7d20a35b609ded96,2426199
5281621,c72ca6f2f8ed94a6fa3a0ef5c3f94e2a,2426199
5281622,081585f73db74ed7ccbff9c3d3b54dac,2426199
5281623,f0356f1b2e12f4905b84b43c88cd190a,2426199
5281624,0a20444b0897ec6f34860bb5c1f07efc,2426199
5281749,176f040b07a836d8a7d6308471faeebf,2426253
5281815,125d6596e49925a8b75e6b7036453647,2425769
5283052,ad1e0d2dadfb3e8f7a5069a1511fcafd,2425812
5283165,7b2c9244210f9ac0490bdcc07462bda7,2426809
5283166,4bb7af49d1d34ea0af1900d102420cc5,2426809
5283167,ed3da8085dfcbbfe4bbacb2f0ce2d747,2426809
5283174,ca9c1abc279b18cf581b6315d0e4898b,2426812
5283175,6f4a7030dfa6b4a9ebf177cb012c8401,2426812
5283176,de72c62977bb7d59f04b3f6ffde9c3b5,2426812
5283177,33752f8432a1ba074c5afa24063595a0,2426812
5283178,86cbd4c5890d6ef17cf2b60bc8ed9527,2426813
5283179,9e921c27cb2b2031f73d5c418e71410d,2426813
5283180,a30f5ace9965fac0f90bb6e3ebdc064a,2426813
5283181,c438d06685cc48e4060d05678f516122,2426813
5283521,c380053a2869533b19e13ea13da684ae,2426958
5284021,eafca06db31086766fd9b0f1280741de,2427146
5284346,9a6339daee613f8f08d7bfa9ce3d2728,2425769
5284366,9b878b622f86301b7a06bfc384850d50,2425769
5284415,a6e61672165e342a8ad717516a9bb045,2425769
5284421,350cf732b30b66efa1223cf40505f56e,2419665
5284454,f1c84456b9c0304520ed95e61712aaca,2427337
5284456,a641fd716a2c9500d3043c72922a91ae,2427337
5284457,2321e621114a33f477a7de07d4e74a21,2427337
5285158,e0a772102663aefab1b9ea4c5c531910,2113045
5285476,d6d487fa18622ed8ae0db8de073b22be,2294836
5285840,df73eb2ce6675de39bde70feb5f91aae,2419051
5285841,7679830425a4689c4e929abc2c72dbe6,2419051
5285842,ba018cecdc085f6eb8bfab2c15ce17f1,2419051
5286459,cd79628313805666324b38b611d3474c,2417924
5287363,2966421ebf084305bc1d23e5ca40f894,2426809
5287915,1ad8ac33f515fe725f22a2b1146b0cb1,2428547
5287940,ed75acdf0d828b28d211dca5a405e94d,2428561
5288690,eae44172e3a1db2f8fb81a3cccddaf37,2365859
5288833,abed19331be172aa8c599755c5cd4ee2,2427337
5289093,3a204dccfc0100e943e51b9c7b398243,2428964
5289112,fb1bf9d7353eb572e68f3d2185ad03ec,2428969
5289223,703f6d20de4061561152a5982e4ffdcb,2418138
5290318,2890f0eca5053bfbe6cd04763c14502d,2429423
5290319,208bcffc49e1e50aab8ce86f35310428,2429423
5290521,7dc32a9449dd0d76eaf90c7be9d2c6d2,2429511
5290522,17191f13b141863dbff252374c6289c3,2429511
5291242,47bd4a0db3f1a0bb9cfa64e6ff31c41a,2418138
5291249,04008425594eb2a5934bb64a8aca6aeb,2406790
5291467,ca130ec65e407fad40ac34295b077533,2429906
5293627,fe7663696f43b6d4fc62bf63fc381fa6,2430234
5293628,a3f6d909cb71a531c27690b0a348e820,2430234
5293629,f80ddd22936268b18ef02a5e68dc6b4e,2430234
5293728,18d0f0f59f2c960c0eb136330a91c989,2425829
5294176,c57975f92f05049fc2aacc3cf7f40814,2430386
5294684,bc6b9908cf84e07f2b84824867a3747d,2324275
5294896,281577a4bed7e067701261a7cca6d5b1,2324275
5294921,11be36b6641de4aaad84140e9f52de17,2430695
5295049,2da4210835edec5eb5766618da30a80c,2316429
5295062,5ac3758673e5338c3a1ccc78eaa5ce93,2430762
5295078,a2290cda958f9c0d5410829563a1bf0c,2430695
5295099,3597bf3722735e28bc8b213fb845b994,2430780
5295693,1934629346f7e2baef14bcec36bdf7de,2417924
5295773,5a4ba478df4c8481d405070b493b476e,2431063
5295775,49ea8a91d2939a95f9186123d472fc62,2431063
5296110,800a01081a52e6428da280cd8aa9f24f,2420578
5296139,b8fe74901409887df4655ff3663aef5e,2431171
5296535,23f4f02f19573d15885b8a9d46256e9b,2431316
5296586,7096437af63f146d6ecd802557c687c2,2431330
5296916,5744ba9b56fcf5764b1e071346a74f9b,2431448
5296947,50e784ca55a8e247b58607f58465b6e5,2431466
5296948,d7ee631246ac2ace505fce5b413303d3,2431466
5296949,93c8d9f770d9cf18ae5f8b205b36712e,2431466
5296950,4acae3ce8f775133d6407baa0fa913cb,2431466
5296960,7d12f01c5b43b1d19fb74bee7d655376,2431448
5298354,d90bb1a78e0fd14a7757d20069afa72f,2430695
5298404,2cb5135cdc98df90ad86288e43d3a6f9,2432016
5299129,2b0486016f6b315dd10359556d407cb8,2418138
5299259,296fdee47e5f7078586dd58db84d7989,2432285
5299260,8dfd8b5549af6736bb8802a45ab15930,2432285
5299649,27d5c68cb930dcd8923643225da98a2d,2432404
5299893,fa6f9891e5f2ad13093693571d130d93,2430695
5300530,d3e32b23ee956848a16d9bba6e2f6f8b,2432691
5300575,8c481dd83feb86c95bbc662a9215e182,2432714
5300660,c5791f89db212434a4854f0b05b4adbe,2341766
5302207,9a80d7eda23ac2ea2a0c78de1c340101,2433249
5303148,9181e3d693051bff9e940053d82a8d8e,2036133
5303358,2d48e925d16137cd8c48d13bbf128226,2420578
5303525,b64c07385097b69d48ac0026e5314942,2433731
5303527,ec9e28986d4f525ea28ec2e28642c7a5,2433731
5303528,1328a34083bb5481a3e27f277c3ad958,2433731
5303637,518a7515d725e98b1d65ca6b48012c05,2375406
5304884,a83593eb64a80d7b8423843e7b7eebe3,2434168
5306404,dc86acbd0161385f807da2a77343c870,2234584
5306500,095680d72159a1ceaf1d0852628f903f,2434670
5306563,f44b25e72c78a32c0751d9e9033f247d,2434689
5306564,f7db27eff641fab20a30de7aa684f11b,2434689
5306565,b1aa5640cdb6754f203297c12ef4f958,2434689
5306705,54535f79ff35a5b26043de8106c2611c,2434689
5306778,9969bef30e77c5754b7a4a0e67e746af,2434745
5306802,025f40e7fec8f9c529077a1f6786c27b,2434750
5306803,a640f2feae5e5ba7d74ed70b09746812,2434750
5306804,6f2bea7f9b59fef6aafb2acce9bfca42,2434750
5306805,a8163cf0ba840bf616fccee8aea65590,2434750
5306822,8a9be15c60e730e5f3936754698de382,2434762
5306823,05fcc6f1e6f6c57d897693e548184ba0,2434762
5306824,64e0cc4b44d9e046dcf37294521fd12f,2434762
5306825,206cb1306235c606cb63abad9f456f0e,2434762
5306826,5fd079efae9a86908d8c139b0122ba99,2434762
5306944,b4e5b903c05cf7106b1e7f9a8fdc483c,2434802
5306945,d5ff25149d8b67738220358be75cbe5e,2434802
5307641,be3316cc4bbcf21bc289d8d3d95f21e3,2435074
5307642,c35b0da5601168afccfee034d6fa06a3,2435074
5307643,0498ac2923453027e221c4b285de7a26,2435074
5307645,1ab743c088ca36017a0e469820e1e6fa,2435074
5307949,0c5bfbc7236b025e39bb70b9c9e7731c,2435183
5307950,b4ad376b6c2e05b115790ffcdf3ecdde,2435183
5307952,363e4eeea69a59b2dbc074ad7078a947,2435183
5307953,431e089a82bce0cc950fe9f4f1d2fcd9,2435183
5308006,64402f34cb658d83f23d8516cc1ff408,2434802
5308007,70386fca5c196c030b1f6aeb174dc2d3,2434802
5308164,405c87a6554d2af54966575416d0a479,2420578
5308401,db05dee09f8c921593f77399d6b98726,2435325
5308443,c4c8ad06eb9746d3330f4800f83d7ac1,2435344
5308489,576d6f792f44dfa19cdd1fbc436dd0ad,2435372
5308541,b925d7ed2ea7be2948f98fa458404ef9,2435396
5308805,fe2d8361a16d704612457b61ca7569b3,2278655
5309354,842803e5e301b6166e2922a273dbe327,2434745
5310153,0c4315808e6673b4d355c17c0097c313,2107331
5310848,abad0bf2d90cca25c95795b19e337b4d,2436127
5311046,5b112094805eecc34a28feabac75f845,2378029
5311302,04fc4048a35be3208283518d96fab7ea,2436239
5311303,2c6cda3dcdb69b69937c48ebfb05e25e,2436239
5311304,8c898a765cff8658f905e9531ec7fc92,2436239
5311305,66e67ca12dc1775aec98d06dba516c37,2436239
5311549,13a60130438854a20374ecb060446e34,2424356
5312209,e0657c9e715b3ceb0b4a1ffb0138f6dd,2430234
5312210,7aed5e31c060d48a9672f627ed3a864f,2430234
5312563,4a852d373a13a406730350f12fff3dd9,2436546
5312760,3effcf64be8f9ac0702847575f5656ac,2436630
5312761,21ae020639bd87700cdfbdc2d7526802,2436630
5312762,3b31cc658ef9762c11704181ac5a7f43,2436630
5312763,01ad8f12f6c178827d91461971eafd08,2436630
5313063,4d2cb0484777ab4e36ce46e44bec5fc5,2436740
5313064,040e523e1afbbcdc17ff19c7d1391995,2436740
5313871,ce75a8cdb153ad582716e0b46bafb468,2436546
5314055,4782a7a736c0c333b8f5f3cc60610f34,2437142
5314600,ced9d2542a11bbb9066f40c09c949f31,2436546
5314601,edbe04af2664befd81a5d8d8769e2fbc,2436546
5314602,7d38aca18abfb15e0b54bf9be93a1174,2436546
5314691,6efbeb0a81968f987f349e81a9fb1452,2436546
5315710,bc07165a057938f866b4baec8c925cd8,2406790
5316167,def2dde71813f185cd38fabc48bd7e4e,2437815
5316518,90853818679c8d6bfe0faa604eeb3321,2437941
5317213,1970db462eba2c83f32558edbaa50d5f,2394398
5317248,f989380f1ff67a1ee6ec398ad82b1fb6,2423919
5317311,af5ec43978c3ecb95ba42352faee64a0,2438208
5317688,824d3513669d2fc97a7ab9ba5a382ad4,2438278
5317772,992fe7b8aa075421d6ca44db90af7aa6,2438322
5317773,bdb0de71aefaf218a8a063bcf2a5f8c9,2438322
5317788,83205a296ef42707d1cefb1176ca706a,2427972
5318370,2013ec3822a61c8ab2f6ca59390a7afb,2411445
5318416,f5c8af72637969d1c873a8da006a0749,2438566
5318417,a079185597df753f6879774748355d91,2438566
5318418,c9c904ded890cdc8ed35f7cba4bc5b96,2438566
5318419,d6f46e10f19b774c9e9ea2c0f3c58ea7,2438566
5318420,911f4d40679d72ff4ff81d2064257da4,2438566
5318421,b0a95f5938b0a093c5ab471cc8be4bf4,2438566
5318679,295af27910aa76ec2abed2fc5176f23a,2438662
5318853,26c529e12caa0477692467182ee68c12,2438724
5318866,6b29a668411b6246b3479c8b5be9521d,2438731
5318882,7548587b7ca8a545e6872d2a902afe00,2438737
5318924,80607e9f49ecf243633f901373835aa8,2438757
5319239,671ba19c2877bafe6fa2479ebc339f8b,2438872
5319400,a5f185b255f63b73b4e3be9f24343705,2438960
5319401,9de806c1471efc93a0193f6101fd920a,2438960
5319611,056f6545069cb2f3fa6a19f22094af05,2439051
5319612,be7387a2fde30fc1b69c708fc682acf2,2439051
5319613,433554806f2b2b67beba5091a13c4052,2439051
5319614,10f17615c1b8779549bf1cbe1c58538e,2439051
5319615,2e425f95546a5ee191bf5b7d2cf9e817,2439051
5319616,8d79eeff7824cf9d97cdd81072b54b2a,2439051
5319677,0d3487d0300df3269ba13ef7a2260a4e,2439075
5320068,bb1854391c62599ad977a2355a6e89ef,2439228
5320069,92ad3e326e6e27d75b0ff724f36ed462,2439228
5320070,091cf323c60517d6f895056cf6730519,2439228
5320071,32c2d530b0529b9b26ae753cccfca553,2439228
5320072,fe62b2b13e3bdefbb54a6141130689d4,2439228
5320073,9027ddf992ae4e11cd300f8fc218f526,2439228
5320467,34d3f55531f24a46c544bb12f1f8256f,2439365
5320749,2e3d53d7fdce46bb2cd9c5f55fb383ca,2439440
5320750,76485749bf5cae26ead4de60b5abce58,2439440
5320751,9cf65f27650d3ed240b266a782e10e8b,2439440
5320752,23d205414a8b8ed493fa7d749e0d98f9,2439440
5320753,5c0e48ccf22349633818b047cd7c467d,2439440
5321588,5dd2606175c180cd35121d04f29fe199,2439785
5322112,b7f75f9bad9488a69ede5ef9eed91ae0,2439051
5322247,1cf2305888951aec9a81a623059c52d7,2439051
5323007,30786c8b37e82110ae40c09e8b9a4029,2438872
5323273,c62169af3ae6d4dbdd5278475b3f3558,2440353
5323274,fbb770ee2adc10b3a7cde0aa1cc76d0f,2440353
5323275,eb35b52b37178a126f712fd52fc3f22a,2440353
5323276,422d660cc3ee136ad486330307732366,2440353
5323277,e6406640e89a90b49acbb5defe86ac41,2440353
5324140,f3bebebb5eced62fdbd6f6c1e9e6fb2f,2427337
5324324,d0ca3ab85b29c39e156e67559b6f28cc,2438322
5324529,06a8e8b95197ea131941df34a45476eb,2438872
5325970,017cbb3d6263a57d332db81083184049,2298998
5326035,b12213d2df2013829a99beea1f96ae8a,2438872
5326070,26a93a4831d2e9fd3e103c82e5b9a0c1,2441237
5326071,c577fcf27701f9a64bc9ff431d92340b,2441237
5326072,c952abd6a2cb965dc938db9d7eccd048,2441237
5326365,05d66409284268332b92aa371f41b49c,2438872
5326547,561463e222d211c560b8cda2a2ddd1db,2438872
5326553,6d6b707170dcdb78a4a5c810f1ac3423,2441425
5326554,445fb03232522e9d2bc2f2a1dc427687,2441425
5327162,2a8c940c7a7b2be7129611da503b2878,2410685
5327174,ad3585d66feca01d18a61ef057e8a03f,2436740
5327306,f5bf50d635a01ebb6047de89ced76216,2441719
5327751,6c8893e2d3633f8025d9303a9ddfab54,2441875
5327786,66fc2b460045ef8a5141fd23a010b40a,2441893
5328568,d3fd79f21c28b8e9c712febcc77fe959,2442176
5328624,1d2bd1695c111104f67722edf70b493b,2436740
5329138,bb2b6354acb0f1d0cdb1f344144bc3f6,2438872
5329139,983c07140f5f19e0c549fe1d76bc216c,2438872
5329644,c1ce4adb1f4856b8fe8456fffddb698e,2442604
5329664,0f4037dae1b1ce61b465b056e8b8216f,2442615
5329966,a5dffe70d49f2dce426c03cf5247445b,2442711
5330163,9805a2b207fdb99f69024276a14ebbb8,2442758
5330164,27c15bcdbda03836c63a5fee7fd0b46f,2442758
5330179,fc6a2e3480da8ff6d7faec6961136721,2442764
5330215,003843332d149f7d1e1ab40c76d649ef,2442764
5330252,1a4c880840d5ace53f9316d0df1cb6eb,2442798
5330528,2d19ec8ee09bf9d7bc663798b62b55ce,2442891
5330532,c4ec8f0fb9ccce5c7ff9ba67396c2dd6,2414887
5331076,6d578b962811b21465d458a8d8b04d01,2442711
5331083,d37015f160acce0148d617ec50bddfc7,2442711
5331084,8a6e23ff973c20014dae7d7d2be54f57,2442711
5331286,6a814d4725f04fb6aeb5e8713ede1558,2443256
5331287,f599fd5ad1e42d44d61aba3293889928,2443256
5331288,4741b693f8e9b412868dd63c72f58a6d,2443256
5331289,f3d3a5f0e07ad395b70e9d480a73e68a,2443256
5331548,5464e237f28e00b9a82acbfaf71a74a6,2443377
5331549,f4b2850b3145f17bf54ca9f5d32a1963,2443377
5331831,6fbbb54adfe0a9667008ddbe2fc9faa3,2443377
5332767,c67560a36a6ce7c1508385e9eba45e28,2433731
5333116,18c1e252c94313f89f31c30a31a47abc,2436740
5334028,adeb870328a7c812571466ecd1d62b15,1544189
5334029,b0406ae950363b2ad1fe0352fcafef2f,1544189
5334379,266acf94b7e01da808dfe5cf7fc14c83,2433731
5334380,77c7e67c1c751ff14b704f6be1c1b0e0,2433731
5334976,d098889b0fc5449007c8a028abfa77cc,2434745
5335918,debfe54bc5c07d2302e59393c0a544dc,2362903
5336467,88b31a35650593082e9853476b675d61,2445136
5337483,262656540a333e629c8d957f8d6840ea,2391527
5337735,2ee37cad650f95779a8583fec0f3990a,2445518
5338579,92c573588da6f536b7141f86a311b143,2445798
5338660,17a5bac61a33b2448b0b5cadf3ad181f,2443377
5338727,f92abbb4c56bb7a151f6b42705a65a55,2445853
5338803,190d94088240444301576c4a7ee59352,2445891
5338977,537673a9d090775e086d949cd0266b41,2445956
5339148,a6c7afbada377bc707f9a1e891d80a32,2445956
5339481,92934dfbc62efa7f1a79593267f6d940,2445518
5339645,8a956df6d6cad23cc3919d58a17ba1a4,2445518
5339691,8915305b51aecd569896357d122d83b1,2445891
5339991,ed3deaeaa978fe3492acb206d3cb4b5e,2445891
5340305,a7d8d253f78145e68c78f2149ce05a36,2438566
5340567,9f734ac0c226d8dd4631282f47b388ed,2445518
5340612,3b42225bee4e6975616aa71c9607c740,2446560
5340613,3fe05cd955c2698ed5522870cc3a0d82,2446560
5340614,5daf2fb06b9652fccb399d176a1d0a4e,2446560
5341052,10dee7f6aff8211a5860b14cd31112bc,2445891
5341082,8794c1bf28fb9c6e147d82d2bb3428bb,2446772
5341114,5b24a08a133bcf1aab7ddedef75fb185,2446772
5341115,6a936ce11dce48eb5fdc4861009d5d8b,2446772
5341372,6a608f7b6dbb0bcf6257de46fac7c23a,2443377
5341618,15c5061f27c12ee80796d283d1f9d3db,2445518
5341702,703e8fb24274dc36dfb0070a8fe042a7,2446942
5341767,3a57f37a2a773bf389389e051c3c171b,2445891
5341993,c13ca5cfe1e230b65f2735719b0e46c4,2445891
5342137,366505548ba0895b9196c47db3a711a5,2445891
5342138,d55e8e08d83760b3c03f4374a958e52d,2445891
5342352,21b88b20d2450b11bb266b39346755fa,2447241
5342353,30f88efa753b2cb595c05bc3ee3ffc1a,2447241
5342354,45263879fb77f9041cbf7ecade9304b2,2447241
5342355,545e50d0b2e12ad83474f3c8759e6a45,2447241
5342510,11530e4cfdf321d0a9cb8fdc5f41d9e3,2439365
5342583,39283f6593f4cbd527eabee30a446886,2447308
5342648,af836089507e35aaee3a9b3c020cac2e,2439365
5342818,09a8e415edc2a241f85721d263804cfb,2442798
5343428,f7dc135a9bc7e7b26c895872fb711644,2445891
5343608,803cd8580aae1e50a75ee7ba6095ce48,2120250
5343789,25e244ca04de06dfb3c371829da27869,2447773
5343802,e9c49d6d60018418c9805512d2ce43a4,2447781
5343803,46c73137122f72c403413b20ad30d03d,2447781
5344009,05dead2247c4f1bb000ed1ab483c3751,2447855
5344363,b390a0cc1999af4c02ad39a33f9aa650,2434670
5344364,b60519c6e569b3a9a2bc734d669e6e19,2434670
5344375,0bdf7d42d791019af3547c8dc9b5fca8,2447985
5344870,7c618eca255b5c8489128403998ddfe3,2431466
5344918,20c4d4e5a4241a686d13422129a872bc,2441719
5344919,b31ff495bceaa4ca2c2d856147989255,2441719
5344920,57ff5e66a686a620ef780c41b5875c64,2441719
5345298,95a4fd2b40d66929da237579f6bbedc7,2434745
5345473,714c047eb36119102e35a92d1ca028ed,2406992
5345474,c2975e08021a3a818f3d25b754503856,2406992
5345771,9245bdfbeacb7c3e3fe632f1dd95ee23,2420331
5346374,113cef6c310f7ad1cf3da773c4aa26a9,2447781
5346375,519921312f873e8e4171b24039cbb5e7,2447781
5346376,8687d06dc8f4a632fc8d2d22308945b0,2447781
5346988,adb17a4416ed7afc55268a037e39004a,2448852
5347180,fdc0bec86ede9c298b646ac739ee8e6e,2448902
5347222,f93cc7ad87bcd5abb5aa0666a8326303,2448917
5347257,d714aa3b30dfd95cd250670fb2620631,2448938
5347309,df5ed4d1372b6f32f38e77c32fa732e6,2448964
5347310,47d12482b223a6b80d9f2243740523e4,2448964
5347311,0297ac13f82492b829fdb7ed2fc5cb8e,2448964
5347312,cb119c6633e4cf1ef192eae2f888d125,2448964
5347313,6d88d1c595175d090fabc490d661097c,2448964
5347421,81c54022bdb30c21d758fd96c893bab9,2448964
5348247,4c0d90550e1bcf0f9816927eeaecf16d,2329176
5348248,4e049a6f57e97d0b58b288493b6f4f3d,2449327
5348302,554fc39890ca5533ac1653b6b939acb2,2445989
5348303,13523337f2bdea7707b2cd200ea6093c,2445989
5348304,f89b990e89b6e8f5c42a458a40e0d5d5,2445989
5348405,d02c27c0b19485695a2b955a840079ff,2448917
5348535,ae58af4df9df125c1d90e86d543b5e88,2449429
5348610,64f318379be9c40da5635ae1d58dd652,2442764
5348652,92aab0cd4db28dfa2605aae46e339431,2449429
5348787,66ccdd003e9d2ae8fb20f0e0152b145d,2449429
5349221,e2d8451c749152f5951c73c3286483ba,2439365
5349464,76edbaf1c6e7fb80b790af22bc1dfef6,2449429
5349656,d1485a8cff8b4224d9111612a326c5a9,2448964
5350078,2286ca5bef51ed036e2036d19b7d15c4,2428969
5350795,6b2ff837ff253de3c8dca747d026e4c5,2448852
5351624,fd7968390847e5c333fd2c6e2f313607,2442764
5351640,da4b99660c579c53e23150431c188b20,2442764
5351952,5bb2776792a047bf05c6b23795e6cf9a,2450653
5351953,88712ef06040c7d1d62e7702eda7b6f9,2450653
5352646,16ea7e29c472f0194ede48474e2c4208,2414887
5352749,2458a047f768cb43695c1718aa5f399c,2434689
5352809,7471e0f513ebbd519d06d102162defdb,2450998
5352919,8535e4d89d0b23bf39e6f74134e9f810,2359058
5353397,d83159aee77695c9236cc5a672d0d317,2432285
5353403,fadcaa02d9e587c6b88c9fd1adcc3a23,2384836
5353404,594e57b8c39897d90dc405b79a4ffe4e,2384836
5353405,fd96718c586d53e4a9caa3fc23b77982,2384836
5353451,b000da8c511149cedac7db1b6386a33f,2408538
5355959,549aad07e90d93a59e8bdd2ad9f6f844,2448852
5356482,34da737c22a75fbbfb8895043bf68a8e,2435368
5356581,bb93a4978dd629483e31829434dc86b5,2451984
5356857,38c11de954d001031d09c9a1e9f4c84e,2452086
5357123,b5b80e22a3012c4892335be7adc6bfb9,2438322
5358445,a8870bcfb7de9eb33b9ba1e740ffdd55,2452664
5359207,eabc64ad131876c30d7ffd3ed057be6b,2452954
5359208,9d786ea4c8408888924271c4cf80fb18,2452954
5359493,288965db83dacd9fc44d4a50e2078c96,2452954
5360386,cd1f7c36f571d44b33dd138537925f4b,2453409
5360605,8ea2f90a17b662f1db0db04e9fa3f6ba,2453500
5360755,8fe76317ff4db19ad9b0a2bf4ce46e16,2453558
5361755,cf333b547e785755328e7a5afc9c5c09,2453821
5361982,210c9a1e126d0ec0f30f937a47cbb431,2453821
5362849,8d0cba1586d2f3c09386fa4103a1da6b,2454214
5362850,617361c34f57a387da108cbdb81a4328,2454214
5362851,a02ad8b71bb8bbbaf7e0578aed909ac5,2454214
5362852,43b621b63190516d023a343aead508cf,2454214
5362853,72a8e1d9f22f98e326f666e2e951b95d,2454214
5362854,d874978a70f07fdb7ac30943778c516d,2454214
5362855,be63b3b809ff8ae12467f366773eb8b2,2454214
5362856,c2ad2c6f0a3bbe22d8b351c002a8d3de,2454214
5362857,e0a40c0895dd32c41feaee616575f54d,2454214
5363489,9f0e1c4b13c6310fdeba3b9dd64943de,2441425
5363688,196c667701d3382a6e5670c22747a865,2453558
5363822,c863fbf0e8468a443294e36bb821de60,2454631
5363823,4c3bc8b2b07de18db27127c59acc9ad9,2454631
5363824,936a9efee7cab9b6b5934e427f50aa26,2454631
5363825,69f4297f8e2d1b6b460e7cba69ede2c5,2454631
5363840,fb574f0a70988dccbe911041a41f464b,2454214
5363857,0168fe2ed68a5168afa2a00f6594f782,2454214
5364615,2485f0c55abd273b93ef1377266c415c,2453821
5364719,ac01bc54a4c9e4954daf1f86da590e4d,2454917
5364731,37679c2521b4ba433b262535bcb2c8bd,2453821
5365551,6022521f12342f5c2b940e6ec4948a1e,2455211
5365552,740afed72532979cd49ee9509e14690f,2455211
5365553,2c331a8a18e1f9ada41de44f1bcd7e59,2455211
5365554,99a492b5641bf3ac81c0bf7b78c0ee3b,2455211
5366396,66b4ae76e81d278767bf2f9ccc15fc54,2453558
5366651,90fa93aca28af4924d9109f564dd046e,2455603
5366884,94d68b66fefad78a6d90408bf5f9ebab,2430695
5366898,af8d77b8a74a854662159694e461c61c,2453558
5367629,6f801dd8767fe839415ff813ec828503,2442798
5367797,b841487280b56bc00bdf8a4db9586da1,2455961
5367799,e0743f952fc6b1e850a1197da6ea24ce,2455961
5367800,b7f236630ee546d01a0d7c7ec1adc6e2,2455961
5367830,d061f00caaeb67ad88b5967c18a62d1c,809684
5367831,1e85b9795bb2ca2b906eec58851b881b,809684
5367832,3a53dce0573dc683e3c2b8251da6a8eb,809684
5367833,2e7e308c4f08d6831a1f90416d868c98,809684
5367958,2528b7a55f55ac2c4127ffe39d372c21,2456002
5368073,6887278996f7c50055f9b0e2a8af474d,2456045
5368457,57159fe25ead5164c88f8e369f59d22c,2452954
5368458,7a90ded2d8cf717c9bb07a125311f917,2452954
5368996,b4778a2f6fefda16628a29433e3d9486,2456332
5369002,fc885ce33848d927190de4de5781795f,2452954
5369426,3dcda7b9f87041325a1a6e751d48a3d3,2456432
5369427,ec684f946b0c2201bbb3808d4c0120f0,2456432
5369428,50f1b5b891c6e4423b07b0ead0fe98da,2456432
5369429,5c3f211f2d07abe3229ddb53835c7b7a,2456432
5370523,6de192563aa0f3b1d6aa0a9128ca4129,2456780
5370563,82840bb6aef1db971dff452cf1eb4bbd,2456796
5370693,fd0079e66ba87681b1768b86ebd3376c,2456838
5370694,51a7b37becfc1e65cdcc1cceb804896f,2456838
5370695,b35578e3e3950c88e15c96c85039229c,2456838
5370696,bee0240b3ad11022308033f645b86dcd,2456838
5370862,287e21b340dd21a1a09e506e96a95ba9,2456796
5371290,f5460b7d93c9562277bcd616343b12e6,1629611
5371291,2ff3138d994d4a169ced06d16c27fe8d,1629611
5371292,fe4c991c8e034bcb3316ca51f2317226,1629611
5371293,ed9c328e51ea3d030f8c008fbe94235a,1629611
5372294,e69692dd4e828952cb505583ce3c573b,2431063
5373546,84f94789a18ab2143465984d937bc8cc,2457670
5373547,03c220251d46275d2811fad7161dbbd4,2457670
5373548,2f478338ebe697f5f78bb5ab8e12e57a,2457670
5374053,0eaa96894a5920c7b4e4f0c9251137a0,2457809
5374730,49474fc0e06223991f7dab35e719f985,2458045
5374747,9522d5dd645ca9996567e91a2f57efea,2447308
5374839,3e8d126879dfdc2da43e7b6fe03d8d2f,2447308
5375426,3e04fb3a27619e20ff18df0cfc134594,2450931
5375427,b7514de4bc32177ea8bcbb46a385d630,2450931
5375428,6e792bd5d4565ea35e7c7d7ec31b0b04,2450931
5375527,4f134b99d0316df79e0909677a7d1fe6,864908
5375966,624f022a25979e63bc954f09434619dc,2458045
5375983,3a17bca7888d604433684dc2d6c1b744,2425829
5376003,6abf72fb65d505c827eb06fee9e6abe3,2425829
5376076,6d7d8032b11528181aa0d03545c10a44,2458496
5376091,d8d968c9c23ad940267c1aab8c8ef1f2,2458508
5376096,fea042f22325ce24bb21845499e0ebe9,2458512
5376099,47d63d32224354935196b91e8f439a31,2458512
5376100,372e53f593ae942c34801085c147bee3,2458513
5376483,2a6dd728622ac30bebbb789ae1e3c17a,2458618
5376598,e0988e7e07b39a98b9a5bcba24208072,2425829
5376791,2113cfaf7a4da09486999a9c94cf321d,2458692
5376792,a8ba276998f95fc6c0bbaa5f5263aa6b,2458692
5377641,f6dd633d2fa48e5759447110224f65b7,2458974
5377642,7af3e63460772bc54dc974effe316dff,2458974
5377643,e9bc3dfc1467bbaa8f88da752c0b5eee,2458974
5377644,628d2ebde3621ba70601f2e07b6221c5,2458974
5377645,1d1d2a0ae3db8225df319b2968d26e30,2458974
5377729,239728aab30355f45fdaea286f128c6d,2458974
5378114,164179aa10d3edf0fe1bab1051f59644,2459122
5379679,c3698765c0bfe814dccd3c1fd43c319d,2270163
5380933,665079e96435d215be49c1a381f69ea3,2436740
5381246,33a58bd398ba05e67d90319e02ee7c1e,2460238
5381266,7152c9f7784808b54387056f5c66bc20,2446772
5381275,25a0539a83dc18515bbefe9d486c4f56,2460253
5381458,c983f49abe0c866e1a64450afe7d6806,2460312
5381609,ab8605f9a7ad2137efd658c8f96387dd,2434168
5381680,fb3862f89e29171189646556b219e974,2460402
5381681,56e8ecf07b89df82dcf2b354cddcc3a5,2460402
5381682,1415bea32cd30df385f8201a41412a1f,2460402
5381683,00818f28f3be198a07e2f0145ec336a9,2460402
5382156,b6e7357029da8670e01d97afbb384440,2460566
5382447,a94627ae1acab78fae03c90811f1281d,2460253
5382510,3a7bc871f2f518fe49b44ca94126659b,2460253
5382914,902afc4bbfaca9bc59a918e07bc8237b,2460785
5383302,f728daf1e085e4ad443e49ecc500993e,2460253
5383786,b9b2229e640c25c042753dd410b980b8,2461083
5383850,297196fb48c8b95665936b3df1fd5d90,2461103
5383851,2e4d9677c0f325618b72d7f55fed8c47,2461103
5383852,24c448423d9b6562f22cf32d8a4553ab,2461103
5383853,1570e3615cbc8863299bf0fa1a23b7b0,2461103
5383854,cc298be5d926f7cdb5022d842307abc0,2461104
5383909,77dd113ebfab4e4a79171bab76967be9,2322143
5383910,508e9e2f907c2f72947149b963c7b51e,2322143
5384152,53d7303ec3777fcab40b4dfc4a5d259d,2460253
5384369,e5a1a7856e054bd96fabe7946b35b4b8,2461298
5384455,ed08b8fb9e47b7e6084216fc0590dc7e,2458045
5384525,2767b6aebe84f780a8af4b0d2ffea85d,2460238
5384662,e53973987f7c1d15a6fead55ce828ea3,2458045
5384992,2b0dabf2a5903672f18d6634420f3493,2460785
5385036,31c6a7abc408d312094db87fb3e0d63a,2460785
5385037,e03e58777ef62e705abbaecaf8ca0854,2460785
5385422,dd0148ff1eb07000be1234d50efc53b3,2460238
5385423,1e3e96cf0bb84acf559ce60aa7eb0163,2460238
5385537,d568428b9a801eb4d784da5f37940280,2458045
5385814,9ba4cb7095e64a9584c34456aad61e52,2461763
5385824,736ebbe1f08a882e99af352b69c6d45a,2461763
5385840,e523a726af28a6d8285aed834a829fda,2259021
5385841,5b82c2b1a2e37b71395c44f93b024363,2259021
5385842,e1737ed717cb0170b75429f63dbf91f6,2259021
5385843,a5811e079362b678009324e814ff3898,2259021
5385844,b6c7b9a1ff6d91e343ce624150ecbc85,2259021
5385928,a92006461d91ed58a86f0a2be0c88967,857153
5385929,31312266cb3c10dc7eb961ae99a8158d,857153
5385930,98b36219e2f447b4fab699f4c4e60438,857153
5385966,866d01006635f67c8be17730292d2ff7,2461806
5386131,bcdb9215b355b5d5d73da52e8a759056,2461864
5386136,55cdf2dc4e8a3e3f163a6c19226a207a,2461864
5386137,a4664c80b74ec3343c886e69b4a3f588,2461864
5386138,ccf110b05efed193435bfa0d8b421da7,2461864
5386625,b3ba2f6fd55f9239d6def5b732faf32b,2458496
5387449,38a9a821b8f24d98a857a38301a8f887,2458974
5388207,329ca740bc5cab04df4d6d99e7ab0b32,2462575
5388352,82b4808959fb116648ea555b480c5f19,2462632
5389409,d700338c86246d2242aa10901b85ec93,2462963
5389923,c31d261a193cb625ba16c8925b6e3060,2461518
5390537,f6341ca068f07575cb6916fd0acd6b5a,2461763
5390563,422ccb3f9e4aeb4402b692b1f4e62dd0,2182214
5390636,e4f9a9349975314814c1f6168a2f10ef,2462963
5391269,51f04d9a00ad87d6b735f639667f2648,2461103
5391287,07040eeb9281a0ceb45291859178e869,2461103
5391547,12f69750c3d608aee853cf21f11e7c2e,2463674
5391548,f10129576a3f67332a9e26e8a77e841b,2463674
5391662,b9b8f20ad9a98aa9d1ff87c25dc5c27a,2461103
5391927,d57e6d5795e675938139b85cfbcfb71f,2463828
5392229,8732fdf9083320f324de4abeab081dd4,2463881
5392334,e269ce7697540e0909c86ace1356c58d,2463906
5392335,7691d9c21cc688757c736a51cc1ca979,2463906
5392336,940bb8900f6a1991010408836783558d,2463906
5392890,48586266f29c7ea43d159421e66cdb5b,2464093
5392891,d106e06f54577c5ce07ffe384b1b182a,2464093
5392892,232e7cc58ce18a39aed6194d2bf23c45,2464093
5392893,71efe11df64446b3c9fab884aeb4089c,2464093
5392894,83db6895cd6509531d2ae29a35fdce71,2464093
5392895,815b8cf5a12d466496cc58c90ef4d636,2464093
5393278,fcae0c95f836ede55b003fc5fd2d7463,2463906
5393280,0ffcdafbd1427a88a3f304b656116b77,2460238
5393281,57064002d1fc07e4c5dbee331249187f,2460238
5393297,6f2efc9417c0e3734e3026cf392a3bc2,2182214
5393298,1de2022be01c7c6f90a1bc91decccca6,2182214
5393749,358d171fe4b3cee45ee678c0e5397c3c,2461518
5393752,57f1ca840a75de248296f1aa99d9ea5f,2461518
5395425,11a1a4e3276b7d5e7d8c587f14ed7986,2182214
5395940,9d5e703a0a367320d8292d90221eff22,2465056
5395941,0f21bbc09980dc69d262992997f44829,2465056
5396045,4f78914a1b0d28076cb9986db4746891,2465080
5396046,91664472198ee55abb5cf479ba291b84,2465080
5396047,d6a32158fbd0e84cf04a4274fe2d48be,2465080
5396048,c4528ecf0d881c7ee3f0cea0f347545e,2465080
5396050,815326599ca2a5bbead4b1cb2338deb3,2465080
5396051,375102f0b91dd4649335677a2df7e9af,2465081
5396052,90d4516aa555939cf21a1893763b97ad,2465081
5396053,692e1b82abf50033cdf541972ac0733c,2465081
5396055,051f7cd88ed0978ab1d667a0dee89118,2465081
5396056,1fe06feea5e198fea6c8c18dde16cccf,2465081
5396178,f76f23295ebf9f2196be9d0f9b9ae391,2461103
5396438,637b2f460485358bbacc9384cdef6a5e,2264736
5396810,86df73bb08a11d08a2c6415cf38a0a24,2465370
5396811,81dfa93eb2cf9eda8d4273fd21599d1d,2465056
5396850,a3d8c3cd37b88e0897c7ea3537f06d1e,2465056
5397240,a1ea902e2cdfb149c1a609cd1d7a6eec,2322139
5397241,591978141820b4fa4403a28442f1f589,2322139
5397242,6ba7e8344584a83c6ab1017ac6e13f6b,2322139
5397243,581a528eb4ed04f77edaf8d5428d20ca,2322139
5397244,99b4b833f219ea7f568ef9c5bf3beb0c,2322139
5397245,69a0e46e1e912baa0258e5947964f80c,2322139
5397464,7646891b2099b241130348458c43601f,2420912
5397465,accb7934c7b8e7ebc3fbd571a7e359a0,2420912
5397466,62b5e6d4890db13fbcc319211b5ad0fd,2420912
5397598,39239b11b1d0132db3c967dfa96fda24,2458974
5397657,5b63abb73fe7af73745db13abcedd78c,2458974
5398779,65bc0d00292dbb7d06196253d18e8eb7,2466060
5398862,40704b30e09f1b7e16d33772bfd7c6ee,2466086
5399216,63da68a5bfcf286fece665c202822f40,2198420
5399217,64006f74038c684474fadd75951f389b,2198420
5399218,46b6a4ffbc102baf4fe93f47aa7289b3,2198420
5399219,23ae6efbbc07539132ef8bc7f257e8ae,2198420
5399679,828d8bba6c4f27bf57b01d6a55120de5,2458974
5399680,de26cd87e4cf8862aa5bb2e9264b6380,2458974
5400808,a4f204e82db0af39fbb1f084996d4fa4,2466770
5400809,44e99c947212cc9668b7cc4b4ec0f1e2,2466770
5400810,43582ca4a36d224cd47c55df13396395,2466770
5400811,f39c8728dcb889dd9db3be806309e306,2466770
5400812,41cd52bb723835261a4d12c4bba1d7b2,2466770
5400813,48c82d20783bfbfb9089b86d6a259e7f,2466770
5400814,f68ce593b3e15a43581356690162c8d1,2466770
5400816,f7c770b417cb0801dd864264b82f09bf,2466770
5400961,571c1ad7f806f11fa9d5ce3ae38a0d5f,2466842
5400963,06c4fba333fb3050d9d5a6587e37fd8a,2466842
5400964,70bb5bee48e82fe9dba5638a9f185226,2466842
5400965,f04f56c791105ef2dee7e2641f4edfee,2466842
5400966,303ed13fc090f406e15437793a85328d,2466842
5400967,1af0ef51d5c3705e397b894d1bde834d,2466842
5400968,3b4966fdef87481f5688f65c1379bf3e,2466842
5400969,006bee59b75fe97a928757baa974f8e2,2466842
5400970,8921bc3aedf428277aa4660f7cf97bb3,2466842
5401179,c90d6c627302b8fe59a9bec3fb9fb3f4,2466933
5401196,3c817d67714973e34fef655bd1b41292,2460402
5401607,3957f4a4e3824b75c279de5e758d38c5,2347713
5401618,7aebc0cff5a5c5b1820eab786bde5ecf,2467043
5401619,aec6ce3dbba0f91eaaf58e28c29462de,2467043
5401948,563b6257d5bf96ebe2e5de138263ab22,2467187
5402824,ce65d39f3ab53eae51d4e139bd797e82,2434168
5403551,32800337b8a945ee6fcb46568ef4bf1b,2465808
5403552,11a6667c715a3e8808afba7d00c5a7b1,2465808
5403553,a9646ea0c9de8e880c3aedef55cd20bd,2465808
5403554,7266dae67763f8885abc3320556961c1,2465808
5404162,c1f59499eaaa0e6636741b836431ecf8,2468041
5404622,5e8f43022441fbc687e9cb586d30ee01,2468221
5404726,ad6a3397afc6671c67483cc4352c404a,2468221
5404907,d4cca032220d8850e235aa4e6f781999,2461864
5405122,ad599825130d8a2e257b56b91176688e,2468393
5405925,c19b56d57cfc878d4d2ea1a25255f014,2442615
5406325,9873ec36573849c2d492bf70bf30efca,2468221
5406516,07ce73a0b20b160e1faf8308fb125a4a,2468895
5406921,1c5676c6dea0c17b6d57bb34ec0cd548,2103787
5407955,ae1cb4bf28fcac47f8ff62322fa48807,2469290
5408030,e59cfeda9d58026f61d225a179fc9987,2468221
5408532,5e70f0df5b1e1607ea96a364168ee737,2469450
5408551,9cf24420991f5eb94492a1914e80342f,2469458
5409713,f62089f352dc85a5bd629a6d0301283e,2469874
5409714,31f43a85cbe6c9d81c30eba5bcab0a1f,2469874
5409716,89c1882d0e575f07b216eec195971f7d,2469874
5409717,29a106209973bc5249ae0cd61f262947,2469874
5410289,3f460cce030477449a1f7cac24141133,2470068
5410605,19476a7d66641fc7c7df96248d67baa5,2470141
5410606,f3f933e14001e8fd1278060f03348a74,2470141
5410607,8b965ac2fd44668409f0b306d0f99449,2470141
5412060,f08d7e670ed533cb81a376e795b22890,2458974
5413009,bb12cbd77ec2c1990e56416558d0a158,2471067
5413010,0336a9102c5dea9b8ecc7dd5b3f03c94,2471067
5413011,1608aa8584ba45fa28e40d0380b9c329,2471067
5413012,cc75148fe594c620f350b7ee0b265e90,2471067
5413013,be83e004ce4faa9d05b9b6ec41b00886,2471067
5413832,ce28df4bf99c33912a918bd3550a0692,2471251
5414743,a22edb4a744fad8c4632d2b04ffa2db7,2471567
5414744,3b1b2bc3efb6e60995106554d73fa44e,2471567
5414745,26e1c35e74f3dd60dde9527dcd05d18e,2471567
5414746,6556c594f23072b0ebbffb8b9a179cd0,2471567
5415210,27c2802caa07ff0625614ab6a7f7819a,2471685
5415281,583963dd85fefb7da1dfc4bb322315ab,1266971
5415414,25e1acb49d995d23bf1fd55d99c0efd0,2403736
5415819,b4b3e6a80f303a989aec84b14fac6532,2471841
5416488,0b59a111e3923dca063c68aa81c88234,2428522
5416930,1c3a39ddb7921070da20a8673327867e,2471841
5416965,bfedde110a40b2f2e952dccc10233c91,2472360
5416970,e85afe38db3f162867e5ebce05649691,2472364
5416981,ccf066a8ae29a75f60dadb3d81eae3f0,2472371
5417372,d5452d4ee259fe1686ef29954924f596,2472516
5417925,f768c02316b814d020a4334360c223f1,864908
5418910,aeffcb10385b447babb55f6c0ba18cf5,2468221
5420892,2b2733905c85112cf42e9702a4d7f325,2473390
5421059,57abbb0730f945cec42fe031f20ea635,2473122
5421084,b8775dd553ff1031fe40631cbe1eb413,2473457
5421085,03a3dd17dbbfd43b385a9433da5658a2,2473457
5421086,5d40db67193574d8ce5b32a3e6fa903b,2473457
5421087,19963d541ed764e19d3e3c9aae13e710,2473457
5421088,c428b2fe589cf669136dc9bbc3d15bee,2473457
5421316,6b73f7e52e5541cd90bfc19302ddb8ff,2473516
5421429,cecd58ab26d378195b9e9903377fdcf2,2473546
5421430,e370bdea62a0eb4905d18e454d2f8034,2473546
5421431,4736bdb0864e07c630791f09189a68c8,2473546
5421432,ca1d6691a470a5f624e59a513d23ad46,2473546
5421781,780d723b7a6bd1307aa7759b37e7f275,2426582
5421976,a50f0f91e3a463e58b0f43bc82eb2156,2264736
5422000,593e03516e723cbf6756bc4463055261,2473741
5422001,b315ca49b3c6d4d98d6892b52fdcde05,2473741
5422002,ec2bcbb135af2191ba580bf5eb84a1c6,2473741
5422003,79c719ddb1b1a69bf59083ea69954df6,2473741
5422004,1e14cc0c40396d9edad2190b48bd1791,2473741
5422122,17ef02e801c1e9da548901f473f6b066,2461103
5422741,ccd1f63a073d4545698e17a393601acb,2474010
5423710,aaa6dc88a5ddedd2e4994d3ad8783da1,2474422
5425091,8b8fc74de3aaef36cc58f3b59edcd69a,2473122
5425206,3571d0feeb998a3346121ca3eacf8b63,2474963
5425207,b175db6702d73bc47d06c5c14ce0a1f0,2474963
5425208,3e4ff01e125a2eb5c3f357665e3ce122,2474963
5425233,02e89c056964c2f9a670edda8c26e926,2474975
5426068,cec6d6dcdf579fa2ca8b20a323b80623,2475292
5426120,a41a3820ea57b78c74881b3da1d35895,2278354
5426264,ea19e95234f9689740ffa28ecddc7763,2475387
5426619,518103971ef84e557714dfbb83cea164,2475483
5427682,b7b1961f3bdb611e6e16572a884fa41e,2475778
5428392,229036284159a7f9ab0e86c23c239efb,2474963
5428438,531891051757540f60b61bfb90854bb0,2474422
5429596,8561e4cd8075583fe33e6f87602d1627,2421243
5429714,b5684ee1f0748c898f543e38cd4332df,2476448
5429715,d8c7375eaafe1238f9a339a981b55536,2476448
5429716,26be477fe0e36ec8e24147f9f340884e,2476448
5429717,4a4253e66661378db066cce14adb36e2,2476448
5429884,b84eff20ec31c5a760ab51a78d3b78b5,2473122
5429885,1983f4c63b142cc01aaba83c5f5e219f,2473122
5429902,ccddf98aba3016f52c9247fda11bc3f4,2473122
5429966,b481de5dbbb3d9f18cbf9e37498cd6e7,2476525
5429967,a9b58066334bcf185b2034382fff294a,2476525
5430169,f4948fb8528e4506757df49c8b48324d,2474422
5430392,65accc8f2224a98ebf524a48fa8ac356,2474422
5430994,b51684881d37eb0dd7c34b11a0d04176,2217940
5431023,522dd67819b561f56eaf9292771a0f03,2467187
5431045,62b063f48579cc93b3ea69df0f2fbf63,2467187
5431205,e8982dd55ffc242b5584316405b26eb8,2473122
5431295,e7869cef899bc8db2ef8069fc539f48f,2477002
5431491,a94b5c2dd793514074232264241cb26d,2477002
5431492,cc51f71f8ffd314ee439124ef3936ae3,2477002
5431493,11cfae9682c7689c6e0d2f5e33c7afeb,2477002
5431814,a61b919c7640544ac77adf62115aad55,2074956
5432173,724900c12c1e15ecb2ab26e81a7ed8c2,2477332
5432174,2f492116bd1522c4be7109243b81a749,2477332
5432175,a5325bebddc82215b1607f15527ad8bc,2477332
5432176,052dc916dd9aa52a7095ccd624895a0b,2477332
5432177,2d048043275dec6eae1c7df729d02ed7,2477332
5432178,3fe07b853fbf95920c10e21e02fdc79f,2477332
5432224,a4c4aa8d801a1e189b48370f57ad20ff,2473122
5432349,589af2de84671e8d7fe12548d82f5388,2477403
5432917,0859bd93b3ef556dee715e19063660a7,2477633
5433418,67827c3c8a9925bbab1fa39f506b5d64,2458974
5433580,ca9e6ef0f4bb3385835c631369f14362,2477633
5433718,e52287fdb2bcc6ac8d04411126bd7471,2477403
5433963,542f386cf8c0e6b82bade2daf95eeec4,2477403
5434156,cd2effd1313fa437c29240687757d720,2477885
5434470,ff71206298329479beea5689a81501c3,2463674
5434489,2c08135b638c3150a0455d04fcb025ee,2477332
5434490,49e3151d7345c1d617d6d195412d3451,2477332
5434491,bbc50688f27aae0db307782de4f6b0c0,2477332
5434510,1ac6ea0a10b43d53ba3f5b6eb750a41b,2477403
5435287,bed765f549da7e11e3d76271a6c7b7d7,2478095
5435288,95eec82838ed3963cef094a81f53fbad,2478095
5435289,692bf7a6f446340e36449cd62f2cf928,2478095
5435290,7db64738b5618c650c161de26e049245,2478095
5435514,6fe792cc2efc9f72a6ada9aa509f43e7,2476427
5435515,dc59dd55a0d3e18ea9c48837561a20bd,2476427
5435516,6f6e4b417d930b7aa41f30fe9856a468,2476427
5435517,3f6b422572be89f3fc08245911062c50,2476427
5435518,2173556e5f3c32cc4c7f462268de9664,2476427
5435524,0253692717b6cf6014a5f2ab29db550d,2477633
5435606,dc2cc1ad2870366786a08b5da628153f,2478198
5435607,56cef52bdaf67163a403ba19f5ab967d,2478198
5435608,46e653d6671749ea7549932f8cb3c999,2478198
5435748,0a23190f222eb44fba938ae69851d4b6,2478242
5435835,f55b2815f7ac57a5c58778bf539c2240,2477633
5435949,f8cfa3e4118fef444578696c95129ac8,2478325
5436054,ab1a63365bc5153650013bbbca3beb55,2477633
5436062,87a9c65eda3d016e75a37ba637731aff,2478381
5436063,e9bdbbd1e13ba51a9f49c45dd06626cb,2478382
5436267,3596141f0f71a09fa4ddba71905538ae,2478474
5436553,5d8c89c66681fcc397479c4c881063d1,2478095
5437130,8a977377ffb5556a345075b708a72e30,2478789
5437299,48a3bb3428d69cccc487e468df1e7d75,2478789
5437359,dec24272e0c2e81e40f1976613e2e901,2478789
5437643,64bdb1cdac57f4fff810c31e9d50b2f8,2478789
5438395,4eb99ac8759a0fe9e233f8bc46bd2b17,2479291
5438429,facd18a8516ba183fa4591799b35f592,2477403
5439048,514f12c78ba7639f5d3853e56651d27a,2306091
5439069,9781c9bab66d722100375d3751fc6828,2479501
5439521,b51793ec39aced49e0e861acdc995e11,2479706
5439783,1d6f909129aac23394c154a1acb0df2b,2476427
5439875,4ff4b0c40e5e831f8c7323a5f8dcaeb8,2479871
5439902,bac4d0d0dfa1b9d93d8b5f1c35f3e504,2479881
5439903,89e479c15c88e9b2c7a0aa3cf8b3e44c,2479881
5439904,846862765dac3cda57548ce26431fdcf,2479881
5439905,9351919d3a944332a6ecd8298d7a230c,2479881
5440122,c4cdda14eceef2fa16c76078efc4fb02,2462093
5440224,3fad597c3ca62800605d2fe2144480c0,2407387
5440523,817564410cd28701a5932b9b1320560a,2478242
5440524,d99c7f136cf8d0ba56919b8dec00ab45,2478242
5440525,a7810e014536d5a1123e750f671497be,2478242
5440690,c5d92980677da659647a7c596a6b2b86,2480184
5441831,0a7303bfa15fd73db214590e8a23a08a,2463674
5441832,3ba2c8cefb4a50ca4884b98552f43abf,2463674
5442052,c48b3af9399ad4399d2510cf1c5ae451,2480591
5442350,66ddfbdb63f27c93b2cbf3e5bdbcc04e,2480686
5442351,fb8a7fa22513fb6fb1cb27c6a86522ea,2480686
5442353,c804b26a08f2a766956b7924485281fe,2480686
5442354,1984d7cce0bcf661786ba323822e64bb,2480686
5442567,80671f0de53f99b64ce8c00623ef743d,2306091
5444356,ec84c9b97629a82616bbdbefe4072585,2481415
5444493,fcc1cfe7b88376009b9dc956ecc46d9d,2481465
5444917,5034bb2f38e7478a2e3df792cccb029d,2481624
5444947,0df019dcbe8f1d8b7d3883f5d6f8a1cc,2481633
5444948,121bc417294beb77cdda6e168cb0362c,2481633
5444949,2fe59185e8c27ca1e57495f9b38faa54,2481633
5444951,57d90f253d09aa29f4818b2f88fb7871,2481633
5445039,e69d1f97c12bca0d2076cfce7a6b667f,2481624
5445040,9fb358a048d90b85baccea3b2c0cab30,2481624
5445041,c2bec5a2d70fef6a6a5eb54a0182ef32,2481624
5445042,88e31db34f7c89a8ef480b6fa67d1615,2481624
5445839,dcc6a09744cf6174495a5dcd76664a69,2481996
5445840,94008e127a6117532fd7fe456c11338f,2481996
5445841,47ce10477bdc0d66d3d3a613cfae5a0a,2481996
5446192,18234eb8d168f246755e0649765701e0,2477403
5446481,0bb1b617f75ecab619a80d523f1f8a3a,2482204
5446512,ce2a66e2c4e43ae1a608156c35039ab1,2480591
5447668,0ebeb491e610692c47a8e16b71175e16,2482624
5448407,ab85aea3ef010d5918360138dd46676c,2412599
5448715,2d819e114ea6419efac6f96b285732c1,2483083
5449139,ea01b9ff71a518ea0ef36432e710d2cb,2483254
5449646,5e846366215c4830e32ec3f85d2bdc8d,2483415
5449647,62a377e52d648930996189119338a0a2,2483415
5449769,706185bcdf1dd2b02e4dd442afa4cd80,2483449
5450120,d7f2677e3309e10e11e533fb78463e80,2477403
5450904,4edfcabb5f6f2b7104c21e20869fd104,2483755
5451171,d02d995d28261626224f9563a55810e0,2483891
5451172,ac709eae0012fb897a70cca95ea11a4c,2483891
5451173,078401d78d76cad7d7787a5e324191e2,2483891
5452053,4acfa95d8684be4c0ea91176e97ca3fb,2484237
5452614,6b3dcd7b0d408ebee56b7dfa98ba8b13,2484096
5452615,ba02dbbdc66333dbc498a138268b826d,2484096
5452616,c73a1e74345b682d20eb7866e7afa4a3,2484096
5452617,a098e13b3f0172f521a459c259b9b015,2484096
5452618,5735fed48221b027bc225fbf274d37a2,2484096
5452619,1a687a6100aa5b5e019db7a1e80addfe,2484096
5453072,fe3630c71c4fbff1b8e61e075694db50,2484635
5453731,c61704b9735ae66a0fd586cf4f2b113b,2477403
5453758,b4a98925966afb74e78c8ba528747b86,2483415
5453761,72c6192e763831e07ddfab590887cd97,2430780
5454048,6b4e4e9c98bcfbbd7277020f37b0f89e,2474711
5454137,94d98878cf2b266c9ade4b83e0309c7b,2452954
5454584,80ae910fc24c43420b4fe0c4d3f96594,2485116
5454585,c252e53ce824d42debaec5450971cb5e,2485116
5454586,d8148a5a866331f7dffe54bc8254e5f4,2485116
5454587,78353117f269ca73088cac1fae50e3a4,2485116
5454588,97dc8ca6801979131e53e646ac594db1,2485116
5454589,61d46556a11e01cc3125d89d702d1d2e,2485116
5454953,b4791f6df265d48ba942f5ec5256285b,2477403
5457321,2ef73e068a1f9e1185bd047c11881790,2485980
5457381,351584840ebaabcb8b96597380162a56,2486011
5457461,4f569fd04d6dd1414bf199daf850535b,2430780
5458510,952c8e7edc80622b34c6accc713b0919,2484096
5459861,50dcadaa528763a451c0143aeeba711e,2197956
5460065,840d1b5f412d79c273d73b660bfe5768,2486763
5460107,b3d4d31e790712f8a419516b289181c4,2486779
5460457,42392948884c01be4311e6c36ac6096b,2486893
5460639,23477cd4aaaad4d43752bee23ccbeb1c,2486976
5460894,41da610518704a446c85d8e226840c15,2378077
5461187,f55e3acee26ae35a93d044adcaf821e9,2446560
5461225,dd5e4f3025f416a17d23996e10548b00,2487191
5461735,eb7c0044c4900bd65964fb6d682b472e,2487339
5461736,5a319dff0d8e0bc71fda85865f6cddd6,2487339
5461737,7fadd6026b8090730bdc1277b8a1a5c9,2487339
5461738,07c65500eb6ede9730b3b8add03ba5c4,2487339
5462600,8d8705edacb88773b89d4c5f3b50a055,2487660
5463045,952697719144063b39f1aa1929695488,2487799
5463046,4983fdbd76277a8a35913f81d2e3fae6,2487799
5463047,739802e3d221a2ba5ef0ad1fa9bab5bb,2487799
5463049,02caf37720a1c703228ea82509cfb259,2487799
5464356,80737e1c9663a800c003320d8de0cb84,2485980
5464413,a170622873cba1629efcf526f8cdf351,2474711
5464479,9512f7467890c0291eeea76c542af4dc,2488299
5464480,75150d0f05e06990f4455538d2e2c3c1,2488299
5464481,b7b6b54a497fd040933238644d51365c,2488299
5464482,26e77c5809dcbd0007339ab0c3093a3d,2488299
5464483,0eec38728135f1a584fef7a4ea83eae0,2488299
5464971,025e048d4a38e24947708eed92f348d1,2488508
5465448,52109774d20ac45905e8d2c38acec3b9,2476525
5465672,5e8a5a132f417528f6c7dceaa376fc9c,2488779
5465673,2f23d3f49800e8b33978a1c2cbb9d0b9,2488779
5465674,02ff8feb5ac1e64c5e231c7f11d61f3b,2488779
5465675,d06459593b58a761d7b7aead47c9d3a4,2488779
5465676,437ae1e9454ad75c113ca9d55cf7312b,2488779
5465677,04b17d9f5199d520a13c5e7ffb2c5a73,2488779
5466518,cc662bd0dda417e416573ffd0c6b7ce8,2489038
5466697,ed41c0adf3dc29b3c8e08dc156618468,2447985
5466759,ed3e2bc608382c21e14ca6e9f4531fbe,2487660
5467095,90b7243ec601681e662eadb20ff27e49,2489203
5467185,548b5f8b826a8a5c928b91bf14094576,2489234
5467312,82815c0ea66957d97a1ba802f2f9706d,2489291
5467965,3af560bdcdfe40b442a55bbd6548b745,2489520
5467966,7a29e3cca6cabaab908ccbbccb08ca71,2489520
5467967,fc6061b8e5e6a6af400a020521f6112e,2489520
5468001,0690951f3a055935b261661c02b0dc94,2489537
5468022,c1c5f2602da78b3b24215de553eb5ad3,2489520
5468023,baedc4831ee25ad9e98e05787a4fd28a,2489520
5468042,b2913e942a9e6897facd674ea467006e,2447985
5468853,7b11f11046a4a509098a0fb925a06f7f,2489861
5469767,d989a0da5f35c17079184f40f52e8500,2490158
5469992,9962b04308d8c60a760def69bde9b8d8,2490158
5470339,7cffe2d497ecc8154f0555f23e5a0757,2490158
5470574,e24a698214d0131573433f6d15b1b8d3,2490429
5470575,3346d218a3c669660223231978a12060,2490429
5470576,b4b05d28e44f3dcab43add0bb068a51a,2490429
5470577,a2d8bd0ca06bcb16be16013f88de500e,2490429
5472001,edd36a4bbfae90570ca8b1c574d80d44,2490848
5472305,172e0df9e5dfa9a5873bac6305d1610d,2490960
5472306,5ab59c8073e64fd87ec47d69b2a1bd65,2490960
5472307,6b552d1cd85e85ceafc23dc5e1129303,2490960
5472810,c843b65599ff874adcf5da23bac66763,2491179
5475137,0f5bbea961e0aa6a3988e06d80fb6459,2491936
5475139,ab2e290ddfcb67de97f08d77da16dd28,2491936
5475582,cb1451cd963e130d332c0ec33f2bc10c,2492129
5475983,69cf9199242f3d81126d9355c65672b4,2492303
5475984,7ab2a96e7656092b741af935205572b5,2492303
5476113,ae3b23664c7e38c31612675ee37f4ea9,2492349
5476133,93a638a48c0bcde4e87be7625992fd1f,2490429
5477050,25d35fc7a116f4343dec763230ce8750,2492718
5478106,595c5fc1d6d431fd9977a70760062541,2493125
5478167,67f72a4705cb054697ebe4b08e9b2917,2493152
5478168,191fe8a3d70061d922b3d450fea654e0,2493152
5478170,d64c326b60d9ed5f4082a747bb5940d5,2493152
5478171,114ef1c88e6256ad6c0d9164a684465e,2493152
5478172,27e7fed8ff0680b380d63bb3a951b5f5,2493152
5478181,686aa819313ee07dda5a265235915020,2493125
5478182,74add54d30e776350c0f3ee2c84172e3,2493125
5478183,da063dfe03efc724537e07327c306db8,2493125
5478184,802df21593d393a320cb59487091aeec,2493125
5479209,0d62590fb89d574a4cf7605f87c31da1,2473122
5479210,f843dabd0a9472b0b3f008acd46fa432,2473122
5479211,a32b7a8b7eb43b46ff0d6e65d314142f,2473122
5479212,38e503f101b820c6ad4c30c9d73a2408,2473122
5479540,6fc4c587f031b8cac21780c2c7cc3de2,2493125
5479580,f642c5913513a645e3389d272fdd9ae9,2477403
5480403,81ae1d844064346256019b79492bbba9,2492349
5480800,b690caf3ddd7a7ead90b9cf005a77a56,2493980
5480890,1131125e23b0fd68634f8332c0619210,2493980
5481560,e6eb7ea54ddcdb55e850334afcdfead7,2492349
5481578,ac176f71c0f65be2153f925c7294e35a,2494314
5483310,9e48f27ee806bfd15b6d41ae1b686b07,2494863
5483366,227060880726d8dddb212703d75d8958,2492349
5483425,84d859ca5b67714d05d8cec419e7bbd8,2486779
5483596,abe4c526be1f004bb1852499cd294df2,2494950
5484133,32f36bcaf864bc7aa6ca9456c0a50c46,2495115
5484305,ff1921ecffbb5a92dfabb5399e15831d,2495168
5484306,127965df17f0baa157269c6ede5ce734,2495168
5484307,b3bbaf31efc92e7441762b1a0c4cbb22,2495168
5484308,e9e34ead2fc663e25780c7424783f045,2495168
5484309,86abb803ec8e07a2b5fc85a1e7f78b9d,2495168
5484855,54f95d4de91310f9ca274f834385494a,2495364
5484856,e32a4575ef83275d4e896c6dad28d5af,2495364
5485137,9af362cc7b0f5f8ed9ff5418507ce3de,2495468
5485819,6a4e1caec9ea41207c2cad152854c638,2495730
5485820,7c93e8021dce72841469e798a0af6808,2495730
5485821,8a0529b79fd58771064d67668d6d16ff,2495730
5485822,cb657d7457d6ab0cf7c978eb66a82f0d,2495730
5486178,05070b384f1fd3a95accea33bd141279,2495364
5487249,35dbbdd77686b275bb2ac849c17201a9,2496215
5487250,f53633b33ea7d0db7f84efaaf21d81a7,2496215
5487251,897976ecadb1828f3e5c349207db9816,2496215
5487252,71db0cda274507343b66db3e067d0314,2496215
5488057,bdd5f2e6b758d2bcb89c82e60bdaa03a,2493125
5488058,2573bab20e6c94e1c4a5a29975e2674d,2493125
5488060,7e6a6abc1851a809b39013db825588f3,2493125
5488814,917d3271cab08edb5b5adb3e4e7a0cd7,2496712
5489024,f9521e6df94b9e76d7e94438c447b81b,2496763
5489025,abd0d78a147a3b3d844a4e968f45b180,2496763
5489026,a25feb26e020a8590a48884e738ec118,2496763
5489027,a7232c44a89952b99b82f68038d84abf,2496763
5489172,c846f563f482fdcbfe9e5e8f33ea3a39,2496837
5490015,daf2fe32f1ed5474cb9f370c3b552dd0,2478325
5490237,60db9f1f18a7308e7489b331fd0af684,2497157
5490720,0533951bc7107baeeac6da3fdf2a73cf,2455736
5490721,6c7325d3a0dbeaf5caab86a885b62101,2455736
5490722,b96bbed1b39c0d47b05e14fa4add16e7,2455736
5490723,4d23c4af8f425fa86bd9b4e2e898400f,2455736
5490724,157e76c4116cb1687b5dd65e77d8ea42,2455736
5493011,9229cf2e466da8e250cb95f5ef6d89af,2498083
5493012,6ab024ad4f3a5ddf6e84b9b9d29efdc5,2498083
5493231,3025284afaf32eb4cfdcbbd3577cc4cf,2498154
5493232,7f0ad4ee1a9d92014469444422cc062a,2498155
5493531,5d1745a7621db8c73bdd7591e888e88b,2498268
5493532,b51c6e8f2080d6578bd71a838bd9d1e1,2498268
5493533,36b3d0d693e79fa1e4efc0574df67769,2498268
5493536,3449b5b02da2f821777d9940c8847dd2,2498268
5494738,3e54cf0264fa5917ee9c7498ce71f9dd,2498647
5494838,6988b44a2741cc7f8a38fce5978b8311,2498671
5494929,9fb0a7342691d2959370ff3c659b7d11,2478325
5494948,86ca0a47fa3fbcce72ed82841dd5556f,2498083
5494949,04861a5da39de5c1eae0908b63aef5aa,2498083
5495377,8d65a9e24838d501d1790c9ffeff0315,2498821
5495885,8c92c2101b7b50261bbf77c376d8ff6d,2478325
5495900,4b9f5ec0ac3086e11b6bf47b8d358aab,2499016
5495902,a0b5f26a5b24d538124c6c4dba8b9101,2499016
5495903,b0e67e89319724a1cdf50bf36e96aadc,2499016
5496016,219579bf58e43cfd04afcd37d75a01b3,2447985
5496358,ee9e7ab3c5aefcb5aa5cb765b73643dd,2499207
5496359,d5f767cf6cf65e51148d0607978fba27,2499207
5496361,2d13d73a47292257ae0e9bcc8dda3fc0,2499207
5496362,cd13436935ae18a5205b1d68d616d550,2499207
5496653,adf9bd6705f53c393f43da5d61dab100,2499321
5497022,3a2b8e6aca60ae852888a7824d0fb17c,2499477
5497104,028d1a79c92c9cc16e8c1adf56675199,2477403
5497566,29abffe98d3bcb87c5e7e42575304de5,2499321
5498128,966dd48e369c8693d13aeaa3fa5b5bb4,2496763
5498368,ca25b60c63db20d94affd52dd9f6869f,2438724
5498369,225b8f4c747a4a8e70b63f23ff276025,2438724
5498370,efa686e419472e71ddb7fbc5ae49eacb,2438724
5498494,a22b8d9633a7744e5bc062ce5d01cbd8,2499942
5498495,5fe4644c2ef49d926009116192e4c59b,2499942
5498496,3242b6d748a70ea50e4a6039ab60b6a1,2499942
5498497,0f4f24a82601cb0ad09f3df9b008ca52,2499942
5498615,2581fdf01eebf06bd6e5d9b27de406b3,2424749
5498639,e7f4418f9055f055138367e18933d5d4,2424749
5498842,892d346dbecd64c8005361256dc034bb,2500063
5498843,9dfd1500b7cc0ead1973757b564dfa14,2500063
5498844,6689968097e23822cef6ff78403d7361,2500063
5498845,e063e82df30f16a95a505a16c670b2bd,2500063
5498861,a365cdc2f1ae89a8434ce46aa9389726,2424749
5499082,63cb68444d33d05d09221c06b3129672,2500155
5499083,52002bb7d723fe3fa71c3f297286d04d,2500155
5499084,c930ad18789a4d9f06104b5352a7ded7,2500155
5499085,f1a7962afed80e74d134596c672157a2,2500155
5499223,fd6f2450d692a34de1d1838c7829e923,2472364
5500310,6f744bfea4c2318150560164b61efb5a,2500422
5501789,646ec22aa5f7fc95add987bd1f268af7,2500904
5503490,6b023c3915356aa7bccb83bf98cff03b,2499321
5503930,0a8f2c90c5934398974f1a2a0efa83cf,2499321
5504238,286b5c1f78ba6789b23c571cedf3b46c,2501706
5504883,7b29c29cc0e568ff3cce0858074455d1,2500904
5505325,5de64d79bfdaf05201f8150939745f71,2502080
5505326,19692a9e42f3dc30fd4ddd31f2cb6011,2502080
5507420,db160899424733eea76437978c9b87a0,2502631
5508519,ccf33b85bf461ae1dba61a077f6d5108,2502887
5508520,8ca48683a1f72dc051a7e4bc5ecf8b8b,2502888
5508680,967021408c2283c8b12174bab055c741,2498155
5508763,dadc2f89e14bbc07faf6849c971796ba,2502992
5509113,b23cf11ab9143f83a060f4aa14796a39,2503137
5509114,c6d9f89189a26d8800bbb0cd63c2e582,2503137
5509115,f2afccc53c9b0323efe74fbfcdcf170b,2503137
5509296,325c70a7b8621fd69862f71cd6fcca51,2503211
5510111,c7e34d44a3183aa1f3bda36689ce83b3,2499016
5510297,e45e8c3c9b42dc19e9302162eeb61858,2477002
5510339,e327a93f83b412bb83bb4341c8f12fc9,2503440
5510352,69b2d94615a32e6eeb8d6acec12babf5,2503449
5513150,0dd023e0d369e8c0d7e422a721d15375,2500155
5513299,3eae023178b6227ad4e7458afce29138,2504403
5513556,9a08d72bbf24b91354e8d4c6e1d28b19,2488585
5513570,29aa6992c88f406238330c71620b0268,2504508
5513571,22e9f86659275b91ae970fca6c049c7f,2504508
5513572,3d1d23012c1fbdc024a2662dcfa2e776,2504508
5513573,95a36fd8d16f082b091ff6d42491805f,2504508
5514422,d598ca0696cdf485cdc3f746a529acce,2501801
5514423,b79fce6100a1e30f681d3d58038fb24c,2501801
5514424,b3612ea8731ad2668e532ef38137a8d5,2501801
5514425,cc6e343cdf4dc7245f2bdea110408124,2501801
5514426,72f4f0b47206bd71146479d13bd21d62,2501801
5514728,c57c77b882e028c3c0a8a9d7f7e6b669,857153
5515242,35edc38236a4e01ada8cd6caa86a4c35,2505062
5515574,97ea6baacb9f595b347a9779db173a44,2425634
5516285,56fbe682db62c67d7e833249b90191d7,2478325
5516286,83b2b2bb496b3dd81f879c3e31d749b2,2478325
5516287,20d041eab628eabdc01252ca1c5e84e9,2478325
5518476,dfb94224a50578a975790160cd167cd2,2506235
5518845,d2204f8e4e227896a50da30b139a1ea7,2481117
5519024,9767b9555808c6750e2c9f1152e3326f,2471841
5519124,074836d1b450f0e0cb914e11f3939a90,2506453
5519367,dbf9a5cca38aae14979f074e6af24ddc,2505062
5519555,eeee4d1a12e39f235f39b1492ab00f08,2506607
5519611,007db128560282ef93f462bd681e95e7,2506607
5519768,7ac3585f968501a7a409fe4c2fde67e4,2506607
5519791,0f7bff01fe74793a37e8c2273556a93f,2506607
5519905,6d399223a6dbef41c48940bcb3f10b1a,2498268
5520174,0d1c28f486e7710b5ef7f3e8c15b4c38,2506807
5520237,4a26df2085346db05396e650ea1ccec3,2501685
5520977,1ebc18c14b9f8c00441f2f1d6534e5ea,2501685
5521631,29865f30908bc21b7f4c8f7388a38d72,2505433
5521670,c9892f07b6156ab1f56878fb75f9367a,2506807
5521781,47d68bf25fd701efc5e7cbc121ad793d,2415880
5522117,5d19cf247007b770da46fcd15898cf38,2500063
5523012,8ad54676e6176b7277f066c75b5af193,2505433
5524709,801567d44a010613a6c008c9a55fe7c6,2505433
5524795,0c2a5775d2ac6bd11f69522a800f2c79,2508317
5524797,b373105a1d3f249e473013b1d4ade81a,2508317
5524799,8c94d2a014a7d2f7c93e7c725c3dd6c1,2508317
5524800,737e15a66b99f418dcb504d69c4dd46b,2508317
5524802,1e3ea59b55d0e308edc018a74ca26a8e,2508317
5524803,005952cbf73d1546346d096c38a8dd40,2508317
5526614,39c18c38d1b69968ef34e0b125990437,2508959
5526615,2b23184ed0b545560d8505e04bcf96a1,2508959
5526616,f95df59b24890ac6d4e8a7e3cde3c01e,2508959
5526617,626cb0cfc3045446dddafb7935cfc204,2508959
5526618,48291c1d16386a8354245d207f55e7cf,2508959
5527223,995a63bad76983a68fb6448a274449b5,2509182
5527485,6ed6d2b41032564e1e8649cca92aaf42,2484635
5528132,11d8a4173c04c6477a550678ef28b905,2509473
5528133,5944bc6d1af6b8e8262c18a91b50d4e4,2509473
5528134,c392b01871d06b9425b7c96d4ab6dfea,2509473
5528135,60feb173ca91ff1f4908e710a2579860,2509473
5528136,a65845471c366be9039008465c9f4c95,2509473
5528141,fc405a48c520b7043605ddd878279970,2509474
5528308,4cd59443290b298301342dd36909a1c5,2438724
5528345,8c1bb9c23df629ee521aaebde324c1b7,2509542
5529074,400073052714dc770f901ed7723774f7,1808439
5529936,2b2e29dbce4f891026699b776a4504c2,2505433
5530113,9920d82259fb88090a0b1ed5331a454c,2510048
5530114,3a482679089a9f779a132ba594d28e9a,2510048
5530115,9822d8ec6d9ccb5be6e9d389445272d9,2510048
5530116,5a63d444b91a4445c50df5fd36654aa3,2510048
5530117,d2e4ec5bcb6580578cbb8a7901d721c4,2510048
5530119,155a844e4fcbe49f4058c08edc113079,2510048
5532077,136f0d816f3b77310497c7600b34b87a,2508317
5532259,84180f9d132f89ca1ef78304a06cf2a0,2278655
5533137,8ce4ff81ca10ab40210417e4f545ec00,2510738
5533138,aebee02480e1f1912bb26b5216dc96b4,2510738
5533139,dbfb025c1b09913a86aba54aede959c7,2510738
5533154,3d9ad2ad557c575141167c270d4b4728,2509474
5533155,1a1c547312e200bafba1c9ffeb6d4ebf,2509474
5533156,7740ec6d08a7424f99512434f3bd6354,2509474
5533157,2fb0f08fa0759b07e47491eefcc21b0f,2509474
5534046,63d38010e8d7a47958f5cd22c5de4f95,2511082
5534118,b8d8ae16f8e56e80a2ce2ca81ef845c5,2510048
5534169,0db29e77fd724e69b4f3cc88bbe79afd,2492026
5534487,0db63a51a851470a9e7aa8a84b25309d,2509474
5534488,c0ca5276e0efed4a9ac2c1f725e710b4,2509474
5534490,c11a20fe7cfb0cd88970ff65bd5417ac,2510738
5534493,478e3282371cc3fda12860131bf412a8,2511269
5534501,571959bc5cea1f30a7698a619ee67f78,2509474
5534606,77f12552da3ccdb5b7d9743a1bb6a8d9,2511321
5534985,dea888a79fbe0f0afae9d9d3f275b54a,2511397
5534986,2e4ded1296bb1854c09f8b936767c529,2511397
5534987,2042c119f810ee0096c09b3912780d94,2511397
5534989,38c823c2b593adf4621525954645ae75,2511397
5534990,2a45cd06cc7efcd170e6fd4a6995e849,2511397
5534991,60b1a0360b269b3ebb65860149fde684,2511397
5535280,444cf8a3050d24a2be20939ed7e89bb6,2510048
5536034,8f74cd4d8287dec35a544ab7bc63388a,2492718
5536036,dd4ecb0f6a9665638594ab1270afad5a,2511692
5536061,762d4ad99e7380c8a8470cd91ca41003,2506807
5536213,f691caff80d7c490c43db5fa421ea1b3,2506807
5536219,5f93862c04925f8a7c7ffa82ca653887,2511760
5536392,746411b95694d472ded7d73a84882028,1294997
5536705,9c34c4304e9b3ca82bf17f3be36c66ec,2511692
5536706,a75af8d57a85976291d21b3c1b616d45,2511692
5536805,be54fbcd0052dbc6c4686b0df85d386f,2511932
5536894,701190c99dbae81884594bbb64ed9c59,2506744
5536895,bb58248a7eb82c947a87f8e25ad2db5d,2506744
5536896,4473ae595549fdfad41e7987b9e74678,2506744
5537602,aca1f9ee6b3858a72f796e6f976f524f,2473122
5537632,9786bb6c8ea2e173e6bc80d398fa3cec,2511932
5537633,635e0721a64e189baa09160ee1b542e1,2511932
5537634,89e607d0f838a0c6d7867332ea27f92a,2511932
5537967,07add47a38fdd23c5b1659cfb1987e21,2512348
5537968,c4c81b71cc71bfdedfddf3b65aa66836,2512348
5537969,1dcb67a4403fee89e65151720b17f228,2512348
5537970,efe0094b957a21214e6703cfba699f86,2512348
5539202,33054718f813a5e4e9723a46903afcd8,2511692
5540497,174de279477757e1b99797818d2709ff,2488009
5540799,494269e1ca28b379e7243575cb081b92,2513401
5540833,335cc7d01e60828187587d1524f8cd20,2513418
5540835,6ec4261e9437ac49c1c4214172a2038c,2513418
5541081,f478583e5fe31d8eba656c6721bebf87,2509179
5541115,377627f1cd40739c242f2994dc2946e4,2505433
5541791,c0eca66dce2864c27b7f3b56cd771c36,2513755
5541792,d954db93a12f66e48bbe4e29e06efa59,2513755
5541793,6a2142f3a6a6d7445d4ef4faa3bf421f,2513755
5541978,896899416cdb33c78264f1169a4c3fad,2447308
5542236,573ef399535df453d41fe526f680ea0a,2513899
5542264,9fdfcd2e8a6f544126185b891c463748,2430762
5542547,5368e72d7d7866b13fd0bf61a5e3fe1f,2513899
5542548,8cec3b437ac4f90c1e009ceeb8348678,2513899
5542549,227cf35154b3a264087e112210fc814c,2513899
5542550,3a6246ed47273fbe370824f9981753fe,2513899
5542551,e045ff82a415409d1370fa16de710fb2,2513899
5542721,fcc06182a790165e0b0b2204e6faceb6,2514096
5542745,eff4353cc073393859dcaebe2836e6f2,2430762
5542783,c13b0d3acc0de1bfe8f1d5b9458f52a8,2430762
5542950,020c906447089e3bc62c599954e51f03,740579
5542951,c11814b8b58dd0a0277d220f5fa562c4,740579
5542952,81172411c4a53a5aa34224f78a092bc6,740579
5542953,8b8a0c370d0330e439dc4343271f98d4,740579
5543480,79b603529658f5ac075635521e7f4958,2240934
5543791,24231bc2874972d440368c2ff9d5a11c,2463828
5543792,33a0484feb6597a8d7d62903430474e0,2463828
5544194,41f8e910aa025fd3dea940c59e4cdca4,2492718
5544242,e7ae967520b2e3775a1f70d926db8fd4,2514525
5544298,8645c062bb39e980efb79362d06c8302,2514545
5544375,235f6215f6d1ef42bc3a2bcf0b3d30b8,2514569
5545592,267e372b947d2355cbb8a32627b23007,2514857
5546030,61427222936e6c1f779ea37d960f9751,2515013
5546164,89d22d176b45435d454d4f69ef823014,2515013
5546199,1cf85aabd21bc4bd128bd3e50e722a7f,2515013
5546541,da333d1cad679ab1ccf008b1c9f3f50a,2515207
5548037,827353d8a7a8a99f868ff984146c8ff8,2430762
5548039,8bf7218906456428ae8b681e79db92a1,2515787
5548040,2c9276a8b31cea8b0446bb3270cc743e,2515787
5548041,154aab175b651f54782f17c74a567d8a,2515787
5548042,41e9a277e8285036dcb9454b41b86b22,2515787
5548519,46b12115e6de8a8d823df9c6675515b4,2515207
5548565,2e56b2086943ea69528d47c8bde42419,2378766
5548566,1a5594cf76534ffaedd248643a4a4ea1,2378766
5548567,ece2e1b3e4d2bb0a2c05dce03b095439,2378766
5548668,3ff7d07f6f782485597df158f1b30812,2515207
5549743,d09dbcad5bcab1e42a3873eaf41595e4,2516285
5549744,fd241c017b296cb2f5d424010119437e,2516285
5549745,7e689e1b2d4f5503eaf8d4727c896ebf,2516285
5549746,66d17bfc295bad36de88776a240b7b9a,2516285
5549747,c47166cc46e3bc82f78622f4ff0b4f68,2516285
5549874,a7289cc7ecb63f20556dfe0f8a33d6f5,2443056
5551523,b6207006c72be23bfb22b8ac28cf8c82,2516888
5551524,04c8fa8416f13d3dfaeb87ace7c3984c,2516888
5551525,899ca156145708064e154becfc1e72cc,2516888
5551526,139d73577f6dbb1743bceb5e0a2f7b7a,2516888
5551777,1e31adef901267e187c1a3566c8450cf,2516975
5552006,1512d85fc520280e211fe4f87b9bf733,2517047
5552007,3c299fa2e345e1c079e33d3f556e02aa,2517047
5552008,db2a420aac3af7b7f003c188b6932931,2517047
5552009,53dcf1f3f23b8b0aa629cc72c690dbae,2517047
5552010,fe5f8ca16b43d346e2b39fa7354ed145,2517047
5552011,2c706f8d761ede27bc9888ab7e42f100,2517047
5552114,2ab9938cb669a64154a92a146183ff33,2509312
5552251,46a98959af99d07b4102432b2a3436c3,2513899
5553635,d9cf436ede3d6e1ba815b4e195a4da4a,2505062
5554477,de3d083752d82145bf92da263161be0f,2514096
5554484,0a90182169bcfd71546fb0d7b549132a,2514096
5554884,32f55be93844f746d477a4b9a8c2ce50,2511666
5554885,fb0ff25f83c53f26c4c2158c91928859,2511666
5555269,a76711deec3f486e05bad725e6ab1580,2514525
5555709,b3bd5219b02911f8a7a2fb1625226a8b,2463828
5555881,5c0011076b010d603c992ad4c398fcd9,2518008
5555916,e49d47abff310ae253942eca7bc441f8,2518016
5557566,24aa9156a9e98ccf62fe716aa7f771f1,2518613
5557567,d146fea33ea9675b9a1d1b8e6dc247fb,2518613
5557568,284340ccfecf053b782d8bee8671f986,2518613
5557800,8a00fb20ba4551225e9e85f056d7f01c,2511666
5557884,aa3be0b7a379c21376e2f95385bfd97c,2511666
5558479,126bef2216e7d0c3f045971395a72ccd,2518911
5559395,882cca0ca0ae1512d1ff9dda37c35b90,2416343
5559396,b5c7383fdf45179822b0d759f2a94bba,2416343
5559397,f6146165c100928979870eb540f419fd,2416343
5559557,2ef6cd6a186a209cdd3471a3c259e85f,2463828
5559653,027605a2eb358a79007348a72a1565e9,2513418
5559914,4607bbeaa23b8d54dc3c0ca5ebfef334,2486893
5559915,fc53f11228bade517060d541d5c7fa53,2486893
5559916,90103dd6d3e355057e9e2ee10c7a16a2,2486893
5560641,ecebbbd5f63f13c543414fe3181061b5,1848066
5560642,45ac6644626e70d245dfd66f3043a2c1,1848066
5562533,bb21f251db962577b1db98f0f567660e,2520341
5562739,c78405935a2c75547b3cdb966dfc867e,2520341
5563304,50b1b7252ee56d4e4a39eb1c02b3c3ff,2505062
5564439,d6cdbedd4773ea4b2c5edb794933234b,2520931
5564440,9790122838dc264286941e9d0b832de1,2520931
5564667,574541a2e15e4b808e92b0371396931b,2518008
5566067,f1dc30afc40e8b06a401505b7aea207e,2521385
5566195,5cf9e6ad78239859e5a8dfeec361a94b,2521429
5566259,6615ea602e51a5b65c3fe6aef3e96bd5,2511397
5566278,8dfc2d386ffbe2fa0c1a8a543b9c2bf3,2511397
5566430,6c015a38fff6e2e1acd31b36f767c2df,2521501
5566431,3f1630b930398bdf61753467b6e89049,2521501
5569382,90a91ddc7932f85efb9c8602e8eb9ed7,2522324
5569430,a674fe739c909d31257cd52295e85f57,2278487
5569460,884805f65d6f0aa3de35b15540fa6cc0,2278487
5569510,54e1690112b6d5925b2cb9b977ca668a,2522371
5569580,434cd4a4687641213eed47711b78135d,2522406
5569595,4425ab07915199664039fd5eb9830529,2522417
5570105,2c6c0d778ec87bd77464354af34b3c08,2521501
5570907,72dded5f6ee94c33ccea60e4c0a9b483,2522815
5571056,e20db3fb956215acfd7e338dd6beb101,2521385
5572328,5d359994d7473c0fd781c64ef9be0ed4,2523349
5572386,3f69d6dddc66bb4dc8d39a9deb1d975c,2523370
5572387,bb26ec7797d256dfbd072a9eebfd16f5,2523370
5572388,952e8a7bb08833e369541216881454a6,2523370
5572393,82e6efdb4ab67a51f3482be1699d59b5,2521501
5572404,60a95118afdb426adfa68bd14686957b,2523377
5572405,a66b2f2967a2a2a9667da234a77ee2ed,2523377
5572406,2084093b4c3b1e8630dcd3ee4c644199,2523377
5572408,b465b4165dc402dc4f2023e2edcbf417,2523377
5572409,79eceeb672a506e7e876a4861f629d29,2523377
5572410,2d17c37f60095dd9c1e568f479372939,2523377
5572417,701cc7f1d89dba35147ec0e1b0cbc394,2521501
5572424,20def0c5e45e5bb51f5eb5581a3ca3ba,2523383
5572522,3d1a4952825e11446e9399cde6a576cb,2523443
5572554,27519ffbac73ebb2411d77da27fde10f,2523458
5572555,475e300d97c0a2a327f8a33409f8bd1e,2523458
5572751,d8061ecc2b9ff7bc544cc72c51c8d2f8,2523537
5572752,393904d2e9afc22d0ee19e5fd759fb8c,2523537
5572813,1a1e455d2919ad4a215f95fddc071544,2509474
5573163,60bed2af1fb1f637662c5eefaca5d148,2523688
5573398,e11b8d4c4f5bceb070f1476606b2194a,2523771
5573593,9abfd99f5f2315bc332b27cda5233c7f,2455636
5573670,7a59c4f1dfffbbbdf5f0ff981c1d49c5,2523883
5573742,f2c0cb5dfa60b389a820261e8e76a9bd,2523883
5573743,b1bc1a40345ee80fd212245a953321b7,2523883
5573744,ae917621d9b39d0816def688e64645eb,2523883
5573791,a1568d9033da55fcde4f394906ce619e,2523928
5573906,1787cd6658d7f3ee53f7036dfa03eae6,2489537
5573907,cbc20d63aaf644d0f49a58072a59e09f,2489537
5573908,79163997dc9fff1480165cfc68b28a67,2489537
5574031,2245379a1709f98f8457417f1ee5adb0,2524007
5574032,bed2eb34350a36d25c3ba6b00816f804,2524007
5574033,38b9d5449bae1ef36babb245d73aa9c6,2524007
5574035,11847512854fc05e656f46987496ccb1,2524007
5574413,57d4ad87b7a4cc558670806a7ede5613,2515207
5575110,a5d4f247ef9627d133468f107afcadde,2524412
5575205,29c14ff67c99998c0087ac329a664740,2524447
5575666,18c4b0a98a75cdc0018d050209a00f3f,2524546
5575808,95f19a71143896fd1f1d63544ecd5806,2524611
5575944,e5609b04b8ef635a144939354b347b1b,2524635
5576122,fa16bb8f62df661004250356bf416bf4,2524611
5576145,707ab53be1e81710611890cad4407229,2524611
5576495,8f0e936bd8797c317d88d8510c7db70b,2524797
5576496,c0013e77cdaa3b134dfd57358c3f6e7f,2524797
5576497,99fc3d7ce3019560c9bdd3e04365d89d,2524797
5576499,5b5aef281559ae28f6417fa2787f29ea,2524797
5576500,bd110328923d98eb5bbbc9bfe9b3674c,2524797
5577675,478b66c15aeb90df716d38ed64763b67,2525226
5577866,a9544327297dc9394e57bd8c7ed4c0ac,2525312
5578460,20a1aeac1a326dd70ebca6a0d92a3467,2525513
5579021,69a6e11f2ea6842c5880994591d40f5f,2525692
5579135,bdd2144872f6ef96c058637157aab2e4,2523688
5579136,d5295e960aec24088bfc16179713e238,2523688
5579137,730f2f9bd4edc281173f689101b2a072,2523688
5579308,732a621faf73f369e1537859c7c7ac58,2525813
5579777,31855bd25fd558922d1e5ed6df4a9a0c,2467187
5579778,42514bd000ceae7f949f37e038539ac3,2467187
5579880,909b856e1265df545eff9a9e3b4c379d,2524797
5580852,d04ff072fac7883b90b9d862f7969464,2526405
5581598,62b2a1f08cf86470dcd90e9f403a04f7,2497157
5582164,24fba8ab8ccda6bdbedbcebd96f1d281,2526770
5582712,1869ffd7bb4d75a1eab94d30f2fefc11,2526970
5582713,988f0a509441030880861b0d06b4bdfe,2526970
5582820,b3e644671f5949f4241315be0f95d262,2527014
5582959,58595926c37b92c955a3bc1e2d83af1c,2079518
5582960,9af2142c4499772a59d8bcf5ccb893cb,2079518
5583305,6d8cbdf165fed3b6f6b92c0b05a2ca86,2527220
5583306,5412a85223a669b8afa64cbd9323fbb1,2527220
5583307,33eff87ccb2f19823be3435f575206d2,2527220
5583308,e7ad002f9289ba17599aa4bd8623edba,2527220
5583309,b5c9423808ec2314ce4c42dd274f2311,2527220
5583552,ae1e93ce2c2e77953c261465ac270bcb,2079518
5583948,c71f87010f10caa78de170fe191b5c17,2527391
5583949,523a980f4581fd56cb12df64e0f01bdd,2527391
5583950,4c080988023c61d337cb12625943f6c5,2527391
5583951,b8fd907585c9398c7cf20c965197bede,2527391
5584325,86175497887f944ff5f6bb2d6c6ea51a,2527534
5584332,db99ddc58416b7e7f1b48b062830c27d,2527534
5584839,4276f450ea7781bdef0a0377d729935b,2527757
5585026,7b644230027c7eca80f372325242805b,2527825
5585027,c699fe3c24537bc05fc5b419bc1494f2,2527825
5585028,6a1b0ab03044837859ade636ab961c6e,2527825
5585029,66942054de111bf36d598f6f92f4253b,2527825
5585038,4fb2793df2952cfb2cdf478baedf6129,2527829
5585039,2ec3d6f5ed3287e4df4e7b5d296ecaf9,2527829
5585040,90360d13fa0337a90c81925e16e48f73,2527829
5585041,95ddc765540d5b256fc6fcb52a971944,2527829
5585233,07e8cd3fe1442a045886295d222fea4a,2527897
5585563,b7abbed3c54023ca4763a78dc4310038,2528018
5585564,7950e59915468c84cfe8157a7cbfe515,2528018
5585565,6c6ad3627c6c3594515b8bc9d2e82673,2528018
5585566,0f8e30b74743e40db8b39cdb15ed4a67,2528018
5585567,88a48ff75ef5b800dce7f5419985b5b0,2528018
5585623,fbe367c56bec00e037d45a501e2e08e6,2524611
5585778,d47d653fee068c9976584d64384b94d6,2528075
5585779,104c764041299c9b93d8589a92ae7883,2528075
5585922,df9cf2f3759715fa4eed26bb7c85b163,2079518
5587081,caef50410246013e182d989e99b7e753,2476448
5587761,ececd73046366cc1fa71df10111f1cab,2528729
5587833,fa4e6cdf3cd462be471cfa6106963541,2527220
5587968,894480c7ac736fdb010a84615416be88,2527534
5587969,5942b350f7165baa7ba137c90bb15121,2527534
5588486,1382a13cdc2335d5fbc51e6590ba8c26,2529021
5588487,a161ed316bb2e5983dabb438407ab688,2529021
5588488,6fd7b066fe2e4ba095ce2029d7d0c036,2529021
5588489,fecd5f635d02dcb32630c95a68f215b3,2529021
5588624,f92a0c9a4754c56095c0110594025ee5,2529073
5589463,45da51739b3b7f0a1b61194deafd1ea4,2514525
5589464,b681bd7c747972a5b2dd236675890f78,2514525
5589935,dfe1d20fb2b5e41fc32fa3285fd33a8c,2529434
5590097,2664a360c4b83aa782f157fa486e40c2,2520931
5590179,429c5b78b5e625fa85e29a873dd5afe7,2524611
5590568,9d44e62d5f9b9ec35ee9f2cc27743cf5,2529640
5590715,5b43b30845408f6bf0cc02d19fa475a4,2529695
5590865,d0e811d1cd40cab84876ee2d8b7e8a91,2529073
5590950,b4415dc97b71989a326fa834d7193581,2425501
5591457,2636c6435c44dfd202b66a1b6e059e41,2529925
5591458,3f1cd57dd4cb93150ab03f69687e6326,2529925
5591459,7fedcecfddd4d4cee1e4999550306552,2529925
5591460,475af6783f70e70efa905292e9b218af,2529925
5591468,5c6aabd309e9e0df7def6334256e3803,2529930
5591550,d3a4e84748da0ada383df738d6cab77e,2515787
5592385,d60b27d0ff982999b50c83e2565401d6,2521385
5592422,634de00438251178432fe8f390996787,2530258
5592602,523ca405a2c59997a4c210a5bcaff288,2530315
5592795,172aecaa3bd7fba9e593cec459875950,2446560
5592929,6d9c66d3b1d6e3743606c9eecebc81d0,2529807
5592989,5ccd58866188866d3c4c858ca78ce10b,2506453
5593202,289f85b8603f9422303c50bbcb6b1199,2530520
5593317,4a09cb27cf42ba8dd5f0a54750934990,2225653
5593318,8b05968fb3685d51172e8ef67c0563b6,2225653
5593391,9faf9e66ac5efada1387c6d7586736eb,2364686
5593867,e3a29e96615bf999ddcf3801cc8310c8,2079518
5594044,94e7ced99a6f0fd5c83edd73a4d24bf0,2178876
5594097,e81af3a431831eaffc7ffa91fd00d8e3,2530843
5594123,88436ec83bdc4da56ff1ba70842e73c1,2530843
5594124,8d753ff1a8ed4110db736624fa61dc33,2530843
5594125,b010ab58da60a2a71e9338b888579b13,2530843
5594126,f0282e6c918ed657d08e66805da36191,2530843
5594618,03be807627dc7cc27ab08e0f1c5f2d7a,2521385
5594666,d81fd5c39bd94c8691b86d7b6542013a,2531080
5594723,019568cfbeb1a1fce8cb3582af06c162,2531098
5594724,79d3e308ab29c84eb66e917415eef364,2531098
5594725,8a190014369b032366b30865654e6632,2531098
5594726,d141b4efcc72f0b5e3ce4df94401a0c9,2531098
5595045,4bae4de5251e5435a35bae3d9eadb483,2531219
5595927,03fee46e26e95f81fe14e0242fc853c9,2174796
5595928,6244fb9b858369a1fab2b73117eb7423,2174796
5596962,3031090a4d88bec33b53851d18f6c624,2531874
5596971,a059d541fea86b384c72585a0ffea528,2531874
5596972,2a4a9ec612075eca69ddcb657ffd7857,2531874
5596973,8f14248e1308336ab03346e60e722deb,2531874
5596974,70214e10b03a37f48104e447c965ddff,2531874
5597855,bb6fd22818c0081a8127aa93d93a38cc,2532180
5597857,eb68a22e7bb1ca1430e68a063f614dc4,2532180
5597858,8d89334a5c0b7b4e1bbe5be1672da0ca,2532180
5598225,5728571c430581d6175309b714cc31e1,2532288
5598227,ae3d57021decf4b70df7311b72f86fe1,2532288
5598228,86c8e45433c012b89b53396d76ef8850,2532288
5598242,01e9098da67f2acf6fb6b3e01a289160,2521712
5598243,4a07b03c3cab7c78bbffc666bf573cd0,2521712
5598244,ba2ed64a3df5aa17f3af0f747d6151b9,2521712
5599191,0e36f8d505e614756d6e75aa2215e4c4,2532655
5599238,9f7ee60808e2bcab4798fc9e6c790cb8,2532676
5599492,fd2bdd52d92cd9da3dbd8f8953003fdf,2532288
5599493,73cbe21b286d53f6dc6a08731dc44ec0,2532288
5599539,8c712da079983d5783ce0e720acbbcec,2532288
5599540,8ca906e2514beb05dfcd7dac343c5640,2532288
5599548,fae2a4514735220aec2364c9c18c0a57,2532288
5599888,e189470c4206860fee35b9188dee6d24,2532856
5600015,62a6b2fe0dcb36ac689405d2a8254489,2532288
5600233,0938e2064ed805cc749475bb6ab1dbdc,2178876
5600295,1aa2d74816af82b4e7a7f9307c5fa058,2533002
5600348,92f096ee22c354e4d848cae3db2f4b6a,2533018
5600448,75dc48e6613cfb1fe8d84495163358d3,2530258
5600449,2bf2e6c7093e7dc7216516011661d589,2530258
5600450,c8f76228eb5dabfa45f5fec7edb4168c,2530258
5600451,2372789e212a8f9522f022b870b2b341,2530258
5600865,befc9d281edad883e5492e2ea2aef115,2533018
5600866,fdd4984b4ef6be39db77e75d21d8cb7f,2533018
5600868,8853fd8cd4dff07e5fee94f34b615946,2533018
5600934,0bba82797490f629e696e1f15db6c10d,2532288
5600985,5a0990952adf5175ae3633f044bb4a9e,2533221
5601187,71c70b5b216bceddf039b0017c9a00ca,2533319
5601188,e5e10cf92dc7b634fa61839d6464d7c0,2533319
5602392,b7f38e970ce3ed9421645e977711c2b7,2533762
5602450,51319d68b9373eb98807ea5a2187d803,2518293
5603078,293a9513537973df29f1708c19f48647,2534039
5603315,f7a4361917968208f4cca6fda209b07f,2534093
5603637,e826c92dd9bbc0f54505b0f5c6281c0e,2533319
5604015,88c94dc72c7cb78360ec5ba98ad1bb8b,2534093
5604121,54507e97a1b6a71cf4fb1ff0ca44e585,2534361
5604122,fefd0d5a56ca4b7238a2245794d5c6bf,2534361
5604123,099c3efad7178d9b86cd5e470a363528,2534361
5604125,db37f1436427be2cb4c8ff1a587e3e8a,2534361
5604186,4ad2bba97fec398cfdaeeb9851962a67,2534093
5604314,6b4414dd796f63c7db8aa24892cd2c1c,2534445
5604315,01da7634ee70396d4e6554d844bca915,2534445
5605011,c885abfc2fa768219d38423ca84cfe81,2534730
5605118,163b0b7a14689685f4bc834e5f5b3e47,2534786
5605190,9ce0370879e9d0bdf22121c6e60a9d7f,2534821
5605298,2c8814dcea8dd13d733122ade1963b8d,2533319
5605482,c87882b69a37c00923b69209f52c22ce,2533762
5606479,b15efba0b36ccdd346fc2940b5e4c3c2,2535257
5606480,080c64b40d62d77f62cff1cd85a75d2f,2535257
5606510,8ab2e58e6e5409d20b3123c49f14782b,2534093
5606802,55451c2f43654e4ec7b9bb156b93148e,2535368
5607038,edc00f2369c033a4c51adbc182f2449c,2535257
5607463,c14612c89f36314c73c0a7af88a9a1d8,2535552
5607464,560e04e2c68863c3c3df79978bb823cb,2535552
5607730,523793b0302be6242a7214f484f33185,2535257
5607978,9f10abc3c04c845f7a3177ae693fbae1,2535725
5607979,44e04f9ed3cfda3dfe5cb0681632d125,2535725
5607980,03ce348446093321e80dd3f50bce7c91,2535725
5607981,21f07658f708867899ea5f4c3ece6591,2535725
5607982,da33cad16d53fe70c1a83be0a2e01dec,2535725
5607983,286b4de2c19ae4869ad610ac330ee61c,2535725
5607984,0e9b00bbfdb8c79b5c49e5af06c5889d,2535725
5607985,114ba1558a86bac9239ce05c8356676d,2535725
5609159,b404ebeab4bc86c87dbe4ea02b910c2f,2536062
5609748,601290c930242e83e8da4786f86383bc,2455633
5610666,09d60963f9bf9b4eeb7b918da8c3e58b,2396967
5610721,f4e4d1fda4e610f52b5bd8803e9c96a0,1923689
5610722,72b97eaefbbcffeeb5116c2b936ca9c3,1923689
5610825,a87265cd6295a6ad982c254d861e9344,2536605
5610826,5aeaa6181a0ced09fb529825de791d4d,2536605
5610827,a7cc63415cd79141497d01d1036387f1,2536605
5610829,f3ce11a41739327e7ced14efe67fcc38,2536605
5610843,7332ef55bd199a42f7a636266074903a,2536605
5610930,7dbace0b8452d4d17d891e0e29dc2b3b,2536648
5610931,1e66861fcc65aa7453754dd0fbecaaee,2536648
5610932,2be5bd0ec279bf294c48326719203022,2536648
5611379,4246e4d81e3294800b4d9bb48dc22374,2536810
5611380,b0d357d5f3ff501530786e29c3ed7f79,2536810
5611381,3e36d6ae66d9e6b125aa2012886519f1,2536810
5611382,8c8bf2d5fe4e017b27f03bb7c255fa15,2536810
5614321,befe6eafb65be6f97948bd3c5797345a,2537170
5614322,03e967e33ab2fb4cabb9b7d762c64422,2537170
5614821,a5f55ab89cf6c2514c124d1b0f6ee1c4,2400881
5615405,570f154d33e4d9c4dbcfb991af912c80,2537599
5615721,32216dcbdcb2f0f5aaa116f46226f447,2537709
5615858,b4de344658c0fc902f43c1a4059d8c42,2537768
5617174,70f16d8e849db65fbb86a6eda872ed76,2538293
5617175,0c2705139eccd7b0b719cc4ff87fc19f,2538293
5617176,9e1670a9f8c0d9590f95272587c6128e,2538293
5617177,24e7b0be807885e4981f71ef2c0aecc7,2538293
5617781,fc01e7ae652e97d39ec339e15c474aaa,2496007
5617784,dd380cf9212369775f64d83cdf4aa044,2496007
5617785,3c0e11b171a1842e21e7022e88a4b326,2496007
5618134,95903f7bf64d385419fe544ab8ff3e3a,2536605
5618672,25bed4ec70c9de9214efb50a99ef7b85,2178876
5618791,e23fde1a27f7afabe5bd7d46982fbb43,2538892
5618792,1f6b54f03f34557b703b5eb27f706e8e,2538892
5619185,7525b3f8ffa7802c97e6f386bd8a4a8e,2538971
5619298,66eed7c6386e5c490c39601e85d0acd3,2538996
5619508,b9f4481300956e67f96142ad0803f22c,2538892
5619660,07952e2f7c6bc4d9a8f3a5b025579d92,2539101
5619740,5df4de64df9536ac3edd61525554556d,2535257
5620003,f7bf78637b1eabbe85d3b2351420ff7d,2178876
5620073,1b18802c71fb490597a2d1599cd3eac4,2538996
5620076,cc6bde8f461eae2ebaa79c49c87f4f74,2538892
5620100,bb157741d065a46d877fac192042e8d4,2538892
5620144,0b79daea119ee135a5b932c12dd8e697,2538892
5620183,50fe725bcc90a511c22fe26df3831040,2539338
5620200,9bf019870dd66b3c67e379c2e9176377,2539345
5620209,837c380be52e14627ac86e8432349a27,2199104
5620235,48e52c644e762c9ea639eec0bbbb87ee,2538996
5620319,ce33edf7b6fb31f8c43c6cc9fd2acd3b,2538996
5620335,a95003461583871cc87f7117600caad9,2538996
5620401,d20184e06f0a31c5383ab6ce819721aa,2539438
5620679,f9da8f43f3b08358eaf51aec8f49c337,2539438
5620680,c3c7316c95a88d4374588aea1dd14693,2539438
5620683,34f24bd927e79f38dae558401c147207,2539438
5620684,b6332f1a9515256a1e058891b4f9fe32,2539438
5620685,fe5b1af44a2925fb1aed8adf91b85b05,2539438
5620689,f36b0f8d56eb62be0d61ec097b94b2d5,2539438
5620690,1fae41abb9a3dc1f0c7b11539952fb83,2539438
5620691,63cf039cd58a070d8c7dd12aff9f8bf5,2539438
5620693,fc489436d8bf472b6a7c2ed1e614322c,2539438
5620942,ad061195c35db7b93873087431584d0c,2539608
5621092,de027e24e09e391dbdb0d631f9dd0e02,2539679
5621178,c6fcc8c2a69ca1457c7967896e6db112,2539716
5621488,a297c626edaa6696891530f6d320903c,2539345
5621489,0675edad91d837b5ee7259113218248d,2539345
5621490,f3884ea24b4ccfafb2cc6ab3c6344c52,2539345
5621491,de046ea9de863f6af3b977d8f6d2a1d3,2539345
5621568,0039b44426da10b8fc1d3611329bbc5a,2538971
5621850,9cfba4b49439fb6f172ba818742136d6,2533221
5622127,4102ba56bdc26057841c905920f479bf,2539974
5622128,66ff18966f65fb6920b1fc22988f6942,2539974
5622129,1b41473eb245c0326c839467e67b03b9,2539974
5622130,b7aa9f957b6166a9d14aa5d259d3a011,2539974
5622520,803a110b7119bc9e3ac5179b93db6bf6,2540109
5622749,7bc945412650e92b6fad12006a75ebd3,2540169
5624295,726ded35480f6d6c4af59b994c86eef5,2496007
5624436,2ff1d84ce71b94eca39f7b820faf48a5,2540707
5624437,cd8bf4e04bce4f25669861590fa7d0a7,2540707
5625252,6f3c372a82da26a11dbab2a73cdaae8b,2540267
5625253,d253d7538814786f5474ff170181aab6,2540267
5625367,9441fad546994a84160f7398db21b0d4,2540935
5625368,4fb66f069b0146945f2b48788b53a7c4,2540935
5625369,94090deca8ff817e21e973019ca87064,2540935
5625370,a2873b37f64be57e7f14047899d7d508,2540935
5625371,72fa089a7dafb109b598a5cf437d141a,2540935
5625790,062c2123248e934f20abf41906af3711,2541052
5626171,ba4ed28c1e08c74e4f7b792cfcfcefc0,2541183
5626327,6c63bb50d5d0430cba616d9e56c295aa,2540707
5626562,7281a088495bac15ba1f5633a1ea535b,2541305
5626566,16a943061ea1f66462d9ac57fd1a93e8,2541305
5627056,67f4fdac7284181986a923e2949ee65a,2493125
5627678,a5a9a2abaf5849ec8769f51bee585cd5,2541052
5627679,f8da801274d482879eac71d831a6fd0b,2541052
5627800,2e22dc65041a7018ccf7f371ee58db14,2522384
5628000,bf70b6b8889155e007a051f1a1a0b1ae,2537170
5628059,acc8eca62cf5a265953518a5e9718299,2541848
5628060,f3df4756c9286384302f9850da882394,2541848
5628061,a3aadef2f7c709c7e3463f51892ae252,2541848
5628062,f5c8c5bf8ff4514815453d84b26889d9,2541848
5628063,55d87f0c8fa2c75390519299ed80ad0e,2541848
5628298,e98641f2b0588041a84d696348bb4ba2,2541937
5628779,abaa12c494af7f72981c3213b9c69d39,2467699
5629046,79b5c79c57434770b642bcf3dc4d9224,2542206
5629478,b379831b73cf355113cbbbae1dbc34f3,2542308
5629479,c66c12ad6605cfc3b0b709698468b7f6,2542308
5629654,27eb5b592ae25e64d18e30face188fe2,2542374
5629656,7d154e5b7923db70bfe8bfa481e38b52,2542374
5629658,7559f1cddd339837b902519f197c02b4,2542374
5629661,984c9121f9a25dbc3e474fd95c59b766,2542374
5629664,ccfded2173f96ac3c15a3328f25d10fe,2542374
5629931,91e97b85bed94ec84ed1a6ce08747b76,2538971
5630323,254bb44779fdec4849391e73d2314fab,2542664
5630324,f2827f177cdf693c9f2cec599ee79096,2542664
5630325,3b77510f27ef7095b7176d93038e1455,2542664
5630326,fc6c573cb383e9e4d3c861c739e1528e,2542664
5630362,32b19bc9f329c54a57d79fa948293650,2542686
5630478,bb192fdcce8cd9343adbea22dd197a00,2541937
5630480,ef296899b941be898757c5da40fd703f,2541937
5630876,f56b9fce30cbfae0ce8cc5a328323916,2492718
5630949,89dc433df519e538e3a568aa9f884432,2533221
5630951,68109f69c700e67536ced77a2a2eb9d4,2533221
5631482,ad263930c5cbdb557c025741f039184c,2543113
5631747,e5c5468a31d8d1c6177126c55df6c3fd,2543185
5631918,931f419ed31a3a9f36a945824f207274,2541937
5631919,de1be8c4e3acd96d7347871b1aef03bc,2541937
5631920,bacf338d1af1abd4556ca49de123a4e6,2541937
5632278,e3cfbcd489bb0102615c64590b4eec7a,2533762
5632732,ae0ed1246861893cad2057b78f989322,2543543
5632871,da69c2b67de5cf658d79e2ec1760052e,2541937
5632872,a0dc45de8760752abac90dd4b6f0e276,2541937
5632873,f8acae1d644c76f79d84cc1ea35fdb85,2541937
5632874,0b07037c8497334a045a422088cb1f7f,2541937
5633106,0a257b7a39c0b11fb98352f112c2f846,2543656
5633120,0e6a04144a6ed3f0e3c763bb3dceff72,2543663
5633301,028cc0013831d91318bf8bf43bc63b88,2543663
5633302,241720118a0a9e87d80aef4a95b0499c,2543663
5633303,943b6f81b617bc09007c4d0d8dc88f79,2543663
5633474,7a2bca3fd36a73c631b30c597325d911,2543797
5634005,83e188abec5f7bc4989f6d49ee9b8f95,2509435
5634327,8d3f1ba01b73bd9ad4e17de54120e1f0,2544108
5634539,5cfe9c651fb892aff8722bb36a693d2b,2515927
5634758,6cff1fc5806b7684dd1dacb53c6f5854,2541305
5634807,d392147ed7fa2ec071e1bca40c8b2b2d,2501706
5634907,b411a15d7ba5b85614515e128ecfaeb1,2538971
5635445,8cb97f4d6e8cb070f3733c4f39e86117,2544540
5635446,1ecb4ea507a4ae924cbbb6e1d01be43c,2544540
5635447,d964fba87450f4f01b0b76237b12d227,2544540
5635448,85e43f148bebaf4c20d311eeb06d06b9,2544540
5635914,5dc5bbcd03546caa9f322149618d371f,2537768
5635952,69f71cb7f5275ecc1fe5b40a1a9b64cf,2537768
5636206,ce2c82d9362121d177f28dac0313d667,2544770
5637461,23a64b541e64ed89069990cc2557dcb7,2526405
5637599,fd35d17814e19a032bf003f2e7275b1b,2174796
5637657,2de2bd04d2c26a6796fca65b0c01666b,2545184
5637658,a26ca158cc77683e2ae0893e2f37f69d,2545184
5637659,7bd9227ab4b7aa52403ca4e5c1850b8f,2545184
5637660,1aa7b08bb4d73cbdfdf3fa5a55dd5521,2545184
5637661,a7b372b1d2bce336f26f3623b309769f,2545184
5637662,d2977b49f5bb509347721006be2968d8,2545184
5637663,343c9d3d8d762ed1c7cc231900f9d8f4,2545184
5637687,24c3ebd7bc2e56de771f6c0a36d497cf,2545191
5637688,8be09042d1c9de72c587d20250d64aa9,2545191
5637723,b567c26d1c71c2e4c62d410e82e2130a,2545208
5638230,976ee79ba2f889ac550d77f3cd1b3854,2324275
5643458,98c99748982eed127c01d7d33454180b,2546686
5643835,3db723d07e7d27ef739c82bc7495d396,2546806
5643912,4bf2606252a8cab0d82e30bf2c4dcc34,2486779
5643954,3f115945fda7615a2c9fc5ab9cbd0a4a,2225653
5643955,b57a930c1e3287a6c519587142d2b6bb,2225653
5644872,00fb1eb0701d3275546ef89b8378cfc3,2545208
5645125,2c19c366ab67c3ebd4b3c9455823ee7e,2546806
5645865,d152ad404a18db5c6cc5d3d8dc5f3e63,2540169
5646385,8fea8051c4c7b23488bf8692acdc81c1,2240934
5646684,f76c9d91be541aa819158d13288d8a0b,2545208
5646704,6979b24e3f676e74d78518be68343760,2528060
5647450,7d064236a2119e379236aa627fed8fe0,2543113
5648545,b9cc3915e3e6e148d90f64d778a1aef7,1875866
5648546,7aab981e2a69a981eee112c89c9b7b2d,1875866
5649562,4a5a9cfa8f079c546a1a7d9dd8e890b6,2548471
5649590,3a831fc590e612946352eef63ea45424,2548485
5649677,2c586506ce9ba421b04122afd7234904,2523700
5649743,533675e8e3257061b84eb32360d72445,2523700
5650831,97856a5aafc11cf3b2c36ed7d2177205,2548855
5651529,5899cea70f5db3682e7c3fe62355168a,2425955
5652805,f3517fe4a5411285be26acb592bac243,2472360
5652932,a717685a1a7b6063cf68413163376f7d,2549278
5652934,c24ecdb681b5e308be4540aec8054775,2549279
5653575,7adb6d573cfe8fc903d7199ac4e3fbd5,2240934
5653576,ce7fd3d68711a069b8ccfda614c94199,2240934
5654565,68ef90e72fca13eb00c8f5470b61d7af,2549704
5655512,15dd47afcf361ee74f12f6e621db7216,2410227
5656184,346abea4f628d5bef73f35849f2e883c,2550171
5657443,171d3f366d839711bacfeafdd62ed49e,2549704
5658104,ee8d1d0b85736657f45b0bbcdfdd6a54,2491936
5658298,1fafe9c05ebe027e1470e67b54b3c518,2550836
5659166,0599043bdda0130d4de27f7573e60805,2540109
5659328,3c1a6ac82b16516db6d9bc8a82df7b8a,2551126
5659329,562166c1fc22be9edc1e7c0968ac6945,2551126
5659604,10cd337a0900cbd6ca665802e221e389,2521712
5659736,ab81fd46ed059703dbeb5df0630ce2ae,2551283
5659751,86464f9348a78f0dfd40a19c96018b0c,2496007
5659976,59d4e97a5751f45a13244f31e3dd58f6,2551350
5660028,656c929abe1694a849e391a22b2e4701,2551283
5660061,38fca48e68896fc620a96191e0cce867,2549704
5660062,98ed333fb484ab4a8291116ff21d33f1,2549704
5660073,52051da613e2a6bda649752c93784b9f,2551391
5660330,d0d5252815a16e6e9fddac32ee893349,2551467
5660708,c75f4a00fcfbef56a352b8fd60f386d5,2551283
5661194,79fb9afc5ff3f78862ae4f842279713d,2551283
5661343,4e1955079031d7d4e23fcf19371a9bce,2551742
5661365,c11bbac28ca022adba5675b674815bf2,2551467
5661366,a32aa910e4e0d2b1633d802419732070,2551467
5661367,b010f22ffb32e7487e0b8a13663f44d6,2551467
5661368,39ca0f343b094eaab1ec0bf9c48aed98,2551467
5661507,cc171a70a9efd94604e02cf78d0f073d,2529073
5662593,f12e3bf1b0c0c01b16c1bad595e53b4a,2546806
5662675,c8636a80109c2904ef14ee3a3aef98a5,2552201
5663233,b98f8a98f405e206308b16dd0150c667,2552361
5663522,5b325cdfe8e3666342a97a4a0a55dcb6,2552497
5663791,80b64a6866442178a1fbc64b9c402aec,2552559
5666210,1c19c8836f833895e70ef815a83b2210,2553092
5666358,be456c6b326cb01c0c8494698f52bc23,2553092
5666428,7f6d94903cf47bdf0bf4bf4c7172f4ef,2553140
5666429,ce1bac125047037b9e5646e23cbcf7b2,2553140
5666430,d5b7ab2039edb2a577ce3b4c1351da42,2553140
5668438,021806cccf49a3b0e444ad739c480caf,2553525
5669419,8c62bc076c0a730672d3d1dec84bdceb,2551467
5669740,f1321c3579e11b595f15ec2e62d7c776,2553755
5670127,4811c1dbe5b93416dfc8a6e7029e4b56,2549704
5670220,fb7631ad993eb4a325b0d2277f21a078,2515927
5670369,4dbcb7a73941c6c7a63dacf4a86f1abe,2553525
5670458,f0c7fcf3acac0f01c3cf9cc5fcd92b84,2533762
5670459,a8e1778d97c8d4465a85b542c6d2c636,2533762
5670460,4f5b423dcfee6bd4c7b00efcec639f1e,2533762
5670531,98ee9f19749f2a0ccbcf23fe2ce3182d,2553525
5670811,b47906ecdc26d9c45f802b4c5f0a86e1,2523660
5671944,1bfa688733a4f70e48d3fcedbf114c87,796825
5672910,c651e808253428d2e8da1beb2669d2b1,2553525
5672929,a7c05e408e7180f74bfcc452ba5d3fa0,2553525
5673006,6f515355cffc1ef8ab27100ddc118f10,2554595
5673007,032221f191d7a0b91e3675b8ca5fe215,2554595
5673345,04769de035257be1267a943704b1d5d6,2554595
5673559,98a12e103657e258472ad50b76da7b25,2554749
5673646,0e8ed4c22b91af38d8cb05078becb984,2554787
5673825,52f6276d8eb3e2cf7f68c21e573ad1d5,2554830
5674519,64d338f1edfa2da170a1bd425b7c2c98,2555103
5674640,74d68ae7bfef918268332778f4b4fe5d,2555143
5675104,7c532bfdbfa9dd7a5d4d431073a1803d,2555245
5675628,eee7e27e82b9fdba373bd756846b5fb4,2555375
5675687,ee0824074c3c1b79f9252bd6417ad1d0,2555395
5675724,8ab59844a12cbfc1e217d7b99cee042e,2555412
5675900,a6460912191ffae0e1d6fd76b21158e1,2555375
5675901,4b6b5f2207783bd864d0f2c92bd0ab27,2555375
5676532,687ed5741b1ddd4b32aa0442cb829f72,2555651
5676533,8b93e01c371e5070b791bee53558f6f3,2555651
5676534,9361e4c15ec34e3d3b82e6e488a6eb1e,2555651
5676535,a53333844d06575ff00f3ea921e2db7b,2555651
5676662,810f6815e2881a0d626931dbc5ab04bc,2555689
5676682,66700c517716ed3e4f49f6b93ee3885f,2555699
5676684,a91f43cdc456afe96ec1f6c57dbf41d1,2555699
5676685,8a4116f1faec448c7b72dc9878da2748,2555699
5676687,bde86f1efb69ef34be3a1a0b956c5de3,2555699
5676721,407d8e24013240b1141ec434d603c970,2555719
5676722,ffdf7f53950bb1863a64d5ff82743a3f,2555719
5676810,aa72d3e483b360d55667b0bf79d2d652,2555754
5676881,707f27d33effaf6694f1168af105a4e1,2515927
5676882,8c068fa92e0e9f2bca5ef7a44bab1169,2515927
5677394,bc50debc694395a71a12279e726cfc62,2555988
5677395,b168388836e208dbdd5d603771b7bae1,2555988
5677396,01039b776730be54bc662a5194cc494b,2555988
5677397,8119fb28af74b9445f4a685f8b09eec2,2555988
5677860,3a2fed8f5160eb78c0ac3143aa741b51,2515927
5677952,a452ae8eadca8835cb70af5222aedd33,2555689
5677959,a0f1cce2326867dd1ab4346347cce75c,2556183
5678889,46ab6772c8a3d312d4f173fe597f74e7,2527829
5679752,16c5ee1b348be98f5f46696696be3e8c,2555245
5680896,dcb9ce6d007efa4a32fca49cd8fe5691,2528075
5681303,3155df996273d7a9d2574b32b8a3bc57,2557325
5682257,464fd185060af70a2f21c85a7b1e8541,2424749
5682265,a384d98f09b31866ab2cbf32e9197159,2545191
5682489,be771063f6002b8ac1e80b603548285c,1780259
5682644,0e0235591fe803cbffe664ba11cff907,1780259
5683952,373ce5d485f97cb4dc59720f2d83bbdf,2557325
5684370,77a08bf0e635af18dd80749c66362eba,433249
5684430,2c6eedaed003fbe6298c9df944f26bef,2558358
5684431,e5879ab47337d55807ac38ca5cbb3532,2558358
5684432,1281ed284dd5d6dcebde0e1f0aed14c8,2558358
5684433,2dd3c31e840d93727dd63352f1af1fed,2558358
5685202,8aa9c556580253693a141cf5e5674d27,1502865
5685203,c1fad33cadebb8af7496acb83483852e,1502865
5685204,3369b7f2906f8ba07333926325a2a267,1502865
5685205,f403e5c81f149644d3a88ffd469b0ce0,1502865
5685206,7faef3fb4a0567f7b30796065affb4c2,1502865
5685207,1ef7666914e947aa1e88be81d1c3f62c,1502865
5685881,0b6530995faa63c9e71e403fbc9d9341,2515927
5686293,ecca5054dd56f3c9af4662e424f840c4,2534361
5687356,53327486cf2d0c3fc5682011b22df162,2559426
5687357,8cea734d0f8a23467a74bd583e9f31d7,2559426
5687358,91bb1f69bb64f1726df62b0491aca467,2559426
5687359,7813aa434cb45666ee3cd0ea3183b49c,2559426
5687360,fe463ec8ab3328b94eea6aea648538c1,2559426
5687376,4757b5ed028c529fcec806c25d85d846,2559435
5687485,f924b6a43996119bd827940042f08a7a,2555719
5687746,849b7d619fdeb17e1a647a849a5b37f9,2559592
5687747,439adb7a188b8c975c386ea2cb7380bf,2559592
5687748,052103fbbae5fe215695ab199c9b3542,2559592
5687749,272c330379de76f097fc6117e2b6a5af,2559592
5687750,5e4a9d9305b9581e36e34483f634f2cf,2559592
5687751,a2ece12d279858a1be0af12a083a320f,2559592
5687874,242aedcb3dfc262fb0855f788760132f,2555651
5688042,b31c125cacfe4217e0d834c4de751c91,2559688
5688043,4331241263bd5589b4356d5719e68ea1,2559688
5688044,8b26b83fddd8865fff9679ebf5d88eaa,2559688
5688045,41deda2ea5b02fe9be37cf380b6030c9,2559688
5688681,5c28fab74e849468d0a6fcc2d3dd259e,2556183
5688752,5a0509032af47b9191509233feed9621,2540109
5688756,06ed147f64341ffd904f7ce2900b2a7f,2559951
5689864,75af3a7c9a676e8e55fcd7796bd1563c,2560261
5689865,33e6b882ac53dcd82362a6b840d3af70,2560261
5689866,662582a6529972b9e9a9a630e7e9bf56,2560261
5690046,08f86b4db9cdbb955e427cf7a26e36ee,2560335
5690945,61f249890d0a3c64cdc27f9c5b596231,2555689
5691188,9fc0e81ef732f64e6ffca0b09814187b,2549289
5691726,8c851821058a7d6fc3524387d16afdd8,2541305
5691813,49668417fafeaafc4a3f4670aa10e66c,2560847
5691857,a7c7d0621d0d3dbdc5b78e0225aa18a0,2560847
5692874,562f06c73d94d5831136b13fd3397e2c,2560847
5693489,23f8b4420c0a5c878d5895a1c7957985,2560847
5694266,13340f5c1f2242b62975625f255961b3,2508317
5694855,18808644c5602764cc5a3ff81a7daad8,2557325
5694964,802cf6e37e24993a365d259c3715bb8f,2561773
5694965,f042fa38c6186d556e42dfcbf54d510a,2561773
5694966,d3c209a4084a2d096a05048b2d5542f1,2561773
5694967,7d77bafc8e56ce4fd0acf5619bca1cc0,2561773
5695244,5937c447f1562894203d03d39fcc9e19,2561883
5695377,b6ce99a423ffdd4c55ae20d383f6639d,2561939
5695378,e02aeb236593cb6e09144c7c3e30643e,2561939
5695815,a3d0d217730e4ad004282a5700ed342a,2562120
5695827,32b5ef6786325d3bd4fd3a02eff6938d,2561939
5695828,7233ecd1ecad0f5c6254c9ddddee3b5d,2561939
5695829,5c692ac3d6dae5e01b571f3c65d8b140,2561939
5695830,7783555e03d55e2a0e27c93da494f982,2561939
5695831,d5f898342cb7a798aa271502cb4ba20b,2561939
5696510,e9f02479002262ee5f6276e03357c178,2562120
5696573,6432e70d4920e010778ece2beb38af76,2562340
5696574,ca7c1fdc3164000639165216b6818dfe,2562340
5696575,cc37fe135ed66abca5d82588b2c3efa3,2562340
5697098,17c56ed9c221b45fae5937029551d38c,2562488
5697233,cf4a82a5c7d58fed1894e8f82509832f,2425501
5697515,d13ffa1fc0f47f34bf0cb6d57ba4f6f1,2562340
5697955,7344e44cf2b3fe5d7cadf744017223f3,2562207
5698415,c7862343ed7a07bb2de4a3e12d886451,2562960
5698963,ba1a8b0ba1e178347056d9b701c15b07,2537768
5699426,7c610cad94bc3af05f483a3cb0aefb21,2563364
5699428,119b9523b24ca5fd87d9863ac8b73a1b,2541052
5700266,e9b05b539fc48fc14aeffeeb3fff2ada,2563643
5700267,1a6750d252cad2dba79e9e4eca48c5c0,2563643
5700268,7b62df4a4dac241fd90d51491d1e7dab,2563643
5700269,c635b14d3eda9805ad3987a72a6ca6f2,2563643
5700655,0d15822539aba902e348d50ee65c9175,2563805
5700785,23a8b9a4f243d709d7044dca421cab76,2442615
5700845,7c440488595540b5ba04ea4fc1fb8d05,2563805
5701008,208895af10a58ee871eb6bca55c65f56,2563907
5701009,87b21ce4328698385f3c56665d649f77,2563907
5701010,4bdb340294561585ae19c3996be1ef7f,2563907
5701044,e5a63ecb253265c21c67b0a815ac67bf,2561883
5701351,26eed82fabe129c7a0129eecc6c2b339,2561883
5701810,85ebc219c7ed63984b350e046b136b37,2563805
5701826,82a56eb1159747823cb6b43c4de66aa9,2563805
5701997,2c0c8b9740b54fd98de8624d7366166d,2229950
5702164,634fc6a7f9a45ca136937b44757efbda,2545191
5702741,5a88ce514265bf97d42dc0e0fb8c0ec3,2562120
5702961,7d01d46b870bd787e1dcf4630f7da408,2564470
5703056,1c723b27f0e753f8a1c5056704c3dd38,2564470
5703057,3e97079bb508ff9c4d2e0d3e0c2606b7,2564470
5703188,34258f3881fc11d6a52f8d5593d979e2,2564540
5703241,f38e17740652b1610b26f6f4e97fd840,2564557
5703554,640185fddf63d5daa3615c96883c8fc7,2564540
5703555,c0d1021fa3d2f174ee62a5040e3569c7,2564540
5703556,12296c5845a0d6e6468d1e71b915e288,2564540
5704120,b9840f4eccd72be6a31846ddcc6fe7e7,2562120
5709680,7e436334c4144f2731a00942b63012a9,2557325
5709686,7734cb688c7df78d621b2fef0c45d60a,2561883
5710377,927c630b7d0f336b1468d8b9507f92c9,2566858
5711090,98e3dbdff7dbb0ef440502f3a538541f,2567048
5711091,1bd18ef558488103c755ccb22335165d,2567048
5711092,6454ab2658cada64db038e09a32a0262,2567048
5711093,19b707e0f7e146eb9199686eff5d64ed,2567048
5711588,040793b469e4f3861589e96b6d7bac1a,2564540
5712641,6149ec21834cb8039b20bb24b9fccc03,2567618
5712642,d402454cce6b19112eedb6271b7b1817,2567618
5714087,6bef5ed5fe734c53a4d88c7d5ecd5991,2557325
5714111,14565504f3ea183f52859104131e5887,2567115
5714146,99bb3177530952d99effc3bdc1ebeb21,2567115
5714147,d25295bb1abb6845350d1c65d3505a9f,2567115
5714148,a0ffb5dfdb680a97f01f6be36d180038,2567115
5715743,50e29d2560a08c8eef64d641d82e41d9,2568765
5715744,1a454af32b7113f0993f952b63f1e7a8,2568765
5715745,f770afb9c6df3f0a3fe0fbeac244545b,2568765
5715747,4749838efef10d73f4e2798f4c8c43e3,2568765
5715748,2fbc5f03d296c2f618724fe14018be4d,2568765
5716226,6e423f7cc4b17e0ec52415f35e0a1295,2561883
5716293,02a8e56a4948e39f4e42f354a40c5129,2568994
5716294,8ee5622f14cea6afcffec5fc52577f26,2568994
5716295,a50384de33fa01611fab72f9921201cc,2568994
5716296,04adc32ec38dc98b270a33d2de332739,2568994
5716297,baed26496efaaee830442f7d865afef2,2568994
5716518,34c36ebd9c8f06d00f4930997750eb96,2569079
5716519,760beb7d2d76b3c54b5527f45cf6fd5f,2569079
5716520,e0e4c1009986cca60b3ad5731f9b2574,2569079
5716916,3c50d8f84fd8246397c15a4df5b6c3b9,2528075
5717826,600d27ae6e9b76a6a113230705a67e4b,2528075
5717903,ed7b7a4b440c042d62c3c7e5b9ba8fbe,2505062
5718634,bdd8419c6463abdd1a3034071bc9cc08,2569825
5718937,a7d7b82b1a689d1d5129f06bf5ccd79d,2569938
5718938,43aabd77edbafc791477dad443052ba2,2569938
5720206,46a31c50dafb171e556f654e8b105bd0,2570403
5720207,619d3eaf3467e001fc9dd1793d22e126,2570403
5720208,8e22d40605e6ecb2fab14acb1dff3e29,2570403
5720209,793f4f726821c367e2a12594799677ce,2570403
5723393,ad06e0d89b86cf5528ffcd1361c31f83,1270995
5723394,71b9f672da7ecb311f196efb4cf6002b,1270995
5723395,a5ba53fb765d4db44e74cf772e7ea4d0,1270995
5723396,0db4f1b1245c7995e6bd4c3b0ed91a9d,1270995
5724567,e04e1317e41986d0d4bc84838ff987c7,2447985
5725150,075e218e5eaa05eb87077ba283538f39,2561883
5726040,76c3249a0d293a48ffbfdf0b3d34a3c8,2540109
5726094,4df2a79a27deb7f2f1d630d1c17f8a0d,2572295
5726769,91a6386caf0d4541a0d8170bf92a77b9,2569079
5729243,63d973335af894a74515541f35ee9a51,2573324
5730056,1b9b9f6f8452d392fec578a0dfc38b44,2153113
5730612,882ff4a1ed99d51b8795bcbe5a661375,2573821
5730715,99b1cf7eb0c4640b480c8ed5dc6a5a6d,2573847
5731633,01b43751b5477b124a75c4f4fbe2c2e1,2539679
5732767,86850646dce7978b877b74bd93fe1d46,2540109
5733608,cd8daaf81c147a02b870040e39c7c797,2574711
5733609,60c72582c9124e56c91241c9a31538e7,2574711
5733610,71772aa38f399378abf89f6349f26f95,2574711
5733942,31917f6959d369c8a3142cfc189c6c7f,2574828
5734076,1c32bbb16d22de1ed858d1f580482832,2574828
5735606,33a936fb1c909ad34f23175ea2b492b3,2574828
5735607,4ab0c7914b6fb52b3031392a66248195,2574828
5738417,2fe486d7c1cbd95ad7a23b78606e0386,2576176
5739107,2d121df008d221b4cd36bf68bfafa2c0,2576437
5742004,6fef462af2ad9b72eb056f4f38806964,2036133
5742394,0af216d73bcc2554422029b9bf3c1751,2577589
5742514,b3057de6ce89f1a9a290bbeaccc5ac57,2577628
5742828,e6cefeb7ef41e0d953c953d19eb2a585,1667815
5742829,46907d1409717012403ac15793015f28,1667815
5742830,1d7821884c167a15e14fc187e51ad874,1667815
5742831,164c24fe7d820af94d7ae4d5270269d5,1667815
5744942,e2736244b0b42606fef2f73af6c070d9,2578511
5744943,b1eba5bd0a280e451ab4ddd78993a69d,2578511
5745033,4d6406139109f1c4f49712c0f4d2bd8f,2578511
5745172,13b020e02453cb62861e17a42677c6b9,2578594
5745464,8a1f27a17066a00cd852be1551a7362f,2576044
5745465,d2200514fc8de1ed68dfef6113f12a84,2576044
5745466,e0948f578aa014d3fba624ce4fb04369,2576044
5745467,1b66e94b505ca309335dcc2349392f35,2576044
5745468,17ac003e710ed01727135fc3db73540e,2576044
5746068,c143dce96a1f5e68808d142e39a06527,2578823
5746368,acc232f450b62910b6d6a76d6ae902dd,2578885
5746369,0aba836acfe27c75e20e056410dc1bd3,2578885
5747761,2d52a1a3475f2df9400f72f29e228371,2555699
5748611,16a7673ef18148ec98cb479becbfe711,2579611
5748671,02e6c21a031dcd137d967c592aa10f8f,2579629
5751016,a4e300f1e368945687e34bc13fab7cae,2580517
5752245,7867bce16dffb1dd1c345e6d87d5deb6,2580819
5752246,6b86f05dcf119af661937ef7d7ecbfb3,2580819
5752499,5f87dd479240f3f82ecf4e5da81165e5,2580914
5754869,6f7a9f49d8e76835ec8ac9d993ebbb98,2581597
5754870,8e0f3edb77402519f3ec3021d3e233ce,2581597
5754871,b4394b8c6b5dc73f4cb42554e9cc927f,2581597
5754872,46045d1b58f4e06a78403f72c6586483,2581597
5754873,1094f92e6b0b517a5e9fe68ae2d7ff20,2581597
5757497,63be42ae3f7cd6ec6430a55c2f21a8c7,2582456
5757498,bf1c3715fedbeb97c4e4b33c2ea900ee,2582456
5757500,323ec02879df86ac3d682300322e15eb,2582456
5757502,813572ebc2fb156ab2c19c50980bdca6,2582456
5758779,c783f88bdd6b92680e6bbc06d785fdd4,2558358
5761168,2747f6a8d4d1356000506e4bd1e699b9,2583521
5761169,20dd4fba28924efb1b19887ef5322d16,2583521
5762096,78bbc9550337371a31c573fc28bcc863,2583521
5762097,d3672fb61b9ece9e957e364b8e380662,2583521
5762321,f7edf8c58617da46c9e179242cd66683,2583521
5763993,be200ea1d406661447393be90fd749e7,2583521
5764370,7e698993c7a36578ac0951ddbd15d2fd,2583521
5769353,72dc8295fd789a2bfda4f2a21f9f6309,2586507
5773651,d8c1ee5f1e4b47c41d65f87a6a0541ed,2588078
5773652,f37e0cbfd504cf021626310a1620bf76,2588078
5773653,1af220f7ae6f5eef3205f64979aa0a81,2588078
5773654,52fe6a43c7fa2c29d480d389b1752b17,2588078
5774352,fe0a4f4eec3f71e1ba0dc7999650c312,2588346
5774353,d505f13fe12c7d699df500303c504e53,2588346
5774354,8c17283b56a6e86b9bb6f13c72423377,2588346
5774355,2ccbca4809d7e785102f3a98bd729d35,2588346
5774832,f6d72853a33a5208ae6a6accc95fff82,2588509
5774896,44ae87b18e66f89b04536a801b3ccf97,2588509
5774933,46df01f579a18e6e04133764fd9e49f9,2588509
5775432,d8bc21fb42b547cf3494e7d54f41dbe4,2588771
5775433,184a18d43323912e081a0c1622847731,2588771
5775434,a23aa9de997c67869159abea7816eedf,2588771
5775435,160a748f0c619caa7a6d35fefe44dd50,2588771
5776213,7c1e314f0780097316b6a71c7b433bd1,2589079
5776929,9eb4dcad6f34052a928e4af698f50aa8,2589355
5777213,932079f50c80f72a1036c373536909eb,2589471
5777677,0970857c58648858b2f88df1418c7adb,2589624
5786956,85297bfdcf883ba5b6e19574598a2b81,2592373
5798859,290a47e994a6c427929c08715f073c5c,2595914
5798860,c1cd6d26708e666b365971c5d96ce31a,2595914
5799909,f34728aa4fe065010e519b8a95366892,2596119
5801082,8ead2c35c00ad4f01a0c88f2daeef42f,2595914
5802876,965c12433b3de7305259e85019d30f60,2597037
5802877,d58d1a399dba205f699eea56f4550194,2597037
5802878,e46340798586cfa1f4586bdf6dc9e585,2597037
5802879,1c7e4617611589bd0033410d19eee7f8,2597037
5802880,6b414b89375a95374cedc56c2446b478,2597037
5807245,dd07890737f45d2e074e77f3cc7c489a,2508317
5807246,f09160c0590bd73c62623a3d91cbced8,2508317
5807359,65c3e045d111bcfee017b163606a3103,2598394
5807361,2f544b9ac42ce5776fdfe468498db2d8,2598394
5807459,1b0a8d756b04f3c1762ced558ce4c8e9,2598432
5807478,5ceb692a4b8c39c4063ff6706420581b,2598441
5807801,46941d67caf3070e4c8549c401eff12f,2598587
5810126,30e2c90b7ce742e09a52dff36ec9519a,2599383
5810127,6e690ab9a75e39cf8073b8dded603727,2599383
5810215,8061233624f4f059c49ce6da100dd3ff,2599410
5810307,fc74f871fe403408b050c20ec222d92e,2599410
5810308,856cecfe1f11a21c61ca3a31e6e0fb39,2599410
5810309,46095e1cfafba93d07e031e15430c0a1,2599410
5810310,85c1c1e816084070792a92d14bb4e7b6,2599410
5810312,77e28d5b7de54ca79f9efd877f85c7dd,2599410
5812034,9447e569bbb18afc57f97bffe322d626,2599410
5812327,c67febb5877fca90167ecb70b37d0f08,2600104
5814362,c7fbb2376672db2b1d461b9c3633d29d,2600839
5814435,25d0b4b0e01aeeefe32485435e402663,2576044
5814436,73abf13bca3ec1baebfa2271a77d3315,2576044
5815230,4b25a241c360abf27e3e08fbb1b78ee7,2601060
5815231,c702d51934df89b779de761fc0bfc01c,2601060
5815232,8df8ce0b21d5a0ea06cd77d554854bbb,2601060
5815671,7e100187638c01ea6125f27476270bc9,2601169
5815672,e7f07f4e63f0956d02adc2e7d027f3a7,2601169
5815674,1a166e24a48dac74a2e7571506ee53a2,2601169
5816417,142abd13d08a42aca14bb0d1034f361a,2582456
5816469,c9b3f7b0c71afd20c90ffb1df572057e,2598432
5817916,2cc7bb5cd2b474ed6ee69cf34fbff07d,2454631
5821688,1560b774084b846907da3882378dd114,2603242
5821689,23e4c6ba3d4f5cbd18d738c9afbc320d,2603242
5829250,1a5be87f62b0527bce60512d33aed3a1,2598432
5832364,259f95e23c160f6365d7cfb031b29081,2601169
5838687,0fe0c2917ecde91a248b0d6ace199a81,2608197
5841585,91c39bc520b851ac541f4a81faaaba51,2601169
5843414,4346e5427ce96e43207c152bdd7ff96b,2601169
